{
    "2": {
        "precision": 1.0,
        "recall": 0.2653061224489796,
        "f1-score": 0.41935483870967744,
        "support": 49.0
    },
    "3": {
        "precision": 0.4691358024691358,
        "recall": 0.7755102040816326,
        "f1-score": 0.5846153846153846,
        "support": 49.0
    },
    "4": {
        "precision": 0.5076923076923077,
        "recall": 0.673469387755102,
        "f1-score": 0.5789473684210527,
        "support": 49.0
    },
    "5": {
        "precision": 0.5,
        "recall": 0.3673469387755102,
        "f1-score": 0.4235294117647059,
        "support": 49.0
    },
    "6": {
        "precision": 0.15384615384615385,
        "recall": 0.12244897959183673,
        "f1-score": 0.13636363636363635,
        "support": 49.0
    },
    "7": {
        "precision": 0.3333333333333333,
        "recall": 0.02040816326530612,
        "f1-score": 0.038461538461538464,
        "support": 49.0
    },
    "8": {
        "precision": 0.2302158273381295,
        "recall": 0.6530612244897959,
        "f1-score": 0.3404255319148936,
        "support": 49.0
    },
    "9": {
        "precision": 0.1875,
        "recall": 0.061224489795918366,
        "f1-score": 0.09230769230769231,
        "support": 49.0
    },
    "accuracy": 0.3673469387755102,
    "macro avg": {
        "precision": 0.4227154280848825,
        "recall": 0.36734693877551017,
        "f1-score": 0.32675067531982266,
        "support": 392.0
    },
    "weighted avg": {
        "precision": 0.4227154280848825,
        "recall": 0.3673469387755102,
        "f1-score": 0.32675067531982266,
        "support": 392.0
    }
}