{
    "1": {
        "precision": 0.18032786885245902,
        "recall": 0.9506172839506173,
        "f1-score": 0.3031496062992126,
        "support": 81.0
    },
    "2": {
        "precision": 0.2,
        "recall": 0.012345679012345678,
        "f1-score": 0.023255813953488372,
        "support": 81.0
    },
    "3": {
        "precision": 0.1,
        "recall": 0.012345679012345678,
        "f1-score": 0.02197802197802198,
        "support": 81.0
    },
    "4": {
        "precision": 0.2,
        "recall": 0.012345679012345678,
        "f1-score": 0.023255813953488372,
        "support": 81.0
    },
    "5": {
        "precision": 0.0,
        "recall": 0.0,
        "f1-score": 0.0,
        "support": 81.0
    },
    "6": {
        "precision": 0.0,
        "recall": 0.0,
        "f1-score": 0.0,
        "support": 81.0
    },
    "7": {
        "precision": 0.0,
        "recall": 0.0,
        "f1-score": 0.0,
        "support": 81.0
    },
    "8": {
        "precision": 0.23529411764705882,
        "recall": 0.7901234567901234,
        "f1-score": 0.3626062322946176,
        "support": 81.0
    },
    "9": {
        "precision": 0.0,
        "recall": 0.0,
        "f1-score": 0.0,
        "support": 81.0
    },
    "accuracy": 0.19753086419753085,
    "macro avg": {
        "precision": 0.1017357762777242,
        "recall": 0.19753086419753085,
        "f1-score": 0.08158283205320321,
        "support": 729.0
    },
    "weighted avg": {
        "precision": 0.10173577627772419,
        "recall": 0.19753086419753085,
        "f1-score": 0.08158283205320321,
        "support": 729.0
    }
}