{
    "1": {
        "precision": 0.2526690391459075,
        "recall": 0.8765432098765432,
        "f1-score": 0.39226519337016574,
        "support": 81.0
    },
    "2": {
        "precision": 0.8414634146341463,
        "recall": 0.8518518518518519,
        "f1-score": 0.8466257668711656,
        "support": 81.0
    },
    "3": {
        "precision": 0.7473684210526316,
        "recall": 0.8765432098765432,
        "f1-score": 0.8068181818181818,
        "support": 81.0
    },
    "4": {
        "precision": 0.7755102040816326,
        "recall": 0.4691358024691358,
        "f1-score": 0.5846153846153846,
        "support": 81.0
    },
    "5": {
        "precision": 0.5444444444444444,
        "recall": 0.6049382716049383,
        "f1-score": 0.5730994152046783,
        "support": 81.0
    },
    "6": {
        "precision": 0.47058823529411764,
        "recall": 0.09876543209876543,
        "f1-score": 0.16326530612244897,
        "support": 81.0
    },
    "7": {
        "precision": 0.40476190476190477,
        "recall": 0.41975308641975306,
        "f1-score": 0.4121212121212121,
        "support": 81.0
    },
    "8": {
        "precision": 0.4,
        "recall": 0.024691358024691357,
        "f1-score": 0.046511627906976744,
        "support": 81.0
    },
    "9": {
        "precision": 0.6153846153846154,
        "recall": 0.19753086419753085,
        "f1-score": 0.29906542056074764,
        "support": 81.0
    },
    "accuracy": 0.49108367626886146,
    "macro avg": {
        "precision": 0.5613544754221557,
        "recall": 0.49108367626886146,
        "f1-score": 0.4582652787323291,
        "support": 729.0
    },
    "weighted avg": {
        "precision": 0.5613544754221556,
        "recall": 0.49108367626886146,
        "f1-score": 0.4582652787323291,
        "support": 729.0
    }
}