{
    "2": {
        "precision": 1.0,
        "recall": 0.04081632653061224,
        "f1-score": 0.0784313725490196,
        "support": 49.0
    },
    "3": {
        "precision": 0.30303030303030304,
        "recall": 0.20408163265306123,
        "f1-score": 0.24390243902439024,
        "support": 49.0
    },
    "4": {
        "precision": 0.18352059925093633,
        "recall": 1.0,
        "f1-score": 0.310126582278481,
        "support": 49.0
    },
    "5": {
        "precision": 0.0,
        "recall": 0.0,
        "f1-score": 0.0,
        "support": 49.0
    },
    "6": {
        "precision": 0.0,
        "recall": 0.0,
        "f1-score": 0.0,
        "support": 49.0
    },
    "7": {
        "precision": 0.2,
        "recall": 0.02040816326530612,
        "f1-score": 0.037037037037037035,
        "support": 49.0
    },
    "8": {
        "precision": 0.0,
        "recall": 0.0,
        "f1-score": 0.0,
        "support": 49.0
    },
    "9": {
        "precision": 0.47058823529411764,
        "recall": 0.8163265306122449,
        "f1-score": 0.5970149253731343,
        "support": 49.0
    },
    "accuracy": 0.2602040816326531,
    "macro avg": {
        "precision": 0.26964239219691966,
        "recall": 0.2602040816326531,
        "f1-score": 0.15831404453275777,
        "support": 392.0
    },
    "weighted avg": {
        "precision": 0.2696423921969196,
        "recall": 0.2602040816326531,
        "f1-score": 0.15831404453275777,
        "support": 392.0
    }
}