{
    "2": {
        "precision": 1.0,
        "recall": 0.10204081632653061,
        "f1-score": 0.18518518518518517,
        "support": 49.0
    },
    "3": {
        "precision": 0.02702702702702703,
        "recall": 0.02040816326530612,
        "f1-score": 0.023255813953488372,
        "support": 49.0
    },
    "4": {
        "precision": 0.0,
        "recall": 0.0,
        "f1-score": 0.0,
        "support": 49.0
    },
    "5": {
        "precision": 0.23222748815165878,
        "recall": 1.0,
        "f1-score": 0.3769230769230769,
        "support": 49.0
    },
    "6": {
        "precision": 0.0,
        "recall": 0.0,
        "f1-score": 0.0,
        "support": 49.0
    },
    "7": {
        "precision": 0.0,
        "recall": 0.0,
        "f1-score": 0.0,
        "support": 49.0
    },
    "8": {
        "precision": 0.38144329896907214,
        "recall": 0.7551020408163265,
        "f1-score": 0.5068493150684932,
        "support": 49.0
    },
    "9": {
        "precision": 0.0,
        "recall": 0.0,
        "f1-score": 0.0,
        "support": 49.0
    },
    "accuracy": 0.23469387755102042,
    "macro avg": {
        "precision": 0.20508722676846974,
        "recall": 0.2346938775510204,
        "f1-score": 0.13652667389128045,
        "support": 392.0
    },
    "weighted avg": {
        "precision": 0.20508722676846972,
        "recall": 0.23469387755102042,
        "f1-score": 0.13652667389128045,
        "support": 392.0
    }
}