{
    "2": {
        "precision": 1.0,
        "recall": 0.9795918367346939,
        "f1-score": 0.9896907216494846,
        "support": 49.0
    },
    "3": {
        "precision": 0.5697674418604651,
        "recall": 1.0,
        "f1-score": 0.725925925925926,
        "support": 49.0
    },
    "4": {
        "precision": 0.6153846153846154,
        "recall": 0.32653061224489793,
        "f1-score": 0.4266666666666667,
        "support": 49.0
    },
    "5": {
        "precision": 0.7659574468085106,
        "recall": 0.7346938775510204,
        "f1-score": 0.75,
        "support": 49.0
    },
    "6": {
        "precision": 1.0,
        "recall": 0.7551020408163265,
        "f1-score": 0.8604651162790697,
        "support": 49.0
    },
    "7": {
        "precision": 0.3769230769230769,
        "recall": 1.0,
        "f1-score": 0.547486033519553,
        "support": 49.0
    },
    "8": {
        "precision": 0.0,
        "recall": 0.0,
        "f1-score": 0.0,
        "support": 49.0
    },
    "9": {
        "precision": 1.0,
        "recall": 0.3673469387755102,
        "f1-score": 0.5373134328358209,
        "support": 49.0
    },
    "accuracy": 0.6454081632653061,
    "macro avg": {
        "precision": 0.6660040726220835,
        "recall": 0.6454081632653061,
        "f1-score": 0.604693487109565,
        "support": 392.0
    },
    "weighted avg": {
        "precision": 0.6660040726220836,
        "recall": 0.6454081632653061,
        "f1-score": 0.6046934871095652,
        "support": 392.0
    }
}