{
    "2": {
        "precision": 1.0,
        "recall": 0.8367346938775511,
        "f1-score": 0.9111111111111111,
        "support": 49.0
    },
    "3": {
        "precision": 0.9354838709677419,
        "recall": 0.5918367346938775,
        "f1-score": 0.725,
        "support": 49.0
    },
    "4": {
        "precision": 0.6666666666666666,
        "recall": 0.8571428571428571,
        "f1-score": 0.75,
        "support": 49.0
    },
    "5": {
        "precision": 0.8695652173913043,
        "recall": 0.40816326530612246,
        "f1-score": 0.5555555555555556,
        "support": 49.0
    },
    "6": {
        "precision": 0.42857142857142855,
        "recall": 0.673469387755102,
        "f1-score": 0.5238095238095238,
        "support": 49.0
    },
    "7": {
        "precision": 0.7741935483870968,
        "recall": 0.4897959183673469,
        "f1-score": 0.6,
        "support": 49.0
    },
    "8": {
        "precision": 0.47058823529411764,
        "recall": 0.32653061224489793,
        "f1-score": 0.3855421686746988,
        "support": 49.0
    },
    "9": {
        "precision": 0.532608695652174,
        "recall": 1.0,
        "f1-score": 0.6950354609929078,
        "support": 49.0
    },
    "accuracy": 0.6479591836734694,
    "macro avg": {
        "precision": 0.7097097078663162,
        "recall": 0.6479591836734694,
        "f1-score": 0.6432567275179746,
        "support": 392.0
    },
    "weighted avg": {
        "precision": 0.7097097078663163,
        "recall": 0.6479591836734694,
        "f1-score": 0.6432567275179747,
        "support": 392.0
    }
}