{
    "1": {
        "precision": 1.0,
        "recall": 1.0,
        "f1-score": 1.0,
        "support": 81.0
    },
    "2": {
        "precision": 0.7777777777777778,
        "recall": 0.25925925925925924,
        "f1-score": 0.3888888888888889,
        "support": 81.0
    },
    "3": {
        "precision": 0.39520958083832336,
        "recall": 0.8148148148148148,
        "f1-score": 0.532258064516129,
        "support": 81.0
    },
    "4": {
        "precision": 0.42168674698795183,
        "recall": 0.43209876543209874,
        "f1-score": 0.4268292682926829,
        "support": 81.0
    },
    "5": {
        "precision": 0.21428571428571427,
        "recall": 0.1111111111111111,
        "f1-score": 0.14634146341463414,
        "support": 81.0
    },
    "6": {
        "precision": 0.22413793103448276,
        "recall": 0.16049382716049382,
        "f1-score": 0.18705035971223022,
        "support": 81.0
    },
    "7": {
        "precision": 1.0,
        "recall": 0.024691358024691357,
        "f1-score": 0.04819277108433735,
        "support": 81.0
    },
    "8": {
        "precision": 0.25,
        "recall": 0.5308641975308642,
        "f1-score": 0.33992094861660077,
        "support": 81.0
    },
    "9": {
        "precision": 0.23711340206185566,
        "recall": 0.2839506172839506,
        "f1-score": 0.25842696629213485,
        "support": 81.0
    },
    "accuracy": 0.401920438957476,
    "macro avg": {
        "precision": 0.5022456836651229,
        "recall": 0.401920438957476,
        "f1-score": 0.36976763675751534,
        "support": 729.0
    },
    "weighted avg": {
        "precision": 0.5022456836651229,
        "recall": 0.401920438957476,
        "f1-score": 0.3697676367575153,
        "support": 729.0
    }
}