{
    "2": {
        "precision": 0.8225806451612904,
        "recall": 0.864406779661017,
        "f1-score": 0.8429752066115702,
        "support": 59.0
    },
    "3": {
        "precision": 0.7903225806451613,
        "recall": 0.8166666666666667,
        "f1-score": 0.8032786885245902,
        "support": 60.0
    },
    "4": {
        "precision": 0.7333333333333333,
        "recall": 0.7333333333333333,
        "f1-score": 0.7333333333333333,
        "support": 60.0
    },
    "5": {
        "precision": 0.7692307692307693,
        "recall": 0.6666666666666666,
        "f1-score": 0.7142857142857143,
        "support": 60.0
    },
    "6": {
        "precision": 0.5714285714285714,
        "recall": 0.7586206896551724,
        "f1-score": 0.6518518518518519,
        "support": 58.0
    },
    "7": {
        "precision": 0.5094339622641509,
        "recall": 0.48214285714285715,
        "f1-score": 0.4954128440366973,
        "support": 56.0
    },
    "8": {
        "precision": 0.5869565217391305,
        "recall": 0.4576271186440678,
        "f1-score": 0.5142857142857142,
        "support": 59.0
    },
    "9": {
        "precision": 0.7727272727272727,
        "recall": 0.576271186440678,
        "f1-score": 0.6601941747572816,
        "support": 59.0
    },
    "micro avg": {
        "precision": 0.6929824561403509,
        "recall": 0.6709129511677282,
        "f1-score": 0.6817691477885652,
        "support": 471.0
    },
    "macro avg": {
        "precision": 0.69450170706621,
        "recall": 0.6694669122763073,
        "f1-score": 0.6769521909608442,
        "support": 471.0
    },
    "weighted avg": {
        "precision": 0.6963863311257736,
        "recall": 0.6709129511677282,
        "f1-score": 0.6786289628146499,
        "support": 471.0
    },
    "accuracy": 0.6709129511677282
}