{
    "2": {
        "precision": 1.0,
        "recall": 1.0,
        "f1-score": 1.0,
        "support": 49.0
    },
    "3": {
        "precision": 1.0,
        "recall": 1.0,
        "f1-score": 1.0,
        "support": 49.0
    },
    "4": {
        "precision": 0.98,
        "recall": 1.0,
        "f1-score": 0.98989898989899,
        "support": 49.0
    },
    "5": {
        "precision": 1.0,
        "recall": 0.6938775510204082,
        "f1-score": 0.8192771084337349,
        "support": 49.0
    },
    "6": {
        "precision": 0.9111111111111111,
        "recall": 0.8367346938775511,
        "f1-score": 0.8723404255319149,
        "support": 49.0
    },
    "7": {
        "precision": 0.6607142857142857,
        "recall": 0.7551020408163265,
        "f1-score": 0.7047619047619048,
        "support": 49.0
    },
    "8": {
        "precision": 0.0,
        "recall": 0.0,
        "f1-score": 0.0,
        "support": 49.0
    },
    "9": {
        "precision": 0.45794392523364486,
        "recall": 1.0,
        "f1-score": 0.6282051282051282,
        "support": 49.0
    },
    "accuracy": 0.7857142857142857,
    "macro avg": {
        "precision": 0.7512211652573801,
        "recall": 0.7857142857142857,
        "f1-score": 0.7518104446039591,
        "support": 392.0
    },
    "weighted avg": {
        "precision": 0.7512211652573801,
        "recall": 0.7857142857142857,
        "f1-score": 0.7518104446039591,
        "support": 392.0
    }
}