{
    "1": {
        "precision": 0.8727272727272727,
        "recall": 0.9876543209876543,
        "f1-score": 0.9266409266409267,
        "support": 243.0
    },
    "2": {
        "precision": 0.7420634920634921,
        "recall": 0.7695473251028807,
        "f1-score": 0.7555555555555555,
        "support": 243.0
    },
    "3": {
        "precision": 0.5024154589371981,
        "recall": 0.4279835390946502,
        "f1-score": 0.4622222222222222,
        "support": 243.0
    },
    "4": {
        "precision": 0.39080459770114945,
        "recall": 0.41975308641975306,
        "f1-score": 0.40476190476190477,
        "support": 243.0
    },
    "5": {
        "precision": 0.3074792243767313,
        "recall": 0.4567901234567901,
        "f1-score": 0.3675496688741722,
        "support": 243.0
    },
    "6": {
        "precision": 0.25630252100840334,
        "recall": 0.25102880658436216,
        "f1-score": 0.25363825363825365,
        "support": 243.0
    },
    "7": {
        "precision": 0.2526595744680851,
        "recall": 0.39094650205761317,
        "f1-score": 0.3069466882067851,
        "support": 243.0
    },
    "8": {
        "precision": 0.3475609756097561,
        "recall": 0.2345679012345679,
        "f1-score": 0.2800982800982801,
        "support": 243.0
    },
    "9": {
        "precision": 0.6037735849056604,
        "recall": 0.13168724279835392,
        "f1-score": 0.21621621621621623,
        "support": 243.0
    },
    "accuracy": 0.452217649748514,
    "macro avg": {
        "precision": 0.4750874113108609,
        "recall": 0.452217649748514,
        "f1-score": 0.44151441291270177,
        "support": 2187.0
    },
    "weighted avg": {
        "precision": 0.4750874113108609,
        "recall": 0.452217649748514,
        "f1-score": 0.44151441291270177,
        "support": 2187.0
    }
}