{
    "1": {
        "precision": 1.0,
        "recall": 1.0,
        "f1-score": 1.0,
        "support": 81.0
    },
    "2": {
        "precision": 0.9878048780487805,
        "recall": 1.0,
        "f1-score": 0.9938650306748467,
        "support": 81.0
    },
    "3": {
        "precision": 0.9746835443037974,
        "recall": 0.9506172839506173,
        "f1-score": 0.9625,
        "support": 81.0
    },
    "4": {
        "precision": 0.8351648351648352,
        "recall": 0.9382716049382716,
        "f1-score": 0.8837209302325582,
        "support": 81.0
    },
    "5": {
        "precision": 0.552,
        "recall": 0.8518518518518519,
        "f1-score": 0.6699029126213593,
        "support": 81.0
    },
    "6": {
        "precision": 0.4626865671641791,
        "recall": 0.38271604938271603,
        "f1-score": 0.4189189189189189,
        "support": 81.0
    },
    "7": {
        "precision": 0.3383458646616541,
        "recall": 0.5555555555555556,
        "f1-score": 0.4205607476635514,
        "support": 81.0
    },
    "8": {
        "precision": 0.16417910447761194,
        "recall": 0.13580246913580246,
        "f1-score": 0.14864864864864866,
        "support": 81.0
    },
    "9": {
        "precision": 1.0,
        "recall": 0.04938271604938271,
        "f1-score": 0.09411764705882353,
        "support": 81.0
    },
    "accuracy": 0.6515775034293553,
    "macro avg": {
        "precision": 0.7016516437578731,
        "recall": 0.6515775034293553,
        "f1-score": 0.6213594262020785,
        "support": 729.0
    },
    "weighted avg": {
        "precision": 0.701651643757873,
        "recall": 0.6515775034293553,
        "f1-score": 0.6213594262020786,
        "support": 729.0
    }
}