{
    "1": {
        "precision": 1.0,
        "recall": 1.0,
        "f1-score": 1.0,
        "support": 81.0
    },
    "2": {
        "precision": 0.9759036144578314,
        "recall": 1.0,
        "f1-score": 0.9878048780487805,
        "support": 81.0
    },
    "3": {
        "precision": 0.8953488372093024,
        "recall": 0.9506172839506173,
        "f1-score": 0.9221556886227545,
        "support": 81.0
    },
    "4": {
        "precision": 0.8275862068965517,
        "recall": 0.8888888888888888,
        "f1-score": 0.8571428571428571,
        "support": 81.0
    },
    "5": {
        "precision": 0.7444444444444445,
        "recall": 0.8271604938271605,
        "f1-score": 0.783625730994152,
        "support": 81.0
    },
    "6": {
        "precision": 0.6829268292682927,
        "recall": 0.691358024691358,
        "f1-score": 0.6871165644171779,
        "support": 81.0
    },
    "7": {
        "precision": 0.5647058823529412,
        "recall": 0.5925925925925926,
        "f1-score": 0.5783132530120482,
        "support": 81.0
    },
    "8": {
        "precision": 0.5964912280701754,
        "recall": 0.41975308641975306,
        "f1-score": 0.4927536231884058,
        "support": 81.0
    },
    "9": {
        "precision": 0.7258064516129032,
        "recall": 0.5555555555555556,
        "f1-score": 0.6293706293706294,
        "support": 81.0
    },
    "micro avg": {
        "precision": 0.7868162692847125,
        "recall": 0.7695473251028807,
        "f1-score": 0.7780859916782247,
        "support": 729.0
    },
    "macro avg": {
        "precision": 0.7792459438124937,
        "recall": 0.7695473251028806,
        "f1-score": 0.7709203583107561,
        "support": 729.0
    },
    "weighted avg": {
        "precision": 0.7792459438124936,
        "recall": 0.7695473251028807,
        "f1-score": 0.7709203583107561,
        "support": 729.0
    },
    "accuracy": 0.7695473251028807
}