{
    "2": {
        "precision": 1.0,
        "recall": 1.0,
        "f1-score": 1.0,
        "support": 49.0
    },
    "3": {
        "precision": 1.0,
        "recall": 0.9591836734693877,
        "f1-score": 0.9791666666666666,
        "support": 49.0
    },
    "4": {
        "precision": 0.96,
        "recall": 0.9795918367346939,
        "f1-score": 0.9696969696969697,
        "support": 49.0
    },
    "5": {
        "precision": 0.9615384615384616,
        "recall": 0.5102040816326531,
        "f1-score": 0.6666666666666666,
        "support": 49.0
    },
    "6": {
        "precision": 0.6805555555555556,
        "recall": 1.0,
        "f1-score": 0.8099173553719008,
        "support": 49.0
    },
    "7": {
        "precision": 0.8717948717948718,
        "recall": 0.6938775510204082,
        "f1-score": 0.7727272727272727,
        "support": 49.0
    },
    "8": {
        "precision": 0.4,
        "recall": 0.16326530612244897,
        "f1-score": 0.2318840579710145,
        "support": 49.0
    },
    "9": {
        "precision": 0.5280898876404494,
        "recall": 0.9591836734693877,
        "f1-score": 0.6811594202898551,
        "support": 49.0
    },
    "accuracy": 0.7831632653061225,
    "macro avg": {
        "precision": 0.8002473470661673,
        "recall": 0.7831632653061225,
        "f1-score": 0.7639023011737932,
        "support": 392.0
    },
    "weighted avg": {
        "precision": 0.8002473470661673,
        "recall": 0.7831632653061225,
        "f1-score": 0.7639023011737932,
        "support": 392.0
    }
}