{
    "1": {
        "precision": 1.0,
        "recall": 1.0,
        "f1-score": 1.0,
        "support": 81.0
    },
    "2": {
        "precision": 1.0,
        "recall": 0.8518518518518519,
        "f1-score": 0.92,
        "support": 81.0
    },
    "3": {
        "precision": 0.75,
        "recall": 0.4074074074074074,
        "f1-score": 0.528,
        "support": 81.0
    },
    "4": {
        "precision": 0.35064935064935066,
        "recall": 0.3333333333333333,
        "f1-score": 0.34177215189873417,
        "support": 81.0
    },
    "5": {
        "precision": 0.36046511627906974,
        "recall": 0.38271604938271603,
        "f1-score": 0.3712574850299401,
        "support": 81.0
    },
    "6": {
        "precision": 0.375,
        "recall": 0.18518518518518517,
        "f1-score": 0.24793388429752067,
        "support": 81.0
    },
    "7": {
        "precision": 0.2578947368421053,
        "recall": 0.6049382716049383,
        "f1-score": 0.36162361623616235,
        "support": 81.0
    },
    "8": {
        "precision": 0.34234234234234234,
        "recall": 0.4691358024691358,
        "f1-score": 0.3958333333333333,
        "support": 81.0
    },
    "9": {
        "precision": 0.7741935483870968,
        "recall": 0.2962962962962963,
        "f1-score": 0.42857142857142855,
        "support": 81.0
    },
    "accuracy": 0.5034293552812071,
    "macro avg": {
        "precision": 0.5789494549444405,
        "recall": 0.5034293552812071,
        "f1-score": 0.5105546554852355,
        "support": 729.0
    },
    "weighted avg": {
        "precision": 0.5789494549444405,
        "recall": 0.5034293552812071,
        "f1-score": 0.5105546554852355,
        "support": 729.0
    }
}