{
    "1": {
        "precision": 0.013422818791946308,
        "recall": 0.04938271604938271,
        "f1-score": 0.021108179419525065,
        "support": 243.0
    },
    "2": {
        "precision": 0.32653061224489793,
        "recall": 0.3950617283950617,
        "f1-score": 0.3575418994413408,
        "support": 243.0
    },
    "3": {
        "precision": 0.31521739130434784,
        "recall": 0.35802469135802467,
        "f1-score": 0.3352601156069364,
        "support": 243.0
    },
    "4": {
        "precision": 0.42857142857142855,
        "recall": 0.012345679012345678,
        "f1-score": 0.024,
        "support": 243.0
    },
    "5": {
        "precision": 0.15195071868583163,
        "recall": 0.3045267489711934,
        "f1-score": 0.20273972602739726,
        "support": 243.0
    },
    "6": {
        "precision": 0.14285714285714285,
        "recall": 0.012345679012345678,
        "f1-score": 0.022727272727272728,
        "support": 243.0
    },
    "7": {
        "precision": 0.2608695652173913,
        "recall": 0.04938271604938271,
        "f1-score": 0.08304498269896193,
        "support": 243.0
    },
    "8": {
        "precision": 0.0,
        "recall": 0.0,
        "f1-score": 0.0,
        "support": 243.0
    },
    "9": {
        "precision": 0.41975308641975306,
        "recall": 0.27983539094650206,
        "f1-score": 0.3358024691358025,
        "support": 243.0
    },
    "accuracy": 0.1623228166438043,
    "macro avg": {
        "precision": 0.22879697378808217,
        "recall": 0.16232281664380432,
        "f1-score": 0.15358051611747076,
        "support": 2187.0
    },
    "weighted avg": {
        "precision": 0.22879697378808217,
        "recall": 0.1623228166438043,
        "f1-score": 0.15358051611747073,
        "support": 2187.0
    }
}