{
    "2": {
        "precision": 0.7971014492753623,
        "recall": 0.9322033898305084,
        "f1-score": 0.859375,
        "support": 59.0
    },
    "3": {
        "precision": 0.7611940298507462,
        "recall": 0.85,
        "f1-score": 0.8031496062992126,
        "support": 60.0
    },
    "4": {
        "precision": 0.7966101694915254,
        "recall": 0.7833333333333333,
        "f1-score": 0.7899159663865546,
        "support": 60.0
    },
    "5": {
        "precision": 0.7076923076923077,
        "recall": 0.7666666666666667,
        "f1-score": 0.736,
        "support": 60.0
    },
    "6": {
        "precision": 0.6101694915254238,
        "recall": 0.6206896551724138,
        "f1-score": 0.6153846153846154,
        "support": 58.0
    },
    "7": {
        "precision": 0.5909090909090909,
        "recall": 0.4642857142857143,
        "f1-score": 0.52,
        "support": 56.0
    },
    "8": {
        "precision": 0.5306122448979592,
        "recall": 0.4406779661016949,
        "f1-score": 0.48148148148148145,
        "support": 59.0
    },
    "9": {
        "precision": 0.675,
        "recall": 0.4576271186440678,
        "f1-score": 0.5454545454545454,
        "support": 59.0
    },
    "micro avg": {
        "precision": 0.6946902654867256,
        "recall": 0.6666666666666666,
        "f1-score": 0.6803900325027086,
        "support": 471.0
    },
    "macro avg": {
        "precision": 0.6836610979553019,
        "recall": 0.6644354805042999,
        "f1-score": 0.6688451518758012,
        "support": 471.0
    },
    "weighted avg": {
        "precision": 0.6848633502710922,
        "recall": 0.6666666666666666,
        "f1-score": 0.6705914918103596,
        "support": 471.0
    },
    "accuracy": 0.6666666666666666
}