{
    "2": {
        "precision": 1.0,
        "recall": 0.8571428571428571,
        "f1-score": 0.9230769230769231,
        "support": 49.0
    },
    "3": {
        "precision": 0.8571428571428571,
        "recall": 0.8571428571428571,
        "f1-score": 0.8571428571428571,
        "support": 49.0
    },
    "4": {
        "precision": 0.8541666666666666,
        "recall": 0.8367346938775511,
        "f1-score": 0.845360824742268,
        "support": 49.0
    },
    "5": {
        "precision": 0.8367346938775511,
        "recall": 0.8367346938775511,
        "f1-score": 0.8367346938775511,
        "support": 49.0
    },
    "6": {
        "precision": 0.6764705882352942,
        "recall": 0.46938775510204084,
        "f1-score": 0.5542168674698795,
        "support": 49.0
    },
    "7": {
        "precision": 0.46236559139784944,
        "recall": 0.8775510204081632,
        "f1-score": 0.6056338028169014,
        "support": 49.0
    },
    "8": {
        "precision": 0.4393939393939394,
        "recall": 0.5918367346938775,
        "f1-score": 0.5043478260869565,
        "support": 49.0
    },
    "9": {
        "precision": 1.0,
        "recall": 0.22448979591836735,
        "f1-score": 0.36666666666666664,
        "support": 49.0
    },
    "accuracy": 0.6938775510204082,
    "macro avg": {
        "precision": 0.7657842920892697,
        "recall": 0.6938775510204082,
        "f1-score": 0.6866475577350004,
        "support": 392.0
    },
    "weighted avg": {
        "precision": 0.7657842920892697,
        "recall": 0.6938775510204082,
        "f1-score": 0.6866475577350005,
        "support": 392.0
    }
}