{
    "1": {
        "precision": 0.9834710743801653,
        "recall": 0.9794238683127572,
        "f1-score": 0.9814432989690721,
        "support": 243.0
    },
    "2": {
        "precision": 0.8245614035087719,
        "recall": 0.7736625514403292,
        "f1-score": 0.7983014861995754,
        "support": 243.0
    },
    "3": {
        "precision": 0.48951048951048953,
        "recall": 0.2880658436213992,
        "f1-score": 0.3626943005181347,
        "support": 243.0
    },
    "4": {
        "precision": 0.2721518987341772,
        "recall": 0.17695473251028807,
        "f1-score": 0.2144638403990025,
        "support": 243.0
    },
    "5": {
        "precision": 0.2376237623762376,
        "recall": 0.09876543209876543,
        "f1-score": 0.13953488372093023,
        "support": 243.0
    },
    "6": {
        "precision": 0.10666666666666667,
        "recall": 0.06584362139917696,
        "f1-score": 0.08142493638676845,
        "support": 243.0
    },
    "7": {
        "precision": 0.0,
        "recall": 0.0,
        "f1-score": 0.0,
        "support": 243.0
    },
    "8": {
        "precision": 0.16326530612244897,
        "recall": 0.4279835390946502,
        "f1-score": 0.23636363636363636,
        "support": 243.0
    },
    "9": {
        "precision": 0.2495164410058027,
        "recall": 0.5308641975308642,
        "f1-score": 0.3394736842105263,
        "support": 243.0
    },
    "accuracy": 0.37128486511202563,
    "macro avg": {
        "precision": 0.36964078247830673,
        "recall": 0.3712848651120256,
        "f1-score": 0.3504111185297385,
        "support": 2187.0
    },
    "weighted avg": {
        "precision": 0.3696407824783067,
        "recall": 0.37128486511202563,
        "f1-score": 0.3504111185297385,
        "support": 2187.0
    }
}