{
    "2": {
        "precision": 1.0,
        "recall": 0.5102040816326531,
        "f1-score": 0.6756756756756757,
        "support": 49.0
    },
    "3": {
        "precision": 0.6666666666666666,
        "recall": 0.7755102040816326,
        "f1-score": 0.7169811320754716,
        "support": 49.0
    },
    "4": {
        "precision": 0.7837837837837838,
        "recall": 0.5918367346938775,
        "f1-score": 0.6744186046511628,
        "support": 49.0
    },
    "5": {
        "precision": 0.6744186046511628,
        "recall": 0.5918367346938775,
        "f1-score": 0.6304347826086957,
        "support": 49.0
    },
    "6": {
        "precision": 0.5921052631578947,
        "recall": 0.9183673469387755,
        "f1-score": 0.72,
        "support": 49.0
    },
    "7": {
        "precision": 0.7049180327868853,
        "recall": 0.8775510204081632,
        "f1-score": 0.7818181818181819,
        "support": 49.0
    },
    "8": {
        "precision": 0.43956043956043955,
        "recall": 0.8163265306122449,
        "f1-score": 0.5714285714285714,
        "support": 49.0
    },
    "9": {
        "precision": 1.0,
        "recall": 0.04081632653061224,
        "f1-score": 0.0784313725490196,
        "support": 49.0
    },
    "accuracy": 0.6403061224489796,
    "macro avg": {
        "precision": 0.7326815988258542,
        "recall": 0.6403061224489796,
        "f1-score": 0.6061485401008473,
        "support": 392.0
    },
    "weighted avg": {
        "precision": 0.732681598825854,
        "recall": 0.6403061224489796,
        "f1-score": 0.6061485401008473,
        "support": 392.0
    }
}