{
    "2": {
        "precision": 0.9970193740685543,
        "recall": 0.5688775510204082,
        "f1-score": 0.7244179750947483,
        "support": 1176.0
    },
    "3": {
        "precision": 0.5822050290135397,
        "recall": 0.7678571428571429,
        "f1-score": 0.6622662266226622,
        "support": 1176.0
    },
    "4": {
        "precision": 0.5672306322350846,
        "recall": 0.5416666666666666,
        "f1-score": 0.5541539799913006,
        "support": 1176.0
    },
    "5": {
        "precision": 0.49614791987673346,
        "recall": 0.5476190476190477,
        "f1-score": 0.5206143896523848,
        "support": 1176.0
    },
    "6": {
        "precision": 0.26432748538011697,
        "recall": 0.1921768707482993,
        "f1-score": 0.2225504677498769,
        "support": 1176.0
    },
    "7": {
        "precision": 0.35185185185185186,
        "recall": 0.016156462585034014,
        "f1-score": 0.030894308943089432,
        "support": 1176.0
    },
    "8": {
        "precision": 0.2612481857764877,
        "recall": 0.6122448979591837,
        "f1-score": 0.3662258392675483,
        "support": 1176.0
    },
    "9": {
        "precision": 0.2990909090909091,
        "recall": 0.27976190476190477,
        "f1-score": 0.28910369068541303,
        "support": 1176.0
    },
    "accuracy": 0.44079506802721086,
    "macro avg": {
        "precision": 0.4773901734116597,
        "recall": 0.4407950680272109,
        "f1-score": 0.4212783597508779,
        "support": 9408.0
    },
    "weighted avg": {
        "precision": 0.4773901734116597,
        "recall": 0.44079506802721086,
        "f1-score": 0.42127835975087796,
        "support": 9408.0
    }
}