{
    "1": {
        "precision": 1.0,
        "recall": 0.5802469135802469,
        "f1-score": 0.734375,
        "support": 81.0
    },
    "2": {
        "precision": 0.5853658536585366,
        "recall": 0.5925925925925926,
        "f1-score": 0.588957055214724,
        "support": 81.0
    },
    "3": {
        "precision": 0.6666666666666666,
        "recall": 0.6666666666666666,
        "f1-score": 0.6666666666666666,
        "support": 81.0
    },
    "4": {
        "precision": 0.6582278481012658,
        "recall": 0.6419753086419753,
        "f1-score": 0.65,
        "support": 81.0
    },
    "5": {
        "precision": 0.6911764705882353,
        "recall": 0.5802469135802469,
        "f1-score": 0.6308724832214765,
        "support": 81.0
    },
    "6": {
        "precision": 0.5583333333333333,
        "recall": 0.8271604938271605,
        "f1-score": 0.6666666666666666,
        "support": 81.0
    },
    "7": {
        "precision": 0.40816326530612246,
        "recall": 0.7407407407407407,
        "f1-score": 0.5263157894736842,
        "support": 81.0
    },
    "8": {
        "precision": 0.47368421052631576,
        "recall": 0.3333333333333333,
        "f1-score": 0.391304347826087,
        "support": 81.0
    },
    "9": {
        "precision": 0.8333333333333334,
        "recall": 0.49382716049382713,
        "f1-score": 0.6201550387596899,
        "support": 81.0
    },
    "accuracy": 0.6063100137174211,
    "macro avg": {
        "precision": 0.6527723312793121,
        "recall": 0.6063100137174211,
        "f1-score": 0.6083681164254439,
        "support": 729.0
    },
    "weighted avg": {
        "precision": 0.6527723312793121,
        "recall": 0.6063100137174211,
        "f1-score": 0.608368116425444,
        "support": 729.0
    }
}