{
    "1": {
        "precision": 0.0,
        "recall": 0.0,
        "f1-score": 0.0,
        "support": 243.0
    },
    "2": {
        "precision": 0.0,
        "recall": 0.0,
        "f1-score": 0.0,
        "support": 243.0
    },
    "3": {
        "precision": 0.0,
        "recall": 0.0,
        "f1-score": 0.0,
        "support": 243.0
    },
    "4": {
        "precision": 0.0,
        "recall": 0.0,
        "f1-score": 0.0,
        "support": 243.0
    },
    "5": {
        "precision": 0.18478260869565216,
        "recall": 0.06995884773662552,
        "f1-score": 0.10149253731343283,
        "support": 243.0
    },
    "6": {
        "precision": 0.13122171945701358,
        "recall": 0.11934156378600823,
        "f1-score": 0.125,
        "support": 243.0
    },
    "7": {
        "precision": 0.016320474777448073,
        "recall": 0.04526748971193416,
        "f1-score": 0.023991275899672846,
        "support": 243.0
    },
    "8": {
        "precision": 0.16216216216216217,
        "recall": 0.2716049382716049,
        "f1-score": 0.20307692307692307,
        "support": 243.0
    },
    "9": {
        "precision": 0.21563682219419925,
        "recall": 0.7037037037037037,
        "f1-score": 0.3301158301158301,
        "support": 243.0
    },
    "accuracy": 0.13443072702331962,
    "macro avg": {
        "precision": 0.07890264303183059,
        "recall": 0.13443072702331962,
        "f1-score": 0.08707517404509543,
        "support": 2187.0
    },
    "weighted avg": {
        "precision": 0.07890264303183059,
        "recall": 0.13443072702331962,
        "f1-score": 0.08707517404509542,
        "support": 2187.0
    }
}