{
    "1": {
        "precision": 1.0,
        "recall": 1.0,
        "f1-score": 1.0,
        "support": 81.0
    },
    "2": {
        "precision": 0.9878048780487805,
        "recall": 1.0,
        "f1-score": 0.9938650306748467,
        "support": 81.0
    },
    "3": {
        "precision": 0.9518072289156626,
        "recall": 0.9753086419753086,
        "f1-score": 0.9634146341463414,
        "support": 81.0
    },
    "4": {
        "precision": 0.9487179487179487,
        "recall": 0.9135802469135802,
        "f1-score": 0.9308176100628931,
        "support": 81.0
    },
    "5": {
        "precision": 0.8961038961038961,
        "recall": 0.8518518518518519,
        "f1-score": 0.8734177215189873,
        "support": 81.0
    },
    "6": {
        "precision": 0.7866666666666666,
        "recall": 0.7283950617283951,
        "f1-score": 0.7564102564102564,
        "support": 81.0
    },
    "7": {
        "precision": 0.6555555555555556,
        "recall": 0.7283950617283951,
        "f1-score": 0.6900584795321637,
        "support": 81.0
    },
    "8": {
        "precision": 0.6031746031746031,
        "recall": 0.4691358024691358,
        "f1-score": 0.5277777777777778,
        "support": 81.0
    },
    "9": {
        "precision": 0.5974025974025974,
        "recall": 0.5679012345679012,
        "f1-score": 0.5822784810126582,
        "support": 81.0
    },
    "micro avg": {
        "precision": 0.830028328611898,
        "recall": 0.803840877914952,
        "f1-score": 0.8167247386759582,
        "support": 729.0
    },
    "macro avg": {
        "precision": 0.8252481527317457,
        "recall": 0.803840877914952,
        "f1-score": 0.8131155545706582,
        "support": 729.0
    },
    "weighted avg": {
        "precision": 0.8252481527317457,
        "recall": 0.803840877914952,
        "f1-score": 0.8131155545706583,
        "support": 729.0
    },
    "accuracy": 0.803840877914952
}