{
    "2": {
        "precision": 1.0,
        "recall": 0.5918367346938775,
        "f1-score": 0.7435897435897436,
        "support": 49.0
    },
    "3": {
        "precision": 0.7419354838709677,
        "recall": 0.9387755102040817,
        "f1-score": 0.8288288288288288,
        "support": 49.0
    },
    "4": {
        "precision": 0.8260869565217391,
        "recall": 0.7755102040816326,
        "f1-score": 0.8,
        "support": 49.0
    },
    "5": {
        "precision": 0.8043478260869565,
        "recall": 0.7551020408163265,
        "f1-score": 0.7789473684210526,
        "support": 49.0
    },
    "6": {
        "precision": 0.6363636363636364,
        "recall": 0.8571428571428571,
        "f1-score": 0.7304347826086957,
        "support": 49.0
    },
    "7": {
        "precision": 0.5,
        "recall": 0.6938775510204082,
        "f1-score": 0.5811965811965812,
        "support": 49.0
    },
    "8": {
        "precision": 0.35135135135135137,
        "recall": 0.5306122448979592,
        "f1-score": 0.42276422764227645,
        "support": 49.0
    },
    "9": {
        "precision": 0.0,
        "recall": 0.0,
        "f1-score": 0.0,
        "support": 49.0
    },
    "accuracy": 0.6428571428571429,
    "macro avg": {
        "precision": 0.6075106567743314,
        "recall": 0.6428571428571429,
        "f1-score": 0.6107201915358973,
        "support": 392.0
    },
    "weighted avg": {
        "precision": 0.6075106567743314,
        "recall": 0.6428571428571429,
        "f1-score": 0.6107201915358974,
        "support": 392.0
    }
}