{
    "1": {
        "precision": 1.0,
        "recall": 0.7160493827160493,
        "f1-score": 0.8345323741007195,
        "support": 81.0
    },
    "2": {
        "precision": 0.7195121951219512,
        "recall": 0.7283950617283951,
        "f1-score": 0.7239263803680982,
        "support": 81.0
    },
    "3": {
        "precision": 0.8051948051948052,
        "recall": 0.7654320987654321,
        "f1-score": 0.7848101265822784,
        "support": 81.0
    },
    "4": {
        "precision": 0.6976744186046512,
        "recall": 0.7407407407407407,
        "f1-score": 0.718562874251497,
        "support": 81.0
    },
    "5": {
        "precision": 0.6341463414634146,
        "recall": 0.6419753086419753,
        "f1-score": 0.6380368098159509,
        "support": 81.0
    },
    "6": {
        "precision": 0.4090909090909091,
        "recall": 0.6666666666666666,
        "f1-score": 0.5070422535211268,
        "support": 81.0
    },
    "7": {
        "precision": 0.17777777777777778,
        "recall": 0.2962962962962963,
        "f1-score": 0.2222222222222222,
        "support": 81.0
    },
    "8": {
        "precision": 0.19047619047619047,
        "recall": 0.09876543209876543,
        "f1-score": 0.13008130081300814,
        "support": 81.0
    },
    "9": {
        "precision": 0.4,
        "recall": 0.1728395061728395,
        "f1-score": 0.2413793103448276,
        "support": 81.0
    },
    "accuracy": 0.5363511659807956,
    "macro avg": {
        "precision": 0.5593191819699667,
        "recall": 0.5363511659807956,
        "f1-score": 0.5333992946688587,
        "support": 729.0
    },
    "weighted avg": {
        "precision": 0.5593191819699666,
        "recall": 0.5363511659807956,
        "f1-score": 0.5333992946688587,
        "support": 729.0
    }
}