{
    "1": {
        "precision": 1.0,
        "recall": 0.9835390946502057,
        "f1-score": 0.991701244813278,
        "support": 243.0
    },
    "2": {
        "precision": 0.9672131147540983,
        "recall": 0.7283950617283951,
        "f1-score": 0.8309859154929577,
        "support": 243.0
    },
    "3": {
        "precision": 0.32989690721649484,
        "recall": 0.13168724279835392,
        "f1-score": 0.18823529411764706,
        "support": 243.0
    },
    "4": {
        "precision": 0.08928571428571429,
        "recall": 0.06172839506172839,
        "f1-score": 0.072992700729927,
        "support": 243.0
    },
    "5": {
        "precision": 0.0972972972972973,
        "recall": 0.07407407407407407,
        "f1-score": 0.08411214953271028,
        "support": 243.0
    },
    "6": {
        "precision": 0.10362694300518134,
        "recall": 0.0823045267489712,
        "f1-score": 0.09174311926605505,
        "support": 243.0
    },
    "7": {
        "precision": 0.21021611001964635,
        "recall": 0.4403292181069959,
        "f1-score": 0.2845744680851064,
        "support": 243.0
    },
    "8": {
        "precision": 0.2776280323450135,
        "recall": 0.42386831275720166,
        "f1-score": 0.3355048859934853,
        "support": 243.0
    },
    "9": {
        "precision": 0.5413223140495868,
        "recall": 0.5390946502057613,
        "f1-score": 0.5402061855670103,
        "support": 243.0
    },
    "accuracy": 0.3850022862368541,
    "macro avg": {
        "precision": 0.4018318258858925,
        "recall": 0.38500228623685406,
        "f1-score": 0.38000621817757524,
        "support": 2187.0
    },
    "weighted avg": {
        "precision": 0.4018318258858925,
        "recall": 0.3850022862368541,
        "f1-score": 0.38000621817757524,
        "support": 2187.0
    }
}