{
    "1": {
        "precision": 1.0,
        "recall": 1.0,
        "f1-score": 1.0,
        "support": 81.0
    },
    "2": {
        "precision": 1.0,
        "recall": 1.0,
        "f1-score": 1.0,
        "support": 81.0
    },
    "3": {
        "precision": 1.0,
        "recall": 1.0,
        "f1-score": 1.0,
        "support": 81.0
    },
    "4": {
        "precision": 1.0,
        "recall": 1.0,
        "f1-score": 1.0,
        "support": 81.0
    },
    "5": {
        "precision": 0.8901098901098901,
        "recall": 1.0,
        "f1-score": 0.9418604651162791,
        "support": 81.0
    },
    "6": {
        "precision": 0.8536585365853658,
        "recall": 0.8641975308641975,
        "f1-score": 0.8588957055214724,
        "support": 81.0
    },
    "7": {
        "precision": 0.6868686868686869,
        "recall": 0.8395061728395061,
        "f1-score": 0.7555555555555555,
        "support": 81.0
    },
    "8": {
        "precision": 0.7391304347826086,
        "recall": 0.20987654320987653,
        "f1-score": 0.3269230769230769,
        "support": 81.0
    },
    "9": {
        "precision": 0.5230769230769231,
        "recall": 0.41975308641975306,
        "f1-score": 0.4657534246575342,
        "support": 81.0
    },
    "micro avg": {
        "precision": 0.868421052631579,
        "recall": 0.8148148148148148,
        "f1-score": 0.8407643312101911,
        "support": 729.0
    },
    "macro avg": {
        "precision": 0.8547604968248305,
        "recall": 0.8148148148148148,
        "f1-score": 0.8165542475304354,
        "support": 729.0
    },
    "weighted avg": {
        "precision": 0.8547604968248305,
        "recall": 0.8148148148148148,
        "f1-score": 0.8165542475304354,
        "support": 729.0
    },
    "accuracy": 0.8148148148148148
}