{
    "1": {
        "precision": 1.0,
        "recall": 1.0,
        "f1-score": 1.0,
        "support": 81.0
    },
    "2": {
        "precision": 1.0,
        "recall": 0.7777777777777778,
        "f1-score": 0.875,
        "support": 81.0
    },
    "3": {
        "precision": 0.7721518987341772,
        "recall": 0.7530864197530864,
        "f1-score": 0.7625,
        "support": 81.0
    },
    "4": {
        "precision": 0.6721311475409836,
        "recall": 0.5061728395061729,
        "f1-score": 0.5774647887323944,
        "support": 81.0
    },
    "5": {
        "precision": 0.5365853658536586,
        "recall": 0.5432098765432098,
        "f1-score": 0.5398773006134969,
        "support": 81.0
    },
    "6": {
        "precision": 0.3958333333333333,
        "recall": 0.2345679012345679,
        "f1-score": 0.29457364341085274,
        "support": 81.0
    },
    "7": {
        "precision": 0.391304347826087,
        "recall": 0.6666666666666666,
        "f1-score": 0.4931506849315068,
        "support": 81.0
    },
    "8": {
        "precision": 0.43333333333333335,
        "recall": 0.32098765432098764,
        "f1-score": 0.36879432624113473,
        "support": 81.0
    },
    "9": {
        "precision": 0.5689655172413793,
        "recall": 0.8148148148148148,
        "f1-score": 0.6700507614213198,
        "support": 81.0
    },
    "micro avg": {
        "precision": 0.625,
        "recall": 0.6241426611796982,
        "f1-score": 0.6245710363761153,
        "support": 729.0
    },
    "macro avg": {
        "precision": 0.6411449937625502,
        "recall": 0.6241426611796982,
        "f1-score": 0.6201568339278561,
        "support": 729.0
    },
    "weighted avg": {
        "precision": 0.6411449937625503,
        "recall": 0.6241426611796982,
        "f1-score": 0.6201568339278561,
        "support": 729.0
    },
    "accuracy": 0.6241426611796982
}