{
    "1": {
        "precision": 1.0,
        "recall": 0.6419753086419753,
        "f1-score": 0.7819548872180451,
        "support": 81.0
    },
    "2": {
        "precision": 0.7040816326530612,
        "recall": 0.8518518518518519,
        "f1-score": 0.770949720670391,
        "support": 81.0
    },
    "3": {
        "precision": 0.8641975308641975,
        "recall": 0.8641975308641975,
        "f1-score": 0.8641975308641975,
        "support": 81.0
    },
    "4": {
        "precision": 0.8690476190476191,
        "recall": 0.9012345679012346,
        "f1-score": 0.8848484848484849,
        "support": 81.0
    },
    "5": {
        "precision": 0.8641975308641975,
        "recall": 0.8641975308641975,
        "f1-score": 0.8641975308641975,
        "support": 81.0
    },
    "6": {
        "precision": 0.6696428571428571,
        "recall": 0.9259259259259259,
        "f1-score": 0.7772020725388601,
        "support": 81.0
    },
    "7": {
        "precision": 0.5851063829787234,
        "recall": 0.6790123456790124,
        "f1-score": 0.6285714285714286,
        "support": 81.0
    },
    "8": {
        "precision": 0.47959183673469385,
        "recall": 0.5802469135802469,
        "f1-score": 0.5251396648044693,
        "support": 81.0
    },
    "9": {
        "precision": 1.0,
        "recall": 0.35802469135802467,
        "f1-score": 0.5272727272727272,
        "support": 81.0
    },
    "accuracy": 0.7407407407407407,
    "macro avg": {
        "precision": 0.7817628211428166,
        "recall": 0.7407407407407408,
        "f1-score": 0.7360371164058669,
        "support": 729.0
    },
    "weighted avg": {
        "precision": 0.7817628211428166,
        "recall": 0.7407407407407407,
        "f1-score": 0.7360371164058669,
        "support": 729.0
    }
}