{
    "2": {
        "precision": 1.0,
        "recall": 0.9387755102040817,
        "f1-score": 0.968421052631579,
        "support": 49.0
    },
    "3": {
        "precision": 0.94,
        "recall": 0.9591836734693877,
        "f1-score": 0.9494949494949495,
        "support": 49.0
    },
    "4": {
        "precision": 0.9512195121951219,
        "recall": 0.7959183673469388,
        "f1-score": 0.8666666666666667,
        "support": 49.0
    },
    "5": {
        "precision": 0.7708333333333334,
        "recall": 0.7551020408163265,
        "f1-score": 0.7628865979381443,
        "support": 49.0
    },
    "6": {
        "precision": 0.717948717948718,
        "recall": 0.5714285714285714,
        "f1-score": 0.6363636363636364,
        "support": 49.0
    },
    "7": {
        "precision": 0.3951612903225806,
        "recall": 1.0,
        "f1-score": 0.5664739884393064,
        "support": 49.0
    },
    "8": {
        "precision": 0.0,
        "recall": 0.0,
        "f1-score": 0.0,
        "support": 49.0
    },
    "9": {
        "precision": 0.9302325581395349,
        "recall": 0.8163265306122449,
        "f1-score": 0.8695652173913043,
        "support": 49.0
    },
    "accuracy": 0.7295918367346939,
    "macro avg": {
        "precision": 0.7131744264924111,
        "recall": 0.7295918367346939,
        "f1-score": 0.7024840136156983,
        "support": 392.0
    },
    "weighted avg": {
        "precision": 0.713174426492411,
        "recall": 0.7295918367346939,
        "f1-score": 0.7024840136156982,
        "support": 392.0
    }
}