{
    "1": {
        "precision": 1.0,
        "recall": 1.0,
        "f1-score": 1.0,
        "support": 81.0
    },
    "2": {
        "precision": 1.0,
        "recall": 0.9135802469135802,
        "f1-score": 0.9548387096774194,
        "support": 81.0
    },
    "3": {
        "precision": 0.8933333333333333,
        "recall": 0.8271604938271605,
        "f1-score": 0.8589743589743589,
        "support": 81.0
    },
    "4": {
        "precision": 0.8068181818181818,
        "recall": 0.8765432098765432,
        "f1-score": 0.8402366863905325,
        "support": 81.0
    },
    "5": {
        "precision": 0.7931034482758621,
        "recall": 0.8518518518518519,
        "f1-score": 0.8214285714285714,
        "support": 81.0
    },
    "6": {
        "precision": 0.7727272727272727,
        "recall": 0.41975308641975306,
        "f1-score": 0.544,
        "support": 81.0
    },
    "7": {
        "precision": 0.4520547945205479,
        "recall": 0.8148148148148148,
        "f1-score": 0.5814977973568282,
        "support": 81.0
    },
    "8": {
        "precision": 0.45454545454545453,
        "recall": 0.43209876543209874,
        "f1-score": 0.4430379746835443,
        "support": 81.0
    },
    "9": {
        "precision": 0.7017543859649122,
        "recall": 0.49382716049382713,
        "f1-score": 0.5797101449275363,
        "support": 81.0
    },
    "accuracy": 0.7366255144032922,
    "macro avg": {
        "precision": 0.7638152079095071,
        "recall": 0.7366255144032922,
        "f1-score": 0.7359693603820879,
        "support": 729.0
    },
    "weighted avg": {
        "precision": 0.7638152079095072,
        "recall": 0.7366255144032922,
        "f1-score": 0.7359693603820877,
        "support": 729.0
    }
}