{
    "2": {
        "precision": 1.0,
        "recall": 0.9183673469387755,
        "f1-score": 0.9574468085106383,
        "support": 49.0
    },
    "3": {
        "precision": 0.9183673469387755,
        "recall": 0.9183673469387755,
        "f1-score": 0.9183673469387755,
        "support": 49.0
    },
    "4": {
        "precision": 0.9047619047619048,
        "recall": 0.7755102040816326,
        "f1-score": 0.8351648351648352,
        "support": 49.0
    },
    "5": {
        "precision": 0.6451612903225806,
        "recall": 0.40816326530612246,
        "f1-score": 0.5,
        "support": 49.0
    },
    "6": {
        "precision": 0.21875,
        "recall": 0.14285714285714285,
        "f1-score": 0.1728395061728395,
        "support": 49.0
    },
    "7": {
        "precision": 0.4260869565217391,
        "recall": 1.0,
        "f1-score": 0.5975609756097561,
        "support": 49.0
    },
    "8": {
        "precision": 0.0,
        "recall": 0.0,
        "f1-score": 0.0,
        "support": 49.0
    },
    "9": {
        "precision": 0.6025641025641025,
        "recall": 0.9591836734693877,
        "f1-score": 0.7401574803149606,
        "support": 49.0
    },
    "accuracy": 0.6403061224489796,
    "macro avg": {
        "precision": 0.5894614501386377,
        "recall": 0.6403061224489796,
        "f1-score": 0.5901921190889756,
        "support": 392.0
    },
    "weighted avg": {
        "precision": 0.5894614501386378,
        "recall": 0.6403061224489796,
        "f1-score": 0.5901921190889757,
        "support": 392.0
    }
}