{
    "2": {
        "precision": 1.0,
        "recall": 1.0,
        "f1-score": 1.0,
        "support": 49.0
    },
    "3": {
        "precision": 1.0,
        "recall": 0.9795918367346939,
        "f1-score": 0.9896907216494846,
        "support": 49.0
    },
    "4": {
        "precision": 0.98,
        "recall": 1.0,
        "f1-score": 0.98989898989899,
        "support": 49.0
    },
    "5": {
        "precision": 0.9459459459459459,
        "recall": 0.7142857142857143,
        "f1-score": 0.813953488372093,
        "support": 49.0
    },
    "6": {
        "precision": 0.7111111111111111,
        "recall": 0.6530612244897959,
        "f1-score": 0.6808510638297872,
        "support": 49.0
    },
    "7": {
        "precision": 0.5,
        "recall": 0.7142857142857143,
        "f1-score": 0.5882352941176471,
        "support": 49.0
    },
    "8": {
        "precision": 0.42592592592592593,
        "recall": 0.46938775510204084,
        "f1-score": 0.44660194174757284,
        "support": 49.0
    },
    "9": {
        "precision": 0.7435897435897436,
        "recall": 0.5918367346938775,
        "f1-score": 0.6590909090909091,
        "support": 49.0
    },
    "accuracy": 0.7653061224489796,
    "macro avg": {
        "precision": 0.7883215908215908,
        "recall": 0.7653061224489797,
        "f1-score": 0.7710403010883105,
        "support": 392.0
    },
    "weighted avg": {
        "precision": 0.7883215908215908,
        "recall": 0.7653061224489796,
        "f1-score": 0.7710403010883105,
        "support": 392.0
    }
}