{
    "1": {
        "precision": 1.0,
        "recall": 1.0,
        "f1-score": 1.0,
        "support": 81.0
    },
    "2": {
        "precision": 1.0,
        "recall": 0.9876543209876543,
        "f1-score": 0.9937888198757764,
        "support": 81.0
    },
    "3": {
        "precision": 0.948051948051948,
        "recall": 0.9012345679012346,
        "f1-score": 0.9240506329113924,
        "support": 81.0
    },
    "4": {
        "precision": 0.8222222222222222,
        "recall": 0.9135802469135802,
        "f1-score": 0.8654970760233918,
        "support": 81.0
    },
    "5": {
        "precision": 0.810126582278481,
        "recall": 0.7901234567901234,
        "f1-score": 0.8,
        "support": 81.0
    },
    "6": {
        "precision": 0.6530612244897959,
        "recall": 0.3950617283950617,
        "f1-score": 0.49230769230769234,
        "support": 81.0
    },
    "7": {
        "precision": 0.43790849673202614,
        "recall": 0.8271604938271605,
        "f1-score": 0.5726495726495726,
        "support": 81.0
    },
    "8": {
        "precision": 0.48484848484848486,
        "recall": 0.3950617283950617,
        "f1-score": 0.43537414965986393,
        "support": 81.0
    },
    "9": {
        "precision": 0.7037037037037037,
        "recall": 0.4691358024691358,
        "f1-score": 0.562962962962963,
        "support": 81.0
    },
    "accuracy": 0.7421124828532236,
    "macro avg": {
        "precision": 0.7622136291474069,
        "recall": 0.7421124828532236,
        "f1-score": 0.738514545154517,
        "support": 729.0
    },
    "weighted avg": {
        "precision": 0.7622136291474069,
        "recall": 0.7421124828532236,
        "f1-score": 0.738514545154517,
        "support": 729.0
    }
}