{
    "1": {
        "precision": 1.0,
        "recall": 1.0,
        "f1-score": 1.0,
        "support": 81.0
    },
    "2": {
        "precision": 1.0,
        "recall": 1.0,
        "f1-score": 1.0,
        "support": 81.0
    },
    "3": {
        "precision": 1.0,
        "recall": 1.0,
        "f1-score": 1.0,
        "support": 81.0
    },
    "4": {
        "precision": 1.0,
        "recall": 1.0,
        "f1-score": 1.0,
        "support": 81.0
    },
    "5": {
        "precision": 0.9418604651162791,
        "recall": 1.0,
        "f1-score": 0.9700598802395209,
        "support": 81.0
    },
    "6": {
        "precision": 0.7731958762886598,
        "recall": 0.9259259259259259,
        "f1-score": 0.8426966292134831,
        "support": 81.0
    },
    "7": {
        "precision": 0.8142857142857143,
        "recall": 0.7037037037037037,
        "f1-score": 0.7549668874172185,
        "support": 81.0
    },
    "8": {
        "precision": 0.6914893617021277,
        "recall": 0.8024691358024691,
        "f1-score": 0.7428571428571429,
        "support": 81.0
    },
    "9": {
        "precision": 0.8888888888888888,
        "recall": 0.19753086419753085,
        "f1-score": 0.32323232323232326,
        "support": 81.0
    },
    "micro avg": {
        "precision": 0.8969521044992743,
        "recall": 0.8477366255144033,
        "f1-score": 0.8716502115655853,
        "support": 729.0
    },
    "macro avg": {
        "precision": 0.9010800340312967,
        "recall": 0.8477366255144033,
        "f1-score": 0.8482014292177431,
        "support": 729.0
    },
    "weighted avg": {
        "precision": 0.9010800340312966,
        "recall": 0.8477366255144033,
        "f1-score": 0.8482014292177431,
        "support": 729.0
    },
    "accuracy": 0.8477366255144033
}