{
    "2": {
        "precision": 1.0,
        "recall": 0.9387755102040817,
        "f1-score": 0.968421052631579,
        "support": 49.0
    },
    "3": {
        "precision": 0.7313432835820896,
        "recall": 1.0,
        "f1-score": 0.8448275862068966,
        "support": 49.0
    },
    "4": {
        "precision": 1.0,
        "recall": 0.6938775510204082,
        "f1-score": 0.8192771084337349,
        "support": 49.0
    },
    "5": {
        "precision": 0.9423076923076923,
        "recall": 1.0,
        "f1-score": 0.9702970297029703,
        "support": 49.0
    },
    "6": {
        "precision": 0.975,
        "recall": 0.7959183673469388,
        "f1-score": 0.8764044943820225,
        "support": 49.0
    },
    "7": {
        "precision": 0.6438356164383562,
        "recall": 0.9591836734693877,
        "f1-score": 0.7704918032786885,
        "support": 49.0
    },
    "8": {
        "precision": 0.0,
        "recall": 0.0,
        "f1-score": 0.0,
        "support": 49.0
    },
    "9": {
        "precision": 0.6,
        "recall": 0.9795918367346939,
        "f1-score": 0.7441860465116279,
        "support": 49.0
    },
    "accuracy": 0.7959183673469388,
    "macro avg": {
        "precision": 0.7365608240410173,
        "recall": 0.7959183673469388,
        "f1-score": 0.74923814014344,
        "support": 392.0
    },
    "weighted avg": {
        "precision": 0.7365608240410173,
        "recall": 0.7959183673469388,
        "f1-score": 0.74923814014344,
        "support": 392.0
    }
}