{
    "1": {
        "precision": 0.0022935779816513763,
        "recall": 0.00411522633744856,
        "f1-score": 0.0029455081001472753,
        "support": 243.0
    },
    "2": {
        "precision": 0.3232876712328767,
        "recall": 0.48559670781893005,
        "f1-score": 0.3881578947368421,
        "support": 243.0
    },
    "3": {
        "precision": 0.5392491467576792,
        "recall": 0.6502057613168725,
        "f1-score": 0.5895522388059702,
        "support": 243.0
    },
    "4": {
        "precision": 0.30303030303030304,
        "recall": 0.12345679012345678,
        "f1-score": 0.17543859649122806,
        "support": 243.0
    },
    "5": {
        "precision": 0.42543859649122806,
        "recall": 0.7983539094650206,
        "f1-score": 0.5550786838340487,
        "support": 243.0
    },
    "6": {
        "precision": 0.0,
        "recall": 0.0,
        "f1-score": 0.0,
        "support": 243.0
    },
    "7": {
        "precision": 0.3192488262910798,
        "recall": 0.5596707818930041,
        "f1-score": 0.40657698056801195,
        "support": 243.0
    },
    "8": {
        "precision": 0.0,
        "recall": 0.0,
        "f1-score": 0.0,
        "support": 243.0
    },
    "9": {
        "precision": 0.5535714285714286,
        "recall": 0.2551440329218107,
        "f1-score": 0.3492957746478873,
        "support": 243.0
    },
    "accuracy": 0.3196159122085048,
    "macro avg": {
        "precision": 0.2740132833729163,
        "recall": 0.3196159122085048,
        "f1-score": 0.27411618635379287,
        "support": 2187.0
    },
    "weighted avg": {
        "precision": 0.2740132833729163,
        "recall": 0.3196159122085048,
        "f1-score": 0.27411618635379287,
        "support": 2187.0
    }
}