{
    "2": {
        "precision": 1.0,
        "recall": 1.0,
        "f1-score": 1.0,
        "support": 49.0
    },
    "3": {
        "precision": 0.9215686274509803,
        "recall": 0.9591836734693877,
        "f1-score": 0.94,
        "support": 49.0
    },
    "4": {
        "precision": 0.9148936170212766,
        "recall": 0.8775510204081632,
        "f1-score": 0.8958333333333334,
        "support": 49.0
    },
    "5": {
        "precision": 0.9285714285714286,
        "recall": 0.7959183673469388,
        "f1-score": 0.8571428571428571,
        "support": 49.0
    },
    "6": {
        "precision": 0.75,
        "recall": 0.9795918367346939,
        "f1-score": 0.8495575221238938,
        "support": 49.0
    },
    "7": {
        "precision": 1.0,
        "recall": 0.40816326530612246,
        "f1-score": 0.5797101449275363,
        "support": 49.0
    },
    "8": {
        "precision": 0.4657534246575342,
        "recall": 0.6938775510204082,
        "f1-score": 0.5573770491803278,
        "support": 49.0
    },
    "9": {
        "precision": 0.6086956521739131,
        "recall": 0.5714285714285714,
        "f1-score": 0.5894736842105263,
        "support": 49.0
    },
    "accuracy": 0.7857142857142857,
    "macro avg": {
        "precision": 0.8236853437343916,
        "recall": 0.7857142857142857,
        "f1-score": 0.7836368238648093,
        "support": 392.0
    },
    "weighted avg": {
        "precision": 0.8236853437343915,
        "recall": 0.7857142857142857,
        "f1-score": 0.7836368238648095,
        "support": 392.0
    }
}