{
    "1": {
        "precision": 1.0,
        "recall": 0.9958847736625515,
        "f1-score": 0.9979381443298969,
        "support": 243.0
    },
    "2": {
        "precision": 0.9819004524886877,
        "recall": 0.8930041152263375,
        "f1-score": 0.9353448275862069,
        "support": 243.0
    },
    "3": {
        "precision": 0.8614718614718615,
        "recall": 0.8189300411522634,
        "f1-score": 0.8396624472573839,
        "support": 243.0
    },
    "4": {
        "precision": 0.6710097719869706,
        "recall": 0.8477366255144033,
        "f1-score": 0.7490909090909091,
        "support": 243.0
    },
    "5": {
        "precision": 0.6666666666666666,
        "recall": 0.4773662551440329,
        "f1-score": 0.5563549160671463,
        "support": 243.0
    },
    "6": {
        "precision": 0.4959016393442623,
        "recall": 0.49794238683127573,
        "f1-score": 0.49691991786447637,
        "support": 243.0
    },
    "7": {
        "precision": 0.4101694915254237,
        "recall": 0.49794238683127573,
        "f1-score": 0.44981412639405205,
        "support": 243.0
    },
    "8": {
        "precision": 0.3918918918918919,
        "recall": 0.4773662551440329,
        "f1-score": 0.43042671614100186,
        "support": 243.0
    },
    "9": {
        "precision": 0.6384180790960452,
        "recall": 0.46502057613168724,
        "f1-score": 0.5380952380952381,
        "support": 243.0
    },
    "accuracy": 0.6634659350708734,
    "macro avg": {
        "precision": 0.6797144282746455,
        "recall": 0.6634659350708733,
        "f1-score": 0.6659608047584791,
        "support": 2187.0
    },
    "weighted avg": {
        "precision": 0.6797144282746456,
        "recall": 0.6634659350708734,
        "f1-score": 0.665960804758479,
        "support": 2187.0
    }
}