{
    "1": {
        "precision": 0.203125,
        "recall": 0.9629629629629629,
        "f1-score": 0.33548387096774196,
        "support": 81.0
    },
    "2": {
        "precision": 0.872093023255814,
        "recall": 0.9259259259259259,
        "f1-score": 0.8982035928143712,
        "support": 81.0
    },
    "3": {
        "precision": 0.5625,
        "recall": 0.8888888888888888,
        "f1-score": 0.6889952153110048,
        "support": 81.0
    },
    "4": {
        "precision": 0.7941176470588235,
        "recall": 0.3333333333333333,
        "f1-score": 0.46956521739130436,
        "support": 81.0
    },
    "5": {
        "precision": 0.5949367088607594,
        "recall": 0.5802469135802469,
        "f1-score": 0.5875,
        "support": 81.0
    },
    "6": {
        "precision": 0.0,
        "recall": 0.0,
        "f1-score": 0.0,
        "support": 81.0
    },
    "7": {
        "precision": 0.4117647058823529,
        "recall": 0.08641975308641975,
        "f1-score": 0.14285714285714285,
        "support": 81.0
    },
    "8": {
        "precision": 0.0,
        "recall": 0.0,
        "f1-score": 0.0,
        "support": 81.0
    },
    "9": {
        "precision": 0.0,
        "recall": 0.0,
        "f1-score": 0.0,
        "support": 81.0
    },
    "accuracy": 0.41975308641975306,
    "macro avg": {
        "precision": 0.3820596761175277,
        "recall": 0.41975308641975306,
        "f1-score": 0.3469561154823961,
        "support": 729.0
    },
    "weighted avg": {
        "precision": 0.3820596761175277,
        "recall": 0.41975308641975306,
        "f1-score": 0.3469561154823961,
        "support": 729.0
    }
}