{
    "2": {
        "precision": 1.0,
        "recall": 1.0,
        "f1-score": 1.0,
        "support": 49.0
    },
    "3": {
        "precision": 1.0,
        "recall": 0.9591836734693877,
        "f1-score": 0.9791666666666666,
        "support": 49.0
    },
    "4": {
        "precision": 0.9607843137254902,
        "recall": 1.0,
        "f1-score": 0.98,
        "support": 49.0
    },
    "5": {
        "precision": 1.0,
        "recall": 0.08163265306122448,
        "f1-score": 0.1509433962264151,
        "support": 49.0
    },
    "6": {
        "precision": 0.4666666666666667,
        "recall": 1.0,
        "f1-score": 0.6363636363636364,
        "support": 49.0
    },
    "7": {
        "precision": 0.5806451612903226,
        "recall": 0.7346938775510204,
        "f1-score": 0.6486486486486487,
        "support": 49.0
    },
    "8": {
        "precision": 0.4864864864864865,
        "recall": 0.3673469387755102,
        "f1-score": 0.4186046511627907,
        "support": 49.0
    },
    "9": {
        "precision": 0.8648648648648649,
        "recall": 0.6530612244897959,
        "f1-score": 0.7441860465116279,
        "support": 49.0
    },
    "accuracy": 0.7244897959183674,
    "macro avg": {
        "precision": 0.7949309366292289,
        "recall": 0.7244897959183674,
        "f1-score": 0.6947391306974732,
        "support": 392.0
    },
    "weighted avg": {
        "precision": 0.7949309366292289,
        "recall": 0.7244897959183674,
        "f1-score": 0.6947391306974732,
        "support": 392.0
    }
}