{
    "2": {
        "precision": 1.0,
        "recall": 1.0,
        "f1-score": 1.0,
        "support": 49.0
    },
    "3": {
        "precision": 0.9795918367346939,
        "recall": 0.9795918367346939,
        "f1-score": 0.9795918367346939,
        "support": 49.0
    },
    "4": {
        "precision": 0.9555555555555556,
        "recall": 0.8775510204081632,
        "f1-score": 0.9148936170212766,
        "support": 49.0
    },
    "5": {
        "precision": 0.8571428571428571,
        "recall": 0.7346938775510204,
        "f1-score": 0.7912087912087912,
        "support": 49.0
    },
    "6": {
        "precision": 0.723404255319149,
        "recall": 0.6938775510204082,
        "f1-score": 0.7083333333333334,
        "support": 49.0
    },
    "7": {
        "precision": 0.6923076923076923,
        "recall": 0.9183673469387755,
        "f1-score": 0.7894736842105263,
        "support": 49.0
    },
    "8": {
        "precision": 0.5333333333333333,
        "recall": 0.32653061224489793,
        "f1-score": 0.4050632911392405,
        "support": 49.0
    },
    "9": {
        "precision": 0.5846153846153846,
        "recall": 0.7755102040816326,
        "f1-score": 0.6666666666666666,
        "support": 49.0
    },
    "accuracy": 0.7882653061224489,
    "macro avg": {
        "precision": 0.7907438643760832,
        "recall": 0.7882653061224489,
        "f1-score": 0.781903902539316,
        "support": 392.0
    },
    "weighted avg": {
        "precision": 0.7907438643760832,
        "recall": 0.7882653061224489,
        "f1-score": 0.7819039025393161,
        "support": 392.0
    }
}