{
    "1": {
        "precision": 1.0,
        "recall": 0.6790123456790124,
        "f1-score": 0.8088235294117647,
        "support": 81.0
    },
    "2": {
        "precision": 0.7011494252873564,
        "recall": 0.7530864197530864,
        "f1-score": 0.7261904761904762,
        "support": 81.0
    },
    "3": {
        "precision": 0.7708333333333334,
        "recall": 0.9135802469135802,
        "f1-score": 0.8361581920903954,
        "support": 81.0
    },
    "4": {
        "precision": 0.8372093023255814,
        "recall": 0.8888888888888888,
        "f1-score": 0.8622754491017964,
        "support": 81.0
    },
    "5": {
        "precision": 0.7096774193548387,
        "recall": 0.8148148148148148,
        "f1-score": 0.7586206896551724,
        "support": 81.0
    },
    "6": {
        "precision": 0.43283582089552236,
        "recall": 0.7160493827160493,
        "f1-score": 0.5395348837209303,
        "support": 81.0
    },
    "7": {
        "precision": 0.17293233082706766,
        "recall": 0.2839506172839506,
        "f1-score": 0.21495327102803738,
        "support": 81.0
    },
    "8": {
        "precision": 0.0975609756097561,
        "recall": 0.04938271604938271,
        "f1-score": 0.06557377049180328,
        "support": 81.0
    },
    "9": {
        "precision": 0.75,
        "recall": 0.037037037037037035,
        "f1-score": 0.07058823529411765,
        "support": 81.0
    },
    "accuracy": 0.5706447187928669,
    "macro avg": {
        "precision": 0.6080220675148285,
        "recall": 0.570644718792867,
        "f1-score": 0.5425242774427215,
        "support": 729.0
    },
    "weighted avg": {
        "precision": 0.6080220675148285,
        "recall": 0.5706447187928669,
        "f1-score": 0.5425242774427215,
        "support": 729.0
    }
}