{
    "2": {
        "precision": 1.0,
        "recall": 1.0,
        "f1-score": 1.0,
        "support": 49.0
    },
    "3": {
        "precision": 1.0,
        "recall": 0.9591836734693877,
        "f1-score": 0.9791666666666666,
        "support": 49.0
    },
    "4": {
        "precision": 0.9607843137254902,
        "recall": 1.0,
        "f1-score": 0.98,
        "support": 49.0
    },
    "5": {
        "precision": 1.0,
        "recall": 0.5306122448979592,
        "f1-score": 0.6933333333333334,
        "support": 49.0
    },
    "6": {
        "precision": 0.6805555555555556,
        "recall": 1.0,
        "f1-score": 0.8099173553719008,
        "support": 49.0
    },
    "7": {
        "precision": 0.8947368421052632,
        "recall": 0.6938775510204082,
        "f1-score": 0.7816091954022989,
        "support": 49.0
    },
    "8": {
        "precision": 0.4,
        "recall": 0.16326530612244897,
        "f1-score": 0.2318840579710145,
        "support": 49.0
    },
    "9": {
        "precision": 0.5280898876404494,
        "recall": 0.9591836734693877,
        "f1-score": 0.6811594202898551,
        "support": 49.0
    },
    "accuracy": 0.7882653061224489,
    "macro avg": {
        "precision": 0.8080208248783448,
        "recall": 0.7882653061224489,
        "f1-score": 0.7696337536293836,
        "support": 392.0
    },
    "weighted avg": {
        "precision": 0.8080208248783448,
        "recall": 0.7882653061224489,
        "f1-score": 0.7696337536293836,
        "support": 392.0
    }
}