{
    "2": {
        "precision": 0.98,
        "recall": 1.0,
        "f1-score": 0.98989898989899,
        "support": 49.0
    },
    "3": {
        "precision": 0.9411764705882353,
        "recall": 0.9795918367346939,
        "f1-score": 0.96,
        "support": 49.0
    },
    "4": {
        "precision": 0.5974025974025974,
        "recall": 0.9387755102040817,
        "f1-score": 0.7301587301587301,
        "support": 49.0
    },
    "5": {
        "precision": 0.7407407407407407,
        "recall": 0.40816326530612246,
        "f1-score": 0.5263157894736842,
        "support": 49.0
    },
    "6": {
        "precision": 0.5797101449275363,
        "recall": 0.8163265306122449,
        "f1-score": 0.6779661016949152,
        "support": 49.0
    },
    "7": {
        "precision": 0.323943661971831,
        "recall": 0.46938775510204084,
        "f1-score": 0.38333333333333336,
        "support": 49.0
    },
    "8": {
        "precision": 0.23076923076923078,
        "recall": 0.061224489795918366,
        "f1-score": 0.0967741935483871,
        "support": 49.0
    },
    "9": {
        "precision": 1.0,
        "recall": 0.6938775510204082,
        "f1-score": 0.8192771084337349,
        "support": 49.0
    },
    "accuracy": 0.6709183673469388,
    "macro avg": {
        "precision": 0.6742178558000214,
        "recall": 0.6709183673469388,
        "f1-score": 0.6479655308177219,
        "support": 392.0
    },
    "weighted avg": {
        "precision": 0.6742178558000214,
        "recall": 0.6709183673469388,
        "f1-score": 0.6479655308177219,
        "support": 392.0
    }
}