{
    "1": {
        "precision": 0.9878048780487805,
        "recall": 1.0,
        "f1-score": 0.9938650306748467,
        "support": 81.0
    },
    "2": {
        "precision": 0.8787878787878788,
        "recall": 0.7160493827160493,
        "f1-score": 0.7891156462585034,
        "support": 81.0
    },
    "3": {
        "precision": 0.6341463414634146,
        "recall": 0.6419753086419753,
        "f1-score": 0.6380368098159509,
        "support": 81.0
    },
    "4": {
        "precision": 0.3673469387755102,
        "recall": 0.2222222222222222,
        "f1-score": 0.27692307692307694,
        "support": 81.0
    },
    "5": {
        "precision": 0.4067796610169492,
        "recall": 0.2962962962962963,
        "f1-score": 0.34285714285714286,
        "support": 81.0
    },
    "6": {
        "precision": 0.25,
        "recall": 0.12345679012345678,
        "f1-score": 0.1652892561983471,
        "support": 81.0
    },
    "7": {
        "precision": 0.0,
        "recall": 0.0,
        "f1-score": 0.0,
        "support": 81.0
    },
    "8": {
        "precision": 0.21212121212121213,
        "recall": 0.6049382716049383,
        "f1-score": 0.3141025641025641,
        "support": 81.0
    },
    "9": {
        "precision": 0.23529411764705882,
        "recall": 0.345679012345679,
        "f1-score": 0.28,
        "support": 81.0
    },
    "accuracy": 0.438957475994513,
    "macro avg": {
        "precision": 0.4413645586512005,
        "recall": 0.438957475994513,
        "f1-score": 0.4222432807589369,
        "support": 729.0
    },
    "weighted avg": {
        "precision": 0.44136455865120044,
        "recall": 0.438957475994513,
        "f1-score": 0.42224328075893686,
        "support": 729.0
    }
}