{
    "1": {
        "precision": 1.0,
        "recall": 1.0,
        "f1-score": 1.0,
        "support": 81.0
    },
    "2": {
        "precision": 1.0,
        "recall": 0.8148148148148148,
        "f1-score": 0.8979591836734694,
        "support": 81.0
    },
    "3": {
        "precision": 0.8051948051948052,
        "recall": 0.7654320987654321,
        "f1-score": 0.7848101265822784,
        "support": 81.0
    },
    "4": {
        "precision": 0.7361111111111112,
        "recall": 0.654320987654321,
        "f1-score": 0.6928104575163399,
        "support": 81.0
    },
    "5": {
        "precision": 0.581081081081081,
        "recall": 0.5308641975308642,
        "f1-score": 0.5548387096774193,
        "support": 81.0
    },
    "6": {
        "precision": 0.47368421052631576,
        "recall": 0.4444444444444444,
        "f1-score": 0.4585987261146497,
        "support": 81.0
    },
    "7": {
        "precision": 0.5,
        "recall": 0.5185185185185185,
        "f1-score": 0.509090909090909,
        "support": 81.0
    },
    "8": {
        "precision": 0.4657534246575342,
        "recall": 0.41975308641975306,
        "f1-score": 0.44155844155844154,
        "support": 81.0
    },
    "9": {
        "precision": 0.4246575342465753,
        "recall": 0.38271604938271603,
        "f1-score": 0.4025974025974026,
        "support": 81.0
    },
    "micro avg": {
        "precision": 0.6627218934911243,
        "recall": 0.6145404663923183,
        "f1-score": 0.6377224199288256,
        "support": 729.0
    },
    "macro avg": {
        "precision": 0.6651646852019358,
        "recall": 0.6145404663923183,
        "f1-score": 0.6380293285345455,
        "support": 729.0
    },
    "weighted avg": {
        "precision": 0.665164685201936,
        "recall": 0.6145404663923183,
        "f1-score": 0.6380293285345455,
        "support": 729.0
    },
    "accuracy": 0.6145404663923183
}