{
    "2": {
        "precision": 1.0,
        "recall": 0.8809523809523809,
        "f1-score": 0.9367088607594937,
        "support": 1176.0
    },
    "3": {
        "precision": 0.8607983623336745,
        "recall": 0.7151360544217688,
        "f1-score": 0.7812354853692522,
        "support": 1176.0
    },
    "4": {
        "precision": 0.679324894514768,
        "recall": 0.6845238095238095,
        "f1-score": 0.6819144430326133,
        "support": 1176.0
    },
    "5": {
        "precision": 0.6466616654163541,
        "recall": 0.7329931972789115,
        "f1-score": 0.6871263451574332,
        "support": 1176.0
    },
    "6": {
        "precision": 0.5750962772785623,
        "recall": 0.38095238095238093,
        "f1-score": 0.45831202046035807,
        "support": 1176.0
    },
    "7": {
        "precision": 0.41117216117216115,
        "recall": 0.7636054421768708,
        "f1-score": 0.5345238095238095,
        "support": 1176.0
    },
    "8": {
        "precision": 0.40746054519368724,
        "recall": 0.48299319727891155,
        "f1-score": 0.44202334630350193,
        "support": 1176.0
    },
    "9": {
        "precision": 0.823076923076923,
        "recall": 0.36394557823129253,
        "f1-score": 0.5047169811320755,
        "support": 1176.0
    },
    "accuracy": 0.6256377551020408,
    "macro avg": {
        "precision": 0.6754488536232662,
        "recall": 0.6256377551020408,
        "f1-score": 0.6283201614673172,
        "support": 9408.0
    },
    "weighted avg": {
        "precision": 0.6754488536232662,
        "recall": 0.6256377551020408,
        "f1-score": 0.6283201614673172,
        "support": 9408.0
    }
}