{
    "red_squares": {
        "accuracy": 0.5306122448979592
    },
    "green_squares": {
        "accuracy": 0.5331632653061225
    },
    "blue_squares": {
        "accuracy": 0.5867346938775511
    },
    "magenta_squares": {
        "accuracy": 0.5255102040816326
    },
    "yellow_squares": {
        "accuracy": 0.5229591836734694
    },
    "cyan_squares": {
        "accuracy": 0.42346938775510207
    },
    "red_circles": {
        "accuracy": 0.6938775510204082
    },
    "green_circles": {
        "accuracy": 0.625
    },
    "blue_circles": {
        "accuracy": 0.7602040816326531
    },
    "magenta_circles": {
        "accuracy": 0.7321428571428571
    },
    "yellow_circles": {
        "accuracy": 0.6530612244897959
    },
    "cyan_circles": {
        "accuracy": 0.6632653061224489
    },
    "red_triangles": {
        "accuracy": 0.7219387755102041
    },
    "green_triangles": {
        "accuracy": 0.6198979591836735
    },
    "blue_triangles": {
        "accuracy": 0.6913265306122449
    },
    "magenta_triangles": {
        "accuracy": 0.6607142857142857
    },
    "yellow_triangles": {
        "accuracy": 0.6403061224489796
    },
    "cyan_triangles": {
        "accuracy": 0.5382653061224489
    },
    "red_stars": {
        "accuracy": 0.6632653061224489
    },
    "green_stars": {
        "accuracy": 0.6709183673469388
    },
    "blue_stars": {
        "accuracy": 0.5510204081632653
    },
    "magenta_stars": {
        "accuracy": 0.6607142857142857
    },
    "yellow_stars": {
        "accuracy": 0.6683673469387755
    },
    "cyan_stars": {
        "accuracy": 0.6785714285714286
    }
}