{
    "1": {
        "precision": 1.0,
        "recall": 1.0,
        "f1-score": 1.0,
        "support": 81.0
    },
    "2": {
        "precision": 1.0,
        "recall": 0.9876543209876543,
        "f1-score": 0.9937888198757764,
        "support": 81.0
    },
    "3": {
        "precision": 0.9506172839506173,
        "recall": 0.9506172839506173,
        "f1-score": 0.9506172839506173,
        "support": 81.0
    },
    "4": {
        "precision": 0.8522727272727273,
        "recall": 0.9259259259259259,
        "f1-score": 0.8875739644970414,
        "support": 81.0
    },
    "5": {
        "precision": 0.8108108108108109,
        "recall": 0.7407407407407407,
        "f1-score": 0.7741935483870968,
        "support": 81.0
    },
    "6": {
        "precision": 0.631578947368421,
        "recall": 0.4444444444444444,
        "f1-score": 0.5217391304347826,
        "support": 81.0
    },
    "7": {
        "precision": 0.42105263157894735,
        "recall": 0.7901234567901234,
        "f1-score": 0.5493562231759657,
        "support": 81.0
    },
    "8": {
        "precision": 0.43103448275862066,
        "recall": 0.30864197530864196,
        "f1-score": 0.3597122302158273,
        "support": 81.0
    },
    "9": {
        "precision": 0.6896551724137931,
        "recall": 0.49382716049382713,
        "f1-score": 0.5755395683453237,
        "support": 81.0
    },
    "accuracy": 0.7379972565157751,
    "macro avg": {
        "precision": 0.7541135617948819,
        "recall": 0.737997256515775,
        "f1-score": 0.7347245298758257,
        "support": 729.0
    },
    "weighted avg": {
        "precision": 0.7541135617948818,
        "recall": 0.7379972565157751,
        "f1-score": 0.7347245298758256,
        "support": 729.0
    }
}