{
    "2": {
        "precision": 1.0,
        "recall": 0.9591836734693877,
        "f1-score": 0.9791666666666666,
        "support": 49.0
    },
    "3": {
        "precision": 0.875,
        "recall": 1.0,
        "f1-score": 0.9333333333333333,
        "support": 49.0
    },
    "4": {
        "precision": 0.972972972972973,
        "recall": 0.7346938775510204,
        "f1-score": 0.8372093023255814,
        "support": 49.0
    },
    "5": {
        "precision": 0.5972222222222222,
        "recall": 0.8775510204081632,
        "f1-score": 0.7107438016528925,
        "support": 49.0
    },
    "6": {
        "precision": 0.0,
        "recall": 0.0,
        "f1-score": 0.0,
        "support": 49.0
    },
    "7": {
        "precision": 0.28823529411764703,
        "recall": 1.0,
        "f1-score": 0.4474885844748858,
        "support": 49.0
    },
    "8": {
        "precision": 0.0,
        "recall": 0.0,
        "f1-score": 0.0,
        "support": 49.0
    },
    "9": {
        "precision": 1.0,
        "recall": 0.20408163265306123,
        "f1-score": 0.3389830508474576,
        "support": 49.0
    },
    "accuracy": 0.5969387755102041,
    "macro avg": {
        "precision": 0.5916788111641053,
        "recall": 0.596938775510204,
        "f1-score": 0.5308655924126022,
        "support": 392.0
    },
    "weighted avg": {
        "precision": 0.5916788111641053,
        "recall": 0.5969387755102041,
        "f1-score": 0.5308655924126021,
        "support": 392.0
    }
}