{
    "2": {
        "precision": 1.0,
        "recall": 0.14285714285714285,
        "f1-score": 0.25,
        "support": 49.0
    },
    "3": {
        "precision": 0.05128205128205128,
        "recall": 0.04081632653061224,
        "f1-score": 0.045454545454545456,
        "support": 49.0
    },
    "4": {
        "precision": 0.22857142857142856,
        "recall": 0.32653061224489793,
        "f1-score": 0.2689075630252101,
        "support": 49.0
    },
    "5": {
        "precision": 0.0,
        "recall": 0.0,
        "f1-score": 0.0,
        "support": 49.0
    },
    "6": {
        "precision": 0.0,
        "recall": 0.0,
        "f1-score": 0.0,
        "support": 49.0
    },
    "7": {
        "precision": 0.0,
        "recall": 0.0,
        "f1-score": 0.0,
        "support": 49.0
    },
    "8": {
        "precision": 0.13068181818181818,
        "recall": 0.46938775510204084,
        "f1-score": 0.20444444444444446,
        "support": 49.0
    },
    "9": {
        "precision": 0.5616438356164384,
        "recall": 0.8367346938775511,
        "f1-score": 0.6721311475409836,
        "support": 49.0
    },
    "accuracy": 0.22704081632653061,
    "macro avg": {
        "precision": 0.24652239170646706,
        "recall": 0.22704081632653061,
        "f1-score": 0.18011721255814794,
        "support": 392.0
    },
    "weighted avg": {
        "precision": 0.24652239170646706,
        "recall": 0.22704081632653061,
        "f1-score": 0.18011721255814794,
        "support": 392.0
    }
}