{
    "2": {
        "precision": 1.0,
        "recall": 1.0,
        "f1-score": 1.0,
        "support": 49.0
    },
    "3": {
        "precision": 1.0,
        "recall": 0.9795918367346939,
        "f1-score": 0.9896907216494846,
        "support": 49.0
    },
    "4": {
        "precision": 0.9787234042553191,
        "recall": 0.9387755102040817,
        "f1-score": 0.9583333333333334,
        "support": 49.0
    },
    "5": {
        "precision": 0.9,
        "recall": 0.7346938775510204,
        "f1-score": 0.8089887640449438,
        "support": 49.0
    },
    "6": {
        "precision": 0.6888888888888889,
        "recall": 0.6326530612244898,
        "f1-score": 0.6595744680851063,
        "support": 49.0
    },
    "7": {
        "precision": 0.640625,
        "recall": 0.8367346938775511,
        "f1-score": 0.7256637168141593,
        "support": 49.0
    },
    "8": {
        "precision": 0.45714285714285713,
        "recall": 0.32653061224489793,
        "f1-score": 0.38095238095238093,
        "support": 49.0
    },
    "9": {
        "precision": 0.578125,
        "recall": 0.7551020408163265,
        "f1-score": 0.6548672566371682,
        "support": 49.0
    },
    "accuracy": 0.7755102040816326,
    "macro avg": {
        "precision": 0.7804381437858832,
        "recall": 0.7755102040816326,
        "f1-score": 0.7722588301895721,
        "support": 392.0
    },
    "weighted avg": {
        "precision": 0.7804381437858832,
        "recall": 0.7755102040816326,
        "f1-score": 0.7722588301895721,
        "support": 392.0
    }
}