{
    "1": {
        "precision": 0.0,
        "recall": 0.0,
        "f1-score": 0.0,
        "support": 243.0
    },
    "2": {
        "precision": 0.18232044198895028,
        "recall": 0.4074074074074074,
        "f1-score": 0.25190839694656486,
        "support": 243.0
    },
    "3": {
        "precision": 0.23255813953488372,
        "recall": 0.205761316872428,
        "f1-score": 0.2183406113537118,
        "support": 243.0
    },
    "4": {
        "precision": 0.11235955056179775,
        "recall": 0.0411522633744856,
        "f1-score": 0.060240963855421686,
        "support": 243.0
    },
    "5": {
        "precision": 0.16778523489932887,
        "recall": 0.411522633744856,
        "f1-score": 0.23837902264600716,
        "support": 243.0
    },
    "6": {
        "precision": 0.05747126436781609,
        "recall": 0.0205761316872428,
        "f1-score": 0.030303030303030304,
        "support": 243.0
    },
    "7": {
        "precision": 0.0,
        "recall": 0.0,
        "f1-score": 0.0,
        "support": 243.0
    },
    "8": {
        "precision": 0.6666666666666666,
        "recall": 0.00823045267489712,
        "f1-score": 0.016260162601626018,
        "support": 243.0
    },
    "9": {
        "precision": 0.0,
        "recall": 0.0,
        "f1-score": 0.0,
        "support": 243.0
    },
    "accuracy": 0.12162780064014632,
    "macro avg": {
        "precision": 0.15768458866882704,
        "recall": 0.12162780064014633,
        "f1-score": 0.09060357641181799,
        "support": 2187.0
    },
    "weighted avg": {
        "precision": 0.15768458866882704,
        "recall": 0.12162780064014632,
        "f1-score": 0.09060357641181799,
        "support": 2187.0
    }
}