{
    "2": {
        "precision": 1.0,
        "recall": 1.0,
        "f1-score": 1.0,
        "support": 49.0
    },
    "3": {
        "precision": 1.0,
        "recall": 1.0,
        "f1-score": 1.0,
        "support": 49.0
    },
    "4": {
        "precision": 1.0,
        "recall": 1.0,
        "f1-score": 1.0,
        "support": 49.0
    },
    "5": {
        "precision": 1.0,
        "recall": 0.6938775510204082,
        "f1-score": 0.8192771084337349,
        "support": 49.0
    },
    "6": {
        "precision": 1.0,
        "recall": 0.6530612244897959,
        "f1-score": 0.7901234567901234,
        "support": 49.0
    },
    "7": {
        "precision": 0.5119047619047619,
        "recall": 0.8775510204081632,
        "f1-score": 0.6466165413533834,
        "support": 49.0
    },
    "8": {
        "precision": 0.14285714285714285,
        "recall": 0.02040816326530612,
        "f1-score": 0.03571428571428571,
        "support": 49.0
    },
    "9": {
        "precision": 0.5568181818181818,
        "recall": 1.0,
        "f1-score": 0.7153284671532847,
        "support": 49.0
    },
    "accuracy": 0.7806122448979592,
    "macro avg": {
        "precision": 0.7764475108225108,
        "recall": 0.7806122448979591,
        "f1-score": 0.7508824824306015,
        "support": 392.0
    },
    "weighted avg": {
        "precision": 0.7764475108225108,
        "recall": 0.7806122448979592,
        "f1-score": 0.7508824824306016,
        "support": 392.0
    }
}