{
    "1": {
        "precision": 0.0,
        "recall": 0.0,
        "f1-score": 0.0,
        "support": 243.0
    },
    "2": {
        "precision": 0.0,
        "recall": 0.0,
        "f1-score": 0.0,
        "support": 243.0
    },
    "3": {
        "precision": 0.0,
        "recall": 0.0,
        "f1-score": 0.0,
        "support": 243.0
    },
    "4": {
        "precision": 0.0,
        "recall": 0.0,
        "f1-score": 0.0,
        "support": 243.0
    },
    "5": {
        "precision": 0.003472222222222222,
        "recall": 0.00411522633744856,
        "f1-score": 0.003766478342749529,
        "support": 243.0
    },
    "6": {
        "precision": 0.0,
        "recall": 0.0,
        "f1-score": 0.0,
        "support": 243.0
    },
    "7": {
        "precision": 0.0529567519858782,
        "recall": 0.24691358024691357,
        "f1-score": 0.0872093023255814,
        "support": 243.0
    },
    "8": {
        "precision": 0.0,
        "recall": 0.0,
        "f1-score": 0.0,
        "support": 243.0
    },
    "9": {
        "precision": 0.2431865828092243,
        "recall": 0.4773662551440329,
        "f1-score": 0.32222222222222224,
        "support": 243.0
    },
    "accuracy": 0.08093278463648834,
    "macro avg": {
        "precision": 0.033290617446369415,
        "recall": 0.08093278463648833,
        "f1-score": 0.045910889210061465,
        "support": 2187.0
    },
    "weighted avg": {
        "precision": 0.033290617446369415,
        "recall": 0.08093278463648834,
        "f1-score": 0.045910889210061465,
        "support": 2187.0
    }
}