{
    "2": {
        "precision": 1.0,
        "recall": 0.04081632653061224,
        "f1-score": 0.0784313725490196,
        "support": 49.0
    },
    "3": {
        "precision": 0.0625,
        "recall": 0.02040816326530612,
        "f1-score": 0.03076923076923077,
        "support": 49.0
    },
    "4": {
        "precision": 0.23786407766990292,
        "recall": 1.0,
        "f1-score": 0.3843137254901961,
        "support": 49.0
    },
    "5": {
        "precision": 0.08333333333333333,
        "recall": 0.04081632653061224,
        "f1-score": 0.0547945205479452,
        "support": 49.0
    },
    "6": {
        "precision": 0.0,
        "recall": 0.0,
        "f1-score": 0.0,
        "support": 49.0
    },
    "7": {
        "precision": 0.35714285714285715,
        "recall": 0.40816326530612246,
        "f1-score": 0.38095238095238093,
        "support": 49.0
    },
    "8": {
        "precision": 0.0,
        "recall": 0.0,
        "f1-score": 0.0,
        "support": 49.0
    },
    "9": {
        "precision": 0.4659090909090909,
        "recall": 0.8367346938775511,
        "f1-score": 0.5985401459854015,
        "support": 49.0
    },
    "accuracy": 0.29336734693877553,
    "macro avg": {
        "precision": 0.275843669881898,
        "recall": 0.29336734693877553,
        "f1-score": 0.19097517203677178,
        "support": 392.0
    },
    "weighted avg": {
        "precision": 0.275843669881898,
        "recall": 0.29336734693877553,
        "f1-score": 0.19097517203677178,
        "support": 392.0
    }
}