{
    "LLM_layer_1": {
        "accuracy": 0.0,
        "std": 0.0
    },
    "LLM_layer_2": {
        "accuracy": 0.0,
        "std": 0.0
    },
    "LLM_layer_3": {
        "accuracy": 0.0,
        "std": 0.0
    },
    "SVM_img_mean_layer_1": {
        "accuracy": 0.9949702789208962,
        "std": 0.0007710755351641518
    },
    "SVM_mean_encoder": {
        "accuracy": 0.9944558756287152,
        "std": 0.00045004617478351064
    },
    "SVM_img_mean_layer_2": {
        "accuracy": 0.9951417466849565,
        "std": 0.0007960898649510749
    },
    "SVM_hs_mean_layer_1": {
        "accuracy": 0.9942844078646548,
        "std": 0.0006313077856188456
    },
    "LLM_layer_4": {
        "accuracy": 0.0,
        "std": 0.0
    },
    "SVM_hs_mean_layer_2": {
        "accuracy": 0.9947416552354823,
        "std": 0.0008554315013200823
    },
    "SVM_img_mean_layer_3": {
        "accuracy": 0.9949131229995428,
        "std": 0.0007184387911509438
    },
    "SVM_hs_mean_layer_3": {
        "accuracy": 0.994684499314129,
        "std": 0.0007795028404770149
    },
    "SVM_img_mean_layer_4": {
        "accuracy": 0.99519890260631,
        "std": 0.0004849840748878774
    },
    "LLM_layer_5": {
        "accuracy": 0.0,
        "std": 0.0
    },
    "SVM_hs_mean_layer_4": {
        "accuracy": 0.9944558756287152,
        "std": 0.00045004617478351064
    },
    "SVM_hs_mean_layer_5": {
        "accuracy": 0.9946273433927755,
        "std": 0.0005658147540358608
    },
    "SVM_img_mean_layer_5": {
        "accuracy": 0.9947416552354825,
        "std": 0.0003523327619438273
    },
    "SVM_img_last_token_layer_1": {
        "accuracy": 0.7397119341563787,
        "std": 0.007664436432999642
    },
    "LLM_layer_6": {
        "accuracy": 0.0,
        "std": 0.0
    },
    "SVM_img_last_token_layer_2": {
        "accuracy": 0.7420553269318702,
        "std": 0.006767125920868627
    },
    "SVM_hs_mean_layer_6": {
        "accuracy": 0.994684499314129,
        "std": 0.00037041270567033925
    },
    "SVM_img_last_token_layer_3": {
        "accuracy": 0.7485139460448101,
        "std": 0.006170192831306841
    },
    "SVM_img_mean_layer_6": {
        "accuracy": 0.9947416552354825,
        "std": 0.0003523327619438273
    },
    "LLM_layer_7": {
        "accuracy": 0.0,
        "std": 0.0
    },
    "SVM_img_last_token_layer_4": {
        "accuracy": 0.7587448559670781,
        "std": 0.006380505735980996
    },
    "SVM_hs_mean_layer_7": {
        "accuracy": 0.9950274348422496,
        "std": 0.0008743174748958981
    },
    "SVM_img_mean_layer_7": {
        "accuracy": 0.9953132144490168,
        "std": 0.0007710755351641518
    },
    "SVM_img_last_token_layer_5": {
        "accuracy": 0.7696616369455875,
        "std": 0.005537344007673916
    },
    "LLM_layer_8": {
        "accuracy": 0.0,
        "std": 0.0
    },
    "SVM_hs_mean_layer_8": {
        "accuracy": 0.9958847736625515,
        "std": 0.0011112381170109492
    },
    "SVM_hs_last_token_layer_5": {
        "accuracy": 0.6370598994055784,
        "std": 0.0022327417677897024
    },
    "SVM_img_last_token_layer_6": {
        "accuracy": 0.7735482395976222,
        "std": 0.004756663985268211
    },
    "SVM_img_mean_layer_8": {
        "accuracy": 0.9960562414266118,
        "std": 0.0008516040481110615
    },
    "LLM_layer_9": {
        "accuracy": 0.0,
        "std": 0.0
    },
    "SVM_hs_last_token_layer_3": {
        "accuracy": 0.516803840877915,
        "std": 0.007514645267132821
    },
    "SVM_hs_last_token_layer_4": {
        "accuracy": 0.5679012345679012,
        "std": 0.005593109201063143
    },
    "SVM_hs_mean_layer_9": {
        "accuracy": 0.9952560585276634,
        "std": 0.0015100417025174734
    },
    "SVM_img_last_token_layer_7": {
        "accuracy": 0.7863511659807957,
        "std": 0.0065532697334527434
    },
    "LLM_layer_10": {
        "accuracy": 0.0,
        "std": 0.0
    },
    "SVM_img_mean_layer_9": {
        "accuracy": 0.9958847736625515,
        "std": 0.0015777519137908297
    },
    "SVM_hs_last_token_layer_2": {
        "accuracy": 0.44027206218564247,
        "std": 0.0017505021526192806
    },
    "SVM_hs_mean_layer_10": {
        "accuracy": 0.994570187471422,
        "std": 0.00157360538385187
    },
    "SVM_hs_last_token_layer_6": {
        "accuracy": 0.669238683127572,
        "std": 0.004451562066442762
    },
    "LLM_layer_11": {
        "accuracy": 0.0,
        "std": 0.0
    },
    "SVM_hs_last_token_layer_1": {
        "accuracy": 0.4142089620484682,
        "std": 0.0037835320446811538
    },
    "SVM_img_mean_layer_10": {
        "accuracy": 0.9947988111568359,
        "std": 0.001827202487785316
    },
    "SVM_img_last_token_layer_8": {
        "accuracy": 0.7910951074531322,
        "std": 0.006864899661463571
    },
    "SVM_hs_last_token_layer_7": {
        "accuracy": 0.717021033379058,
        "std": 0.0037809408798676505
    },
    "LLM_layer_12": {
        "accuracy": 0.0,
        "std": 0.0
    },
    "SVM_hs_mean_layer_11": {
        "accuracy": 0.993941472336534,
        "std": 0.0012703538392142466
    },
    "SVM_img_mean_layer_11": {
        "accuracy": 0.9943987197073617,
        "std": 0.0010874655687265827
    },
    "SVM_hs_last_token_layer_8": {
        "accuracy": 0.7501143118427068,
        "std": 0.004219485328141692
    },
    "SVM_img_last_token_layer_9": {
        "accuracy": 0.8066986739826246,
        "std": 0.0036247850927544558
    },
    "LLM_layer_13": {
        "accuracy": 0.0,
        "std": 0.0
    },
    "SVM_hs_mean_layer_12": {
        "accuracy": 0.9947988111568358,
        "std": 0.0005658147540359018
    },
    "SVM_img_mean_layer_12": {
        "accuracy": 0.9947416552354825,
        "std": 0.0007046655238876545
    },
    "SVM_hs_last_token_layer_9": {
        "accuracy": 0.8256172839506174,
        "std": 0.005900085917038834
    },
    "SVM_hs_last_token_layer_10": {
        "accuracy": 0.9051211705532692,
        "std": 0.0033610403356170624
    },
    "LLM_layer_14": {
        "accuracy": 0.0,
        "std": 0.0
    },
    "SVM_hs_mean_layer_13": {
        "accuracy": 0.9938843164151807,
        "std": 0.0013008466708666058
    },
    "SVM_hs_last_token_layer_11": {
        "accuracy": 0.9306698673982625,
        "std": 0.0019416195417767661
    },
    "SVM_img_last_token_layer_10": {
        "accuracy": 0.8325903063557384,
        "std": 0.0016702834014863583
    },
    "SVM_hs_last_token_layer_12": {
        "accuracy": 0.9591335162322817,
        "std": 0.0026204603078069564
    },
    "LLM_layer_15": {
        "accuracy": 0.0,
        "std": 0.0
    },
    "SVM_img_mean_layer_13": {
        "accuracy": 0.9939414723365342,
        "std": 0.001060084418780943
    },
    "SVM_hs_mean_layer_14": {
        "accuracy": 0.992912665752172,
        "std": 0.00032332271659191826
    },
    "SVM_hs_last_token_layer_13": {
        "accuracy": 0.9755944215820759,
        "std": 0.0007710755351641408
    },
    "SVM_img_mean_layer_14": {
        "accuracy": 0.9930269775948788,
        "std": 0.0004277157506600164
    },
    "LLM_layer_16": {
        "accuracy": 0.0,
        "std": 0.0
    },
    "SVM_hs_last_token_layer_14": {
        "accuracy": 0.9938843164151807,
        "std": 0.0006616276236162216
    },
    "SVM_img_last_token_layer_11": {
        "accuracy": 0.8293324188385917,
        "std": 0.007570948508657292
    },
    "SVM_hs_mean_layer_15": {
        "accuracy": 0.992283950617284,
        "std": 0.0005600113723784406
    },
    "SVM_img_mean_layer_15": {
        "accuracy": 0.9918267032464563,
        "std": 0.000213857875330028
    },
    "LLM_layer_17": {
        "accuracy": 0.0016575217192501142,
        "std": 0.0
    },
    "SVM_hs_last_token_layer_15": {
        "accuracy": 0.9966849565614998,
        "std": 0.0009833476528397754
    },
    "SVM_img_last_token_layer_12": {
        "accuracy": 0.8551668952903521,
        "std": 0.004822144517031188
    },