{
    "1": {
        "precision": 0.8217054263565892,
        "recall": 0.8724279835390947,
        "f1-score": 0.846307385229541,
        "support": 243.0
    },
    "2": {
        "precision": 0.4868421052631579,
        "recall": 0.4567901234567901,
        "f1-score": 0.4713375796178344,
        "support": 243.0
    },
    "3": {
        "precision": 0.29107981220657275,
        "recall": 0.2551440329218107,
        "f1-score": 0.2719298245614035,
        "support": 243.0
    },
    "4": {
        "precision": 0.1776765375854214,
        "recall": 0.32098765432098764,
        "f1-score": 0.2287390029325513,
        "support": 243.0
    },
    "5": {
        "precision": 0.1925925925925926,
        "recall": 0.10699588477366255,
        "f1-score": 0.13756613756613756,
        "support": 243.0
    },
    "6": {
        "precision": 0.18292682926829268,
        "recall": 0.37037037037037035,
        "f1-score": 0.24489795918367346,
        "support": 243.0
    },
    "7": {
        "precision": 0.20512820512820512,
        "recall": 0.03292181069958848,
        "f1-score": 0.05673758865248227,
        "support": 243.0
    },
    "8": {
        "precision": 0.23723723723723725,
        "recall": 0.32510288065843623,
        "f1-score": 0.2743055555555556,
        "support": 243.0
    },
    "9": {
        "precision": 0.2857142857142857,
        "recall": 0.05761316872427984,
        "f1-score": 0.0958904109589041,
        "support": 243.0
    },
    "micro avg": {
        "precision": 0.3110704483074108,
        "recall": 0.31092821216278005,
        "f1-score": 0.3109993139721015,
        "support": 2187.0
    },
    "macro avg": {
        "precision": 0.3201003368169283,
        "recall": 0.3109282121627801,
        "f1-score": 0.2919679382508982,
        "support": 2187.0
    },
    "weighted avg": {
        "precision": 0.32010033681692834,
        "recall": 0.31092821216278005,
        "f1-score": 0.2919679382508981,
        "support": 2187.0
    },
    "accuracy": 0.31092821216278005
}