{
    "2": {
        "precision": 1.0,
        "recall": 0.2653061224489796,
        "f1-score": 0.41935483870967744,
        "support": 49.0
    },
    "3": {
        "precision": 0.38636363636363635,
        "recall": 0.3469387755102041,
        "f1-score": 0.3655913978494624,
        "support": 49.0
    },
    "4": {
        "precision": 0.32432432432432434,
        "recall": 0.24489795918367346,
        "f1-score": 0.27906976744186046,
        "support": 49.0
    },
    "5": {
        "precision": 0.7647058823529411,
        "recall": 0.2653061224489796,
        "f1-score": 0.3939393939393939,
        "support": 49.0
    },
    "6": {
        "precision": 0.24675324675324675,
        "recall": 0.3877551020408163,
        "f1-score": 0.30158730158730157,
        "support": 49.0
    },
    "7": {
        "precision": 0.3176470588235294,
        "recall": 0.5510204081632653,
        "f1-score": 0.40298507462686567,
        "support": 49.0
    },
    "8": {
        "precision": 0.2621359223300971,
        "recall": 0.5510204081632653,
        "f1-score": 0.35526315789473684,
        "support": 49.0
    },
    "9": {
        "precision": 0.4375,
        "recall": 0.14285714285714285,
        "f1-score": 0.2153846153846154,
        "support": 49.0
    },
    "accuracy": 0.34438775510204084,
    "macro avg": {
        "precision": 0.46742875886847185,
        "recall": 0.3443877551020408,
        "f1-score": 0.3416469434292392,
        "support": 392.0
    },
    "weighted avg": {
        "precision": 0.46742875886847196,
        "recall": 0.34438775510204084,
        "f1-score": 0.34164694342923924,
        "support": 392.0
    }
}