{
    "2": {
        "precision": 0.0,
        "recall": 0.0,
        "f1-score": 0.0,
        "support": 49.0
    },
    "3": {
        "precision": 0.0,
        "recall": 0.0,
        "f1-score": 0.0,
        "support": 49.0
    },
    "4": {
        "precision": 0.27906976744186046,
        "recall": 0.9795918367346939,
        "f1-score": 0.4343891402714932,
        "support": 49.0
    },
    "5": {
        "precision": 0.176056338028169,
        "recall": 0.5102040816326531,
        "f1-score": 0.2617801047120419,
        "support": 49.0
    },
    "6": {
        "precision": 0.09836065573770492,
        "recall": 0.12244897959183673,
        "f1-score": 0.10909090909090909,
        "support": 49.0
    },
    "7": {
        "precision": 0.23529411764705882,
        "recall": 0.08163265306122448,
        "f1-score": 0.12121212121212122,
        "support": 49.0
    },
    "8": {
        "precision": 0.0,
        "recall": 0.0,
        "f1-score": 0.0,
        "support": 49.0
    },
    "9": {
        "precision": 0.0,
        "recall": 0.0,
        "f1-score": 0.0,
        "support": 49.0
    },
    "accuracy": 0.21173469387755103,
    "macro avg": {
        "precision": 0.09859760985684915,
        "recall": 0.21173469387755103,
        "f1-score": 0.11580903441082066,
        "support": 392.0
    },
    "weighted avg": {
        "precision": 0.09859760985684915,
        "recall": 0.21173469387755103,
        "f1-score": 0.11580903441082066,
        "support": 392.0
    }
}