{
    "2": {
        "precision": 1.0,
        "recall": 0.9795918367346939,
        "f1-score": 0.9896907216494846,
        "support": 49.0
    },
    "3": {
        "precision": 0.5568181818181818,
        "recall": 1.0,
        "f1-score": 0.7153284671532847,
        "support": 49.0
    },
    "4": {
        "precision": 0.5714285714285714,
        "recall": 0.16326530612244897,
        "f1-score": 0.25396825396825395,
        "support": 49.0
    },
    "5": {
        "precision": 0.6862745098039216,
        "recall": 0.7142857142857143,
        "f1-score": 0.7,
        "support": 49.0
    },
    "6": {
        "precision": 0.0,
        "recall": 0.0,
        "f1-score": 0.0,
        "support": 49.0
    },
    "7": {
        "precision": 0.296969696969697,
        "recall": 1.0,
        "f1-score": 0.45794392523364486,
        "support": 49.0
    },
    "8": {
        "precision": 0.0,
        "recall": 0.0,
        "f1-score": 0.0,
        "support": 49.0
    },
    "9": {
        "precision": 0.9230769230769231,
        "recall": 0.4897959183673469,
        "f1-score": 0.64,
        "support": 49.0
    },
    "accuracy": 0.5433673469387755,
    "macro avg": {
        "precision": 0.5043209853871619,
        "recall": 0.5433673469387755,
        "f1-score": 0.46961642100058354,
        "support": 392.0
    },
    "weighted avg": {
        "precision": 0.5043209853871619,
        "recall": 0.5433673469387755,
        "f1-score": 0.4696164210005835,
        "support": 392.0
    }
}