{
    "1": {
        "precision": 1.0,
        "recall": 0.9917695473251029,
        "f1-score": 0.9958677685950413,
        "support": 243.0
    },
    "2": {
        "precision": 0.9881656804733728,
        "recall": 0.6872427983539094,
        "f1-score": 0.8106796116504854,
        "support": 243.0
    },
    "3": {
        "precision": 0.6941176470588235,
        "recall": 0.7283950617283951,
        "f1-score": 0.7108433734939759,
        "support": 243.0
    },
    "4": {
        "precision": 0.6982758620689655,
        "recall": 0.6666666666666666,
        "f1-score": 0.6821052631578948,
        "support": 243.0
    },
    "5": {
        "precision": 0.6205673758865248,
        "recall": 0.720164609053498,
        "f1-score": 0.6666666666666666,
        "support": 243.0
    },
    "6": {
        "precision": 0.4788732394366197,
        "recall": 0.8395061728395061,
        "f1-score": 0.6098654708520179,
        "support": 243.0
    },
    "7": {
        "precision": 0.28535353535353536,
        "recall": 0.46502057613168724,
        "f1-score": 0.3536776212832551,
        "support": 243.0
    },
    "8": {
        "precision": 0.29411764705882354,
        "recall": 0.1646090534979424,
        "f1-score": 0.21108179419525067,
        "support": 243.0
    },
    "9": {
        "precision": 0.8,
        "recall": 0.1646090534979424,
        "f1-score": 0.27303754266211605,
        "support": 243.0
    },
    "accuracy": 0.6031092821216278,
    "macro avg": {
        "precision": 0.6510523319262961,
        "recall": 0.6031092821216278,
        "f1-score": 0.5904250125063003,
        "support": 2187.0
    },
    "weighted avg": {
        "precision": 0.6510523319262962,
        "recall": 0.6031092821216278,
        "f1-score": 0.5904250125063004,
        "support": 2187.0
    }
}