{
    "1": {
        "precision": 1.0,
        "recall": 1.0,
        "f1-score": 1.0,
        "support": 81.0
    },
    "2": {
        "precision": 0.6071428571428571,
        "recall": 0.20987654320987653,
        "f1-score": 0.3119266055045872,
        "support": 81.0
    },
    "3": {
        "precision": 0.3116883116883117,
        "recall": 0.8888888888888888,
        "f1-score": 0.46153846153846156,
        "support": 81.0
    },
    "4": {
        "precision": 0.42028985507246375,
        "recall": 0.35802469135802467,
        "f1-score": 0.38666666666666666,
        "support": 81.0
    },
    "5": {
        "precision": 0.3125,
        "recall": 0.12345679012345678,
        "f1-score": 0.17699115044247787,
        "support": 81.0
    },
    "6": {
        "precision": 0.29411764705882354,
        "recall": 0.18518518518518517,
        "f1-score": 0.22727272727272727,
        "support": 81.0
    },
    "7": {
        "precision": 0.0,
        "recall": 0.0,
        "f1-score": 0.0,
        "support": 81.0
    },
    "8": {
        "precision": 0.24561403508771928,
        "recall": 0.5185185185185185,
        "f1-score": 0.3333333333333333,
        "support": 81.0
    },
    "9": {
        "precision": 0.23809523809523808,
        "recall": 0.18518518518518517,
        "f1-score": 0.20833333333333334,
        "support": 81.0
    },
    "accuracy": 0.38545953360768176,
    "macro avg": {
        "precision": 0.3810497715717126,
        "recall": 0.3854595336076818,
        "f1-score": 0.34511803089906523,
        "support": 729.0
    },
    "weighted avg": {
        "precision": 0.38104977157171255,
        "recall": 0.38545953360768176,
        "f1-score": 0.34511803089906523,
        "support": 729.0
    }
}