{
    "2": {
        "precision": 1.0,
        "recall": 0.7142857142857143,
        "f1-score": 0.8333333333333334,
        "support": 49.0
    },
    "3": {
        "precision": 0.8032786885245902,
        "recall": 1.0,
        "f1-score": 0.8909090909090909,
        "support": 49.0
    },
    "4": {
        "precision": 0.8727272727272727,
        "recall": 0.9795918367346939,
        "f1-score": 0.9230769230769231,
        "support": 49.0
    },
    "5": {
        "precision": 0.8297872340425532,
        "recall": 0.7959183673469388,
        "f1-score": 0.8125,
        "support": 49.0
    },
    "6": {
        "precision": 0.6086956521739131,
        "recall": 0.8571428571428571,
        "f1-score": 0.711864406779661,
        "support": 49.0
    },
    "7": {
        "precision": 0.49122807017543857,
        "recall": 0.5714285714285714,
        "f1-score": 0.5283018867924528,
        "support": 49.0
    },
    "8": {
        "precision": 0.3088235294117647,
        "recall": 0.42857142857142855,
        "f1-score": 0.358974358974359,
        "support": 49.0
    },
    "9": {
        "precision": 0.0,
        "recall": 0.0,
        "f1-score": 0.0,
        "support": 49.0
    },
    "accuracy": 0.6683673469387755,
    "macro avg": {
        "precision": 0.6143175558819416,
        "recall": 0.6683673469387755,
        "f1-score": 0.6323699999832275,
        "support": 392.0
    },
    "weighted avg": {
        "precision": 0.6143175558819416,
        "recall": 0.6683673469387755,
        "f1-score": 0.6323699999832275,
        "support": 392.0
    }
}