{
    "1": {
        "precision": 1.0,
        "recall": 0.7037037037037037,
        "f1-score": 0.8260869565217391,
        "support": 243.0
    },
    "2": {
        "precision": 0.6263157894736842,
        "recall": 0.4897119341563786,
        "f1-score": 0.5496535796766744,
        "support": 243.0
    },
    "3": {
        "precision": 0.5708661417322834,
        "recall": 0.5967078189300411,
        "f1-score": 0.5835010060362174,
        "support": 243.0
    },
    "4": {
        "precision": 0.6479400749063671,
        "recall": 0.7119341563786008,
        "f1-score": 0.6784313725490196,
        "support": 243.0
    },
    "5": {
        "precision": 0.6812227074235808,
        "recall": 0.6419753086419753,
        "f1-score": 0.6610169491525424,
        "support": 243.0
    },
    "6": {
        "precision": 0.5781710914454278,
        "recall": 0.8065843621399177,
        "f1-score": 0.6735395189003437,
        "support": 243.0
    },
    "7": {
        "precision": 0.5414012738853503,
        "recall": 0.6995884773662552,
        "f1-score": 0.6104129263913824,
        "support": 243.0
    },
    "8": {
        "precision": 0.540084388185654,
        "recall": 0.5267489711934157,
        "f1-score": 0.5333333333333333,
        "support": 243.0
    },
    "9": {
        "precision": 0.7526881720430108,
        "recall": 0.5761316872427984,
        "f1-score": 0.6526806526806527,
        "support": 243.0
    },
    "accuracy": 0.6392318244170097,
    "macro avg": {
        "precision": 0.6598544043439287,
        "recall": 0.6392318244170097,
        "f1-score": 0.640961810582434,
        "support": 2187.0
    },
    "weighted avg": {
        "precision": 0.6598544043439287,
        "recall": 0.6392318244170097,
        "f1-score": 0.6409618105824338,
        "support": 2187.0
    }
}