{
    "2": {
        "precision": 0.9433962264150944,
        "recall": 0.9259259259259259,
        "f1-score": 0.9345794392523364,
        "support": 54.0
    },
    "3": {
        "precision": 0.9310344827586207,
        "recall": 0.9473684210526315,
        "f1-score": 0.9391304347826087,
        "support": 57.0
    },
    "4": {
        "precision": 0.8947368421052632,
        "recall": 0.9272727272727272,
        "f1-score": 0.9107142857142857,
        "support": 55.0
    },
    "5": {
        "precision": 0.9722222222222222,
        "recall": 0.7954545454545454,
        "f1-score": 0.875,
        "support": 44.0
    },
    "6": {
        "precision": 0.8181818181818182,
        "recall": 0.7758620689655172,
        "f1-score": 0.7964601769911505,
        "support": 58.0
    },
    "7": {
        "precision": 0.8125,
        "recall": 0.75,
        "f1-score": 0.78,
        "support": 52.0
    },
    "8": {
        "precision": 0.6470588235294118,
        "recall": 0.38596491228070173,
        "f1-score": 0.4835164835164835,
        "support": 57.0
    },
    "9": {
        "precision": 0.6666666666666666,
        "recall": 0.6,
        "f1-score": 0.631578947368421,
        "support": 60.0
    },
    "10": {
        "precision": 0.5409836065573771,
        "recall": 0.6111111111111112,
        "f1-score": 0.5739130434782609,
        "support": 54.0
    },
    "micro avg": {
        "precision": 0.8004385964912281,
        "recall": 0.7433808553971487,
        "f1-score": 0.7708553326293559,
        "support": 491.0
    },
    "macro avg": {
        "precision": 0.8029756320484972,
        "recall": 0.7465510791181289,
        "f1-score": 0.7694325345670608,
        "support": 491.0
    },
    "weighted avg": {
        "precision": 0.7979647229878696,
        "recall": 0.7433808553971487,
        "f1-score": 0.7653527112675728,
        "support": 491.0
    }
}