{
    "2": {
        "precision": 1.0,
        "recall": 1.0,
        "f1-score": 1.0,
        "support": 49.0
    },
    "3": {
        "precision": 1.0,
        "recall": 0.9387755102040817,
        "f1-score": 0.968421052631579,
        "support": 49.0
    },
    "4": {
        "precision": 0.8571428571428571,
        "recall": 0.9795918367346939,
        "f1-score": 0.9142857142857143,
        "support": 49.0
    },
    "5": {
        "precision": 0.8695652173913043,
        "recall": 0.8163265306122449,
        "f1-score": 0.8421052631578947,
        "support": 49.0
    },
    "6": {
        "precision": 0.8604651162790697,
        "recall": 0.7551020408163265,
        "f1-score": 0.8043478260869565,
        "support": 49.0
    },
    "7": {
        "precision": 0.6153846153846154,
        "recall": 0.8163265306122449,
        "f1-score": 0.7017543859649122,
        "support": 49.0
    },
    "8": {
        "precision": 0.65,
        "recall": 0.5306122448979592,
        "f1-score": 0.5842696629213483,
        "support": 49.0
    },
    "9": {
        "precision": 0.8723404255319149,
        "recall": 0.8367346938775511,
        "f1-score": 0.8541666666666666,
        "support": 49.0
    },
    "accuracy": 0.8341836734693877,
    "macro avg": {
        "precision": 0.8406122789662201,
        "recall": 0.8341836734693877,
        "f1-score": 0.8336688214643839,
        "support": 392.0
    },
    "weighted avg": {
        "precision": 0.8406122789662201,
        "recall": 0.8341836734693877,
        "f1-score": 0.8336688214643839,
        "support": 392.0
    }
}