{
    "2": {
        "precision": 1.0,
        "recall": 0.9795918367346939,
        "f1-score": 0.9896907216494846,
        "support": 49.0
    },
    "3": {
        "precision": 0.9772727272727273,
        "recall": 0.8775510204081632,
        "f1-score": 0.9247311827956989,
        "support": 49.0
    },
    "4": {
        "precision": 0.7924528301886793,
        "recall": 0.8571428571428571,
        "f1-score": 0.8235294117647058,
        "support": 49.0
    },
    "5": {
        "precision": 0.6935483870967742,
        "recall": 0.8775510204081632,
        "f1-score": 0.7747747747747747,
        "support": 49.0
    },
    "6": {
        "precision": 0.6595744680851063,
        "recall": 0.6326530612244898,
        "f1-score": 0.6458333333333334,
        "support": 49.0
    },
    "7": {
        "precision": 0.43037974683544306,
        "recall": 0.6938775510204082,
        "f1-score": 0.53125,
        "support": 49.0
    },
    "8": {
        "precision": 0.3333333333333333,
        "recall": 0.3469387755102041,
        "f1-score": 0.34,
        "support": 49.0
    },
    "9": {
        "precision": 1.0,
        "recall": 0.16326530612244897,
        "f1-score": 0.2807017543859649,
        "support": 49.0
    },
    "accuracy": 0.6785714285714286,
    "macro avg": {
        "precision": 0.7358201866015079,
        "recall": 0.6785714285714286,
        "f1-score": 0.6638138973379953,
        "support": 392.0
    },
    "weighted avg": {
        "precision": 0.7358201866015079,
        "recall": 0.6785714285714286,
        "f1-score": 0.6638138973379953,
        "support": 392.0
    }
}