{
    "1": {
        "precision": 1.0,
        "recall": 1.0,
        "f1-score": 1.0,
        "support": 81.0
    },
    "2": {
        "precision": 1.0,
        "recall": 1.0,
        "f1-score": 1.0,
        "support": 81.0
    },
    "3": {
        "precision": 0.9634146341463414,
        "recall": 0.9753086419753086,
        "f1-score": 0.9693251533742331,
        "support": 81.0
    },
    "4": {
        "precision": 0.922077922077922,
        "recall": 0.8765432098765432,
        "f1-score": 0.8987341772151899,
        "support": 81.0
    },
    "5": {
        "precision": 0.863013698630137,
        "recall": 0.7777777777777778,
        "f1-score": 0.8181818181818182,
        "support": 81.0
    },
    "6": {
        "precision": 0.75,
        "recall": 0.7037037037037037,
        "f1-score": 0.7261146496815286,
        "support": 81.0
    },
    "7": {
        "precision": 0.6125,
        "recall": 0.6049382716049383,
        "f1-score": 0.6086956521739131,
        "support": 81.0
    },
    "8": {
        "precision": 0.4857142857142857,
        "recall": 0.41975308641975306,
        "f1-score": 0.4503311258278146,
        "support": 81.0
    },
    "9": {
        "precision": 0.525,
        "recall": 0.5185185185185185,
        "f1-score": 0.5217391304347826,
        "support": 81.0
    },
    "micro avg": {
        "precision": 0.7957142857142857,
        "recall": 0.7640603566529492,
        "f1-score": 0.7795661301609517,
        "support": 729.0
    },
    "macro avg": {
        "precision": 0.7913022822854097,
        "recall": 0.7640603566529492,
        "f1-score": 0.7770135229876978,
        "support": 729.0
    },
    "weighted avg": {
        "precision": 0.7913022822854096,
        "recall": 0.7640603566529492,
        "f1-score": 0.7770135229876979,
        "support": 729.0
    },
    "accuracy": 0.7640603566529492
}