{
    "1": {
        "precision": 1.0,
        "recall": 1.0,
        "f1-score": 1.0,
        "support": 81.0
    },
    "2": {
        "precision": 1.0,
        "recall": 0.8888888888888888,
        "f1-score": 0.9411764705882353,
        "support": 81.0
    },
    "3": {
        "precision": 0.8125,
        "recall": 0.48148148148148145,
        "f1-score": 0.6046511627906976,
        "support": 81.0
    },
    "4": {
        "precision": 0.07142857142857142,
        "recall": 0.037037037037037035,
        "f1-score": 0.04878048780487805,
        "support": 81.0
    },
    "5": {
        "precision": 0.034482758620689655,
        "recall": 0.024691358024691357,
        "f1-score": 0.02877697841726619,
        "support": 81.0
    },
    "6": {
        "precision": 0.0,
        "recall": 0.0,
        "f1-score": 0.0,
        "support": 81.0
    },
    "7": {
        "precision": 0.03076923076923077,
        "recall": 0.024691358024691357,
        "f1-score": 0.0273972602739726,
        "support": 81.0
    },
    "8": {
        "precision": 0.10852713178294573,
        "recall": 0.1728395061728395,
        "f1-score": 0.13333333333333333,
        "support": 81.0
    },
    "9": {
        "precision": 0.3173076923076923,
        "recall": 0.4074074074074074,
        "f1-score": 0.3567567567567568,
        "support": 81.0
    },
    "micro avg": {
        "precision": 0.3767228177641654,
        "recall": 0.3374485596707819,
        "f1-score": 0.35600578871201155,
        "support": 729.0
    },
    "macro avg": {
        "precision": 0.37500170943434774,
        "recall": 0.3374485596707819,
        "f1-score": 0.3489858277739044,
        "support": 729.0
    },
    "weighted avg": {
        "precision": 0.3750017094343478,
        "recall": 0.3374485596707819,
        "f1-score": 0.34898582777390447,
        "support": 729.0
    },
    "accuracy": 0.3374485596707819
}