{
    "1": {
        "precision": 0.23303834808259588,
        "recall": 0.9753086419753086,
        "f1-score": 0.3761904761904762,
        "support": 81.0
    },
    "2": {
        "precision": 0.9594594594594594,
        "recall": 0.8765432098765432,
        "f1-score": 0.9161290322580645,
        "support": 81.0
    },
    "3": {
        "precision": 0.583941605839416,
        "recall": 0.9876543209876543,
        "f1-score": 0.7339449541284404,
        "support": 81.0
    },
    "4": {
        "precision": 0.7567567567567568,
        "recall": 0.345679012345679,
        "f1-score": 0.4745762711864407,
        "support": 81.0
    },
    "5": {
        "precision": 0.5303030303030303,
        "recall": 0.43209876543209874,
        "f1-score": 0.47619047619047616,
        "support": 81.0
    },
    "6": {
        "precision": 0.0,
        "recall": 0.0,
        "f1-score": 0.0,
        "support": 81.0
    },
    "7": {
        "precision": 0.3561643835616438,
        "recall": 0.32098765432098764,
        "f1-score": 0.33766233766233766,
        "support": 81.0
    },
    "8": {
        "precision": 0.0,
        "recall": 0.0,
        "f1-score": 0.0,
        "support": 81.0
    },
    "9": {
        "precision": 0.5,
        "recall": 0.012345679012345678,
        "f1-score": 0.024096385542168676,
        "support": 81.0
    },
    "accuracy": 0.438957475994513,
    "macro avg": {
        "precision": 0.4355181760003225,
        "recall": 0.438957475994513,
        "f1-score": 0.3709766592398227,
        "support": 729.0
    },
    "weighted avg": {
        "precision": 0.43551817600032244,
        "recall": 0.438957475994513,
        "f1-score": 0.37097665923982265,
        "support": 729.0
    }
}