{
    "2": {
        "precision": 0.9714285714285714,
        "recall": 0.6938775510204082,
        "f1-score": 0.8095238095238095,
        "support": 49.0
    },
    "3": {
        "precision": 0.0,
        "recall": 0.0,
        "f1-score": 0.0,
        "support": 49.0
    },
    "4": {
        "precision": 0.3402061855670103,
        "recall": 0.673469387755102,
        "f1-score": 0.4520547945205479,
        "support": 49.0
    },
    "5": {
        "precision": 0.0,
        "recall": 0.0,
        "f1-score": 0.0,
        "support": 49.0
    },
    "6": {
        "precision": 0.25,
        "recall": 0.04081632653061224,
        "f1-score": 0.07017543859649122,
        "support": 49.0
    },
    "7": {
        "precision": 0.23870967741935484,
        "recall": 0.7551020408163265,
        "f1-score": 0.3627450980392157,
        "support": 49.0
    },
    "8": {
        "precision": 0.0,
        "recall": 0.0,
        "f1-score": 0.0,
        "support": 49.0
    },
    "9": {
        "precision": 0.43157894736842106,
        "recall": 0.8367346938775511,
        "f1-score": 0.5694444444444444,
        "support": 49.0
    },
    "accuracy": 0.375,
    "macro avg": {
        "precision": 0.27899042272291974,
        "recall": 0.375,
        "f1-score": 0.28299294814056364,
        "support": 392.0
    },
    "weighted avg": {
        "precision": 0.2789904227229197,
        "recall": 0.375,
        "f1-score": 0.2829929481405636,
        "support": 392.0
    }
}