{
    "2": {
        "precision": 1.0,
        "recall": 0.8571428571428571,
        "f1-score": 0.9230769230769231,
        "support": 49.0
    },
    "3": {
        "precision": 0.7924528301886793,
        "recall": 0.8571428571428571,
        "f1-score": 0.8235294117647058,
        "support": 49.0
    },
    "4": {
        "precision": 0.7608695652173914,
        "recall": 0.7142857142857143,
        "f1-score": 0.7368421052631579,
        "support": 49.0
    },
    "5": {
        "precision": 0.5348837209302325,
        "recall": 0.46938775510204084,
        "f1-score": 0.5,
        "support": 49.0
    },
    "6": {
        "precision": 0.27586206896551724,
        "recall": 0.16326530612244897,
        "f1-score": 0.20512820512820512,
        "support": 49.0
    },
    "7": {
        "precision": 0.0,
        "recall": 0.0,
        "f1-score": 0.0,
        "support": 49.0
    },
    "8": {
        "precision": 0.22413793103448276,
        "recall": 0.5306122448979592,
        "f1-score": 0.3151515151515151,
        "support": 49.0
    },
    "9": {
        "precision": 0.25396825396825395,
        "recall": 0.32653061224489793,
        "f1-score": 0.2857142857142857,
        "support": 49.0
    },
    "accuracy": 0.4897959183673469,
    "macro avg": {
        "precision": 0.4802717962880696,
        "recall": 0.4897959183673469,
        "f1-score": 0.4736803057623491,
        "support": 392.0
    },
    "weighted avg": {
        "precision": 0.4802717962880697,
        "recall": 0.4897959183673469,
        "f1-score": 0.4736803057623491,
        "support": 392.0
    }
}