{
    "1": {
        "precision": 1.0,
        "recall": 0.654320987654321,
        "f1-score": 0.7910447761194029,
        "support": 81.0
    },
    "2": {
        "precision": 0.6888888888888889,
        "recall": 0.7654320987654321,
        "f1-score": 0.7251461988304093,
        "support": 81.0
    },
    "3": {
        "precision": 0.8421052631578947,
        "recall": 0.7901234567901234,
        "f1-score": 0.8152866242038217,
        "support": 81.0
    },
    "4": {
        "precision": 0.7325581395348837,
        "recall": 0.7777777777777778,
        "f1-score": 0.7544910179640718,
        "support": 81.0
    },
    "5": {
        "precision": 0.6588235294117647,
        "recall": 0.691358024691358,
        "f1-score": 0.6746987951807228,
        "support": 81.0
    },
    "6": {
        "precision": 0.5648148148148148,
        "recall": 0.7530864197530864,
        "f1-score": 0.6455026455026455,
        "support": 81.0
    },
    "7": {
        "precision": 0.3888888888888889,
        "recall": 0.5185185185185185,
        "f1-score": 0.4444444444444444,
        "support": 81.0
    },
    "8": {
        "precision": 0.2897196261682243,
        "recall": 0.38271604938271603,
        "f1-score": 0.32978723404255317,
        "support": 81.0
    },
    "9": {
        "precision": 0.5384615384615384,
        "recall": 0.08641975308641975,
        "f1-score": 0.14893617021276595,
        "support": 81.0
    },
    "micro avg": {
        "precision": 0.6046831955922864,
        "recall": 0.6021947873799726,
        "f1-score": 0.6034364261168385,
        "support": 729.0
    },
    "macro avg": {
        "precision": 0.6338067432585441,
        "recall": 0.6021947873799726,
        "f1-score": 0.5921486562778708,
        "support": 729.0
    },
    "weighted avg": {
        "precision": 0.6338067432585442,
        "recall": 0.6021947873799726,
        "f1-score": 0.5921486562778708,
        "support": 729.0
    },
    "accuracy": 0.6021947873799726
}