{
    "2": {
        "precision": 0.9411764705882353,
        "recall": 0.9795918367346939,
        "f1-score": 0.96,
        "support": 49.0
    },
    "3": {
        "precision": 0.9411764705882353,
        "recall": 0.6530612244897959,
        "f1-score": 0.7710843373493976,
        "support": 49.0
    },
    "4": {
        "precision": 0.5104166666666666,
        "recall": 1.0,
        "f1-score": 0.6758620689655173,
        "support": 49.0
    },
    "5": {
        "precision": 0.8125,
        "recall": 0.2653061224489796,
        "f1-score": 0.4,
        "support": 49.0
    },
    "6": {
        "precision": 0.6052631578947368,
        "recall": 0.9387755102040817,
        "f1-score": 0.736,
        "support": 49.0
    },
    "7": {
        "precision": 0.75,
        "recall": 0.24489795918367346,
        "f1-score": 0.36923076923076925,
        "support": 49.0
    },
    "8": {
        "precision": 0.25,
        "recall": 0.02040816326530612,
        "f1-score": 0.03773584905660377,
        "support": 49.0
    },
    "9": {
        "precision": 0.494949494949495,
        "recall": 1.0,
        "f1-score": 0.6621621621621622,
        "support": 49.0
    },
    "accuracy": 0.6377551020408163,
    "macro avg": {
        "precision": 0.6631852825859211,
        "recall": 0.6377551020408163,
        "f1-score": 0.5765093983455563,
        "support": 392.0
    },
    "weighted avg": {
        "precision": 0.6631852825859211,
        "recall": 0.6377551020408163,
        "f1-score": 0.5765093983455563,
        "support": 392.0
    }
}