{
    "1": {
        "precision": 1.0,
        "recall": 1.0,
        "f1-score": 1.0,
        "support": 81.0
    },
    "2": {
        "precision": 1.0,
        "recall": 0.8641975308641975,
        "f1-score": 0.9271523178807947,
        "support": 81.0
    },
    "3": {
        "precision": 0.8533333333333334,
        "recall": 0.7901234567901234,
        "f1-score": 0.8205128205128205,
        "support": 81.0
    },
    "4": {
        "precision": 0.5277777777777778,
        "recall": 0.2345679012345679,
        "f1-score": 0.3247863247863248,
        "support": 81.0
    },
    "5": {
        "precision": 0.20512820512820512,
        "recall": 0.19753086419753085,
        "f1-score": 0.20125786163522014,
        "support": 81.0
    },
    "6": {
        "precision": 0.15789473684210525,
        "recall": 0.14814814814814814,
        "f1-score": 0.15286624203821655,
        "support": 81.0
    },
    "7": {
        "precision": 0.25,
        "recall": 0.2839506172839506,
        "f1-score": 0.2658959537572254,
        "support": 81.0
    },
    "8": {
        "precision": 0.046511627906976744,
        "recall": 0.024691358024691357,
        "f1-score": 0.03225806451612903,
        "support": 81.0
    },
    "9": {
        "precision": 0.05555555555555555,
        "recall": 0.04938271604938271,
        "f1-score": 0.05228758169934641,
        "support": 81.0
    },
    "micro avg": {
        "precision": 0.46709470304975925,
        "recall": 0.3991769547325103,
        "f1-score": 0.43047337278106507,
        "support": 729.0
    },
    "macro avg": {
        "precision": 0.45513347072710597,
        "recall": 0.3991769547325103,
        "f1-score": 0.4196685740917864,
        "support": 729.0
    },
    "weighted avg": {
        "precision": 0.455133470727106,
        "recall": 0.3991769547325103,
        "f1-score": 0.41966857409178643,
        "support": 729.0
    },
    "accuracy": 0.3991769547325103
}