{
    "2": {
        "precision": 1.0,
        "recall": 0.22448979591836735,
        "f1-score": 0.36666666666666664,
        "support": 49.0
    },
    "3": {
        "precision": 0.16666666666666666,
        "recall": 0.14285714285714285,
        "f1-score": 0.15384615384615385,
        "support": 49.0
    },
    "4": {
        "precision": 0.3333333333333333,
        "recall": 0.4897959183673469,
        "f1-score": 0.39669421487603307,
        "support": 49.0
    },
    "5": {
        "precision": 0.11764705882352941,
        "recall": 0.04081632653061224,
        "f1-score": 0.06060606060606061,
        "support": 49.0
    },
    "6": {
        "precision": 0.3111111111111111,
        "recall": 0.5714285714285714,
        "f1-score": 0.4028776978417266,
        "support": 49.0
    },
    "7": {
        "precision": 0.35714285714285715,
        "recall": 0.10204081632653061,
        "f1-score": 0.15873015873015872,
        "support": 49.0
    },
    "8": {
        "precision": 0.21428571428571427,
        "recall": 0.1836734693877551,
        "f1-score": 0.1978021978021978,
        "support": 49.0
    },
    "9": {
        "precision": 0.4230769230769231,
        "recall": 0.8979591836734694,
        "f1-score": 0.5751633986928104,
        "support": 49.0
    },
    "accuracy": 0.33163265306122447,
    "macro avg": {
        "precision": 0.3654079580550169,
        "recall": 0.3316326530612245,
        "f1-score": 0.28904831863272595,
        "support": 392.0
    },
    "weighted avg": {
        "precision": 0.3654079580550169,
        "recall": 0.33163265306122447,
        "f1-score": 0.28904831863272595,
        "support": 392.0
    }
}