{
    "1": {
        "precision": 1.0,
        "recall": 0.6790123456790124,
        "f1-score": 0.8088235294117647,
        "support": 81.0
    },
    "2": {
        "precision": 0.7142857142857143,
        "recall": 0.8024691358024691,
        "f1-score": 0.7558139534883721,
        "support": 81.0
    },
    "3": {
        "precision": 0.8783783783783784,
        "recall": 0.8024691358024691,
        "f1-score": 0.8387096774193549,
        "support": 81.0
    },
    "4": {
        "precision": 0.7931034482758621,
        "recall": 0.8518518518518519,
        "f1-score": 0.8214285714285714,
        "support": 81.0
    },
    "5": {
        "precision": 0.8,
        "recall": 0.7901234567901234,
        "f1-score": 0.7950310559006211,
        "support": 81.0
    },
    "6": {
        "precision": 0.6146788990825688,
        "recall": 0.8271604938271605,
        "f1-score": 0.7052631578947368,
        "support": 81.0
    },
    "7": {
        "precision": 0.4842105263157895,
        "recall": 0.5679012345679012,
        "f1-score": 0.5227272727272727,
        "support": 81.0
    },
    "8": {
        "precision": 0.35398230088495575,
        "recall": 0.49382716049382713,
        "f1-score": 0.41237113402061853,
        "support": 81.0
    },
    "9": {
        "precision": 0.7368421052631579,
        "recall": 0.1728395061728395,
        "f1-score": 0.28,
        "support": 81.0
    },
    "micro avg": {
        "precision": 0.6708160442600276,
        "recall": 0.6652949245541838,
        "f1-score": 0.6680440771349863,
        "support": 729.0
    },
    "macro avg": {
        "precision": 0.7083868191651584,
        "recall": 0.6652949245541838,
        "f1-score": 0.6600187058101459,
        "support": 729.0
    },
    "weighted avg": {
        "precision": 0.7083868191651584,
        "recall": 0.6652949245541838,
        "f1-score": 0.6600187058101458,
        "support": 729.0
    },
    "accuracy": 0.6652949245541838
}