{
    "1": {
        "precision": 0.1951219512195122,
        "recall": 0.9876543209876543,
        "f1-score": 0.3258655804480652,
        "support": 81.0
    },
    "2": {
        "precision": 0.948051948051948,
        "recall": 0.9012345679012346,
        "f1-score": 0.9240506329113924,
        "support": 81.0
    },
    "3": {
        "precision": 0.8021978021978022,
        "recall": 0.9012345679012346,
        "f1-score": 0.8488372093023255,
        "support": 81.0
    },
    "4": {
        "precision": 0.8055555555555556,
        "recall": 0.35802469135802467,
        "f1-score": 0.49572649572649574,
        "support": 81.0
    },
    "5": {
        "precision": 0.5,
        "recall": 0.35802469135802467,
        "f1-score": 0.4172661870503597,
        "support": 81.0
    },
    "6": {
        "precision": 1.0,
        "recall": 0.037037037037037035,
        "f1-score": 0.07142857142857142,
        "support": 81.0
    },
    "7": {
        "precision": 0.4117647058823529,
        "recall": 0.25925925925925924,
        "f1-score": 0.3181818181818182,
        "support": 81.0
    },
    "8": {
        "precision": 0.0,
        "recall": 0.0,
        "f1-score": 0.0,
        "support": 81.0
    },
    "9": {
        "precision": 1.0,
        "recall": 0.037037037037037035,
        "f1-score": 0.07142857142857142,
        "support": 81.0
    },
    "accuracy": 0.42661179698216734,
    "macro avg": {
        "precision": 0.6291879958785747,
        "recall": 0.4266117969821674,
        "f1-score": 0.3858650073864,
        "support": 729.0
    },
    "weighted avg": {
        "precision": 0.6291879958785745,
        "recall": 0.42661179698216734,
        "f1-score": 0.38586500738639995,
        "support": 729.0
    }
}