{
    "2": {
        "precision": 0.7272727272727273,
        "recall": 0.16326530612244897,
        "f1-score": 0.26666666666666666,
        "support": 49.0
    },
    "3": {
        "precision": 0.26282051282051283,
        "recall": 0.8367346938775511,
        "f1-score": 0.4,
        "support": 49.0
    },
    "4": {
        "precision": 0.75,
        "recall": 0.24489795918367346,
        "f1-score": 0.36923076923076925,
        "support": 49.0
    },
    "5": {
        "precision": 0.0,
        "recall": 0.0,
        "f1-score": 0.0,
        "support": 49.0
    },
    "6": {
        "precision": 1.0,
        "recall": 0.10204081632653061,
        "f1-score": 0.18518518518518517,
        "support": 49.0
    },
    "7": {
        "precision": 0.014084507042253521,
        "recall": 0.02040816326530612,
        "f1-score": 0.016666666666666666,
        "support": 49.0
    },
    "8": {
        "precision": 0.09433962264150944,
        "recall": 0.10204081632653061,
        "f1-score": 0.09803921568627451,
        "support": 49.0
    },
    "9": {
        "precision": 0.1,
        "recall": 0.16326530612244897,
        "f1-score": 0.12403100775193798,
        "support": 49.0
    },
    "accuracy": 0.20408163265306123,
    "macro avg": {
        "precision": 0.3685646712221254,
        "recall": 0.20408163265306123,
        "f1-score": 0.18247743889843754,
        "support": 392.0
    },
    "weighted avg": {
        "precision": 0.3685646712221254,
        "recall": 0.20408163265306123,
        "f1-score": 0.18247743889843754,
        "support": 392.0
    }
}