{
    "1": {
        "precision": 1.0,
        "recall": 1.0,
        "f1-score": 1.0,
        "support": 81.0
    },
    "2": {
        "precision": 1.0,
        "recall": 0.9259259259259259,
        "f1-score": 0.9615384615384616,
        "support": 81.0
    },
    "3": {
        "precision": 0.9104477611940298,
        "recall": 0.7530864197530864,
        "f1-score": 0.8243243243243243,
        "support": 81.0
    },
    "4": {
        "precision": 0.6923076923076923,
        "recall": 0.5555555555555556,
        "f1-score": 0.6164383561643836,
        "support": 81.0
    },
    "5": {
        "precision": 0.4864864864864865,
        "recall": 0.4444444444444444,
        "f1-score": 0.4645161290322581,
        "support": 81.0
    },
    "6": {
        "precision": 0.3684210526315789,
        "recall": 0.345679012345679,
        "f1-score": 0.35668789808917195,
        "support": 81.0
    },
    "7": {
        "precision": 0.38823529411764707,
        "recall": 0.4074074074074074,
        "f1-score": 0.39759036144578314,
        "support": 81.0
    },
    "8": {
        "precision": 0.4367816091954023,
        "recall": 0.4691358024691358,
        "f1-score": 0.4523809523809524,
        "support": 81.0
    },
    "9": {
        "precision": 0.4875,
        "recall": 0.48148148148148145,
        "f1-score": 0.484472049689441,
        "support": 81.0
    },
    "micro avg": {
        "precision": 0.6318840579710145,
        "recall": 0.598079561042524,
        "f1-score": 0.6145172656800564,
        "support": 729.0
    },
    "macro avg": {
        "precision": 0.641131099548093,
        "recall": 0.598079561042524,
        "f1-score": 0.617549836962753,
        "support": 729.0
    },
    "weighted avg": {
        "precision": 0.641131099548093,
        "recall": 0.598079561042524,
        "f1-score": 0.6175498369627529,
        "support": 729.0
    },
    "accuracy": 0.598079561042524
}