{
    "1": {
        "precision": 1.0,
        "recall": 1.0,
        "f1-score": 1.0,
        "support": 81.0
    },
    "2": {
        "precision": 0.9523809523809523,
        "recall": 0.9876543209876543,
        "f1-score": 0.9696969696969697,
        "support": 81.0
    },
    "3": {
        "precision": 0.8860759493670886,
        "recall": 0.8641975308641975,
        "f1-score": 0.875,
        "support": 81.0
    },
    "4": {
        "precision": 0.7727272727272727,
        "recall": 0.41975308641975306,
        "f1-score": 0.544,
        "support": 81.0
    },
    "5": {
        "precision": 0.4864864864864865,
        "recall": 0.4444444444444444,
        "f1-score": 0.4645161290322581,
        "support": 81.0
    },
    "6": {
        "precision": 0.2619047619047619,
        "recall": 0.13580246913580246,
        "f1-score": 0.17886178861788618,
        "support": 81.0
    },
    "7": {
        "precision": 0.20967741935483872,
        "recall": 0.16049382716049382,
        "f1-score": 0.18181818181818182,
        "support": 81.0
    },
    "8": {
        "precision": 0.26811594202898553,
        "recall": 0.4567901234567901,
        "f1-score": 0.3378995433789954,
        "support": 81.0
    },
    "9": {
        "precision": 0.3793103448275862,
        "recall": 0.13580246913580246,
        "f1-score": 0.2,
        "support": 81.0
    },
    "micro avg": {
        "precision": 0.5892575039494471,
        "recall": 0.5116598079561042,
        "f1-score": 0.5477239353891337,
        "support": 729.0
    },
    "macro avg": {
        "precision": 0.579631014341997,
        "recall": 0.5116598079561042,
        "f1-score": 0.5279769569493657,
        "support": 729.0
    },
    "weighted avg": {
        "precision": 0.5796310143419969,
        "recall": 0.5116598079561042,
        "f1-score": 0.5279769569493657,
        "support": 729.0
    },
    "accuracy": 0.5116598079561042
}