{
    "2": {
        "precision": 0.9245283018867925,
        "recall": 1.0,
        "f1-score": 0.9607843137254902,
        "support": 49.0
    },
    "3": {
        "precision": 0.9393939393939394,
        "recall": 0.6326530612244898,
        "f1-score": 0.7560975609756098,
        "support": 49.0
    },
    "4": {
        "precision": 0.46226415094339623,
        "recall": 1.0,
        "f1-score": 0.632258064516129,
        "support": 49.0
    },
    "5": {
        "precision": 0.625,
        "recall": 0.10204081632653061,
        "f1-score": 0.17543859649122806,
        "support": 49.0
    },
    "6": {
        "precision": 0.6197183098591549,
        "recall": 0.8979591836734694,
        "f1-score": 0.7333333333333333,
        "support": 49.0
    },
    "7": {
        "precision": 0.8095238095238095,
        "recall": 0.3469387755102041,
        "f1-score": 0.4857142857142857,
        "support": 49.0
    },
    "8": {
        "precision": 0.3333333333333333,
        "recall": 0.02040816326530612,
        "f1-score": 0.038461538461538464,
        "support": 49.0
    },
    "9": {
        "precision": 0.4948453608247423,
        "recall": 0.9795918367346939,
        "f1-score": 0.6575342465753424,
        "support": 49.0
    },
    "accuracy": 0.6224489795918368,
    "macro avg": {
        "precision": 0.6510759007206459,
        "recall": 0.6224489795918368,
        "f1-score": 0.5549527424741196,
        "support": 392.0
    },
    "weighted avg": {
        "precision": 0.651075900720646,
        "recall": 0.6224489795918368,
        "f1-score": 0.5549527424741196,
        "support": 392.0
    }
}