{
    "2": {
        "precision": 1.0,
        "recall": 0.3673469387755102,
        "f1-score": 0.5373134328358209,
        "support": 49.0
    },
    "3": {
        "precision": 0.5454545454545454,
        "recall": 0.7346938775510204,
        "f1-score": 0.6260869565217392,
        "support": 49.0
    },
    "4": {
        "precision": 0.7540983606557377,
        "recall": 0.9387755102040817,
        "f1-score": 0.8363636363636363,
        "support": 49.0
    },
    "5": {
        "precision": 0.9333333333333333,
        "recall": 0.2857142857142857,
        "f1-score": 0.4375,
        "support": 49.0
    },
    "6": {
        "precision": 0.546875,
        "recall": 0.7142857142857143,
        "f1-score": 0.6194690265486725,
        "support": 49.0
    },
    "7": {
        "precision": 0.0,
        "recall": 0.0,
        "f1-score": 0.0,
        "support": 49.0
    },
    "8": {
        "precision": 0.2708333333333333,
        "recall": 0.5306122448979592,
        "f1-score": 0.3586206896551724,
        "support": 49.0
    },
    "9": {
        "precision": 0.2535211267605634,
        "recall": 0.3673469387755102,
        "f1-score": 0.3,
        "support": 49.0
    },
    "accuracy": 0.4923469387755102,
    "macro avg": {
        "precision": 0.5380144624421892,
        "recall": 0.4923469387755103,
        "f1-score": 0.4644192177406302,
        "support": 392.0
    },
    "weighted avg": {
        "precision": 0.5380144624421891,
        "recall": 0.4923469387755102,
        "f1-score": 0.46441921774063016,
        "support": 392.0
    }
}