{
    "2": {
        "precision": 1.0,
        "recall": 0.7959183673469388,
        "f1-score": 0.8863636363636364,
        "support": 49.0
    },
    "3": {
        "precision": 0.7959183673469388,
        "recall": 0.7959183673469388,
        "f1-score": 0.7959183673469388,
        "support": 49.0
    },
    "4": {
        "precision": 0.7142857142857143,
        "recall": 0.5102040816326531,
        "f1-score": 0.5952380952380952,
        "support": 49.0
    },
    "5": {
        "precision": 0.5102040816326531,
        "recall": 0.5102040816326531,
        "f1-score": 0.5102040816326531,
        "support": 49.0
    },
    "6": {
        "precision": 0.4878048780487805,
        "recall": 0.40816326530612246,
        "f1-score": 0.4444444444444444,
        "support": 49.0
    },
    "7": {
        "precision": 0.40350877192982454,
        "recall": 0.46938775510204084,
        "f1-score": 0.4339622641509434,
        "support": 49.0
    },
    "8": {
        "precision": 0.4473684210526316,
        "recall": 0.3469387755102041,
        "f1-score": 0.39080459770114945,
        "support": 49.0
    },
    "9": {
        "precision": 0.5301204819277109,
        "recall": 0.8979591836734694,
        "f1-score": 0.6666666666666666,
        "support": 49.0
    },
    "micro avg": {
        "precision": 0.5933503836317136,
        "recall": 0.5918367346938775,
        "f1-score": 0.5925925925925926,
        "support": 392.0
    },
    "macro avg": {
        "precision": 0.6111513395280317,
        "recall": 0.5918367346938775,
        "f1-score": 0.590450269193066,
        "support": 392.0
    },
    "weighted avg": {
        "precision": 0.6111513395280317,
        "recall": 0.5918367346938775,
        "f1-score": 0.590450269193066,
        "support": 392.0
    },
    "accuracy": 0.5918367346938775
}