{
    "1": {
        "precision": 0.003305785123966942,
        "recall": 0.00823045267489712,
        "f1-score": 0.0047169811320754715,
        "support": 243.0
    },
    "2": {
        "precision": 0.42032332563510394,
        "recall": 0.7489711934156379,
        "f1-score": 0.5384615384615384,
        "support": 243.0
    },
    "3": {
        "precision": 0.7027027027027027,
        "recall": 0.7489711934156379,
        "f1-score": 0.7250996015936255,
        "support": 243.0
    },
    "4": {
        "precision": 0.4235294117647059,
        "recall": 0.14814814814814814,
        "f1-score": 0.21951219512195122,
        "support": 243.0
    },
    "5": {
        "precision": 0.4392523364485981,
        "recall": 0.7736625514403292,
        "f1-score": 0.5603576751117735,
        "support": 243.0
    },
    "6": {
        "precision": 1.0,
        "recall": 0.00823045267489712,
        "f1-score": 0.0163265306122449,
        "support": 243.0
    },
    "7": {
        "precision": 0.33534743202416917,
        "recall": 0.4567901234567901,
        "f1-score": 0.3867595818815331,
        "support": 243.0
    },
    "8": {
        "precision": 0.0,
        "recall": 0.0,
        "f1-score": 0.0,
        "support": 243.0
    },
    "9": {
        "precision": 0.5681818181818182,
        "recall": 0.102880658436214,
        "f1-score": 0.17421602787456447,
        "support": 243.0
    },
    "accuracy": 0.33287608596250573,
    "macro avg": {
        "precision": 0.432515867986785,
        "recall": 0.3328760859625057,
        "f1-score": 0.29171668130992295,
        "support": 2187.0
    },
    "weighted avg": {
        "precision": 0.432515867986785,
        "recall": 0.33287608596250573,
        "f1-score": 0.29171668130992295,
        "support": 2187.0
    }
}