{
    "2": {
        "precision": 1.0,
        "recall": 0.5918367346938775,
        "f1-score": 0.7435897435897436,
        "support": 49.0
    },
    "3": {
        "precision": 0.576271186440678,
        "recall": 0.6938775510204082,
        "f1-score": 0.6296296296296297,
        "support": 49.0
    },
    "4": {
        "precision": 0.4166666666666667,
        "recall": 0.30612244897959184,
        "f1-score": 0.35294117647058826,
        "support": 49.0
    },
    "5": {
        "precision": 0.4594594594594595,
        "recall": 0.6938775510204082,
        "f1-score": 0.5528455284552846,
        "support": 49.0
    },
    "6": {
        "precision": 0.3448275862068966,
        "recall": 0.40816326530612246,
        "f1-score": 0.37383177570093457,
        "support": 49.0
    },
    "7": {
        "precision": 0.2,
        "recall": 0.02040816326530612,
        "f1-score": 0.037037037037037035,
        "support": 49.0
    },
    "8": {
        "precision": 0.30120481927710846,
        "recall": 0.5102040816326531,
        "f1-score": 0.3787878787878788,
        "support": 49.0
    },
    "9": {
        "precision": 0.3333333333333333,
        "recall": 0.32653061224489793,
        "f1-score": 0.32989690721649484,
        "support": 49.0
    },
    "accuracy": 0.44387755102040816,
    "macro avg": {
        "precision": 0.45397038142301777,
        "recall": 0.44387755102040816,
        "f1-score": 0.4248199596109489,
        "support": 392.0
    },
    "weighted avg": {
        "precision": 0.45397038142301777,
        "recall": 0.44387755102040816,
        "f1-score": 0.4248199596109489,
        "support": 392.0
    }
}