{
    "2": {
        "precision": 1.0,
        "recall": 1.0,
        "f1-score": 1.0,
        "support": 49.0
    },
    "3": {
        "precision": 1.0,
        "recall": 1.0,
        "f1-score": 1.0,
        "support": 49.0
    },
    "4": {
        "precision": 0.6901408450704225,
        "recall": 1.0,
        "f1-score": 0.8166666666666667,
        "support": 49.0
    },
    "5": {
        "precision": 0.27835051546391754,
        "recall": 0.5510204081632653,
        "f1-score": 0.3698630136986301,
        "support": 49.0
    },
    "6": {
        "precision": 0.03125,
        "recall": 0.02040816326530612,
        "f1-score": 0.024691358024691357,
        "support": 49.0
    },
    "7": {
        "precision": 0.0847457627118644,
        "recall": 0.10204081632653061,
        "f1-score": 0.09259259259259259,
        "support": 49.0
    },
    "8": {
        "precision": 0.07407407407407407,
        "recall": 0.04081632653061224,
        "f1-score": 0.05263157894736842,
        "support": 49.0
    },
    "9": {
        "precision": 1.0,
        "recall": 0.16326530612244897,
        "f1-score": 0.2807017543859649,
        "support": 49.0
    },
    "accuracy": 0.4846938775510204,
    "macro avg": {
        "precision": 0.5198201496650348,
        "recall": 0.4846938775510204,
        "f1-score": 0.4546433705394892,
        "support": 392.0
    },
    "weighted avg": {
        "precision": 0.5198201496650348,
        "recall": 0.4846938775510204,
        "f1-score": 0.4546433705394893,
        "support": 392.0
    }
}