{
    "2": {
        "precision": 1.0,
        "recall": 0.4489795918367347,
        "f1-score": 0.6197183098591549,
        "support": 49.0
    },
    "3": {
        "precision": 0.6346153846153846,
        "recall": 0.673469387755102,
        "f1-score": 0.6534653465346535,
        "support": 49.0
    },
    "4": {
        "precision": 0.6052631578947368,
        "recall": 0.46938775510204084,
        "f1-score": 0.5287356321839081,
        "support": 49.0
    },
    "5": {
        "precision": 0.5806451612903226,
        "recall": 0.3673469387755102,
        "f1-score": 0.45,
        "support": 49.0
    },
    "6": {
        "precision": 0.5064935064935064,
        "recall": 0.7959183673469388,
        "f1-score": 0.6190476190476191,
        "support": 49.0
    },
    "7": {
        "precision": 0.6,
        "recall": 0.7959183673469388,
        "f1-score": 0.6842105263157895,
        "support": 49.0
    },
    "8": {
        "precision": 0.4536082474226804,
        "recall": 0.8979591836734694,
        "f1-score": 0.6027397260273972,
        "support": 49.0
    },
    "9": {
        "precision": 0.9,
        "recall": 0.1836734693877551,
        "f1-score": 0.3050847457627119,
        "support": 49.0
    },
    "accuracy": 0.5790816326530612,
    "macro avg": {
        "precision": 0.6600781822145789,
        "recall": 0.5790816326530612,
        "f1-score": 0.5578752382164043,
        "support": 392.0
    },
    "weighted avg": {
        "precision": 0.6600781822145789,
        "recall": 0.5790816326530612,
        "f1-score": 0.5578752382164042,
        "support": 392.0
    }
}