{
    "2": {
        "precision": 0.6757369614512472,
        "recall": 0.2534013605442177,
        "f1-score": 0.3685837971552257,
        "support": 1176.0
    },
    "3": {
        "precision": 0.23483870967741935,
        "recall": 0.15476190476190477,
        "f1-score": 0.1865709892362891,
        "support": 1176.0
    },
    "4": {
        "precision": 0.27076784912438256,
        "recall": 0.5127551020408163,
        "f1-score": 0.35439318248604174,
        "support": 1176.0
    },
    "5": {
        "precision": 0.20576923076923076,
        "recall": 0.09098639455782313,
        "f1-score": 0.12617924528301888,
        "support": 1176.0
    },
    "6": {
        "precision": 0.226546212647672,
        "recall": 0.27721088435374147,
        "f1-score": 0.24933078393881453,
        "support": 1176.0
    },
    "7": {
        "precision": 0.2,
        "recall": 0.10119047619047619,
        "f1-score": 0.13438735177865613,
        "support": 1176.0
    },
    "8": {
        "precision": 0.1996007984031936,
        "recall": 0.17006802721088435,
        "f1-score": 0.18365472910927455,
        "support": 1176.0
    },
    "9": {
        "precision": 0.3105022831050228,
        "recall": 0.6360544217687075,
        "f1-score": 0.4172942817294282,
        "support": 1176.0
    },
    "accuracy": 0.27455357142857145,
    "macro avg": {
        "precision": 0.290470255647271,
        "recall": 0.2745535714285714,
        "f1-score": 0.2525492950895936,
        "support": 9408.0
    },
    "weighted avg": {
        "precision": 0.290470255647271,
        "recall": 0.27455357142857145,
        "f1-score": 0.2525492950895936,
        "support": 9408.0
    }
}