{
    "1": {
        "precision": 0.48936170212765956,
        "recall": 0.8518518518518519,
        "f1-score": 0.6216216216216216,
        "support": 81.0
    },
    "2": {
        "precision": 0.8426966292134831,
        "recall": 0.9259259259259259,
        "f1-score": 0.8823529411764706,
        "support": 81.0
    },
    "3": {
        "precision": 0.5895522388059702,
        "recall": 0.9753086419753086,
        "f1-score": 0.7348837209302326,
        "support": 81.0
    },
    "4": {
        "precision": 0.9285714285714286,
        "recall": 0.16049382716049382,
        "f1-score": 0.2736842105263158,
        "support": 81.0
    },
    "5": {
        "precision": 0.5035460992907801,
        "recall": 0.8765432098765432,
        "f1-score": 0.6396396396396397,
        "support": 81.0
    },
    "6": {
        "precision": 0.0,
        "recall": 0.0,
        "f1-score": 0.0,
        "support": 81.0
    },
    "7": {
        "precision": 0.40522875816993464,
        "recall": 0.7654320987654321,
        "f1-score": 0.5299145299145299,
        "support": 81.0
    },
    "8": {
        "precision": 0.0,
        "recall": 0.0,
        "f1-score": 0.0,
        "support": 81.0
    },
    "9": {
        "precision": 0.6666666666666666,
        "recall": 0.4691358024691358,
        "f1-score": 0.5507246376811594,
        "support": 81.0
    },
    "accuracy": 0.5582990397805213,
    "macro avg": {
        "precision": 0.4917359469828803,
        "recall": 0.5582990397805213,
        "f1-score": 0.47031347794332995,
        "support": 729.0
    },
    "weighted avg": {
        "precision": 0.49173594698288037,
        "recall": 0.5582990397805213,
        "f1-score": 0.47031347794333,
        "support": 729.0
    }
}