{
    "2": {
        "precision": 1.0,
        "recall": 1.0,
        "f1-score": 1.0,
        "support": 49.0
    },
    "3": {
        "precision": 0.9423076923076923,
        "recall": 1.0,
        "f1-score": 0.9702970297029703,
        "support": 49.0
    },
    "4": {
        "precision": 0.7627118644067796,
        "recall": 0.9183673469387755,
        "f1-score": 0.8333333333333334,
        "support": 49.0
    },
    "5": {
        "precision": 0.5555555555555556,
        "recall": 0.7142857142857143,
        "f1-score": 0.625,
        "support": 49.0
    },
    "6": {
        "precision": 0.8,
        "recall": 0.32653061224489793,
        "f1-score": 0.463768115942029,
        "support": 49.0
    },
    "7": {
        "precision": 0.5733333333333334,
        "recall": 0.8775510204081632,
        "f1-score": 0.6935483870967742,
        "support": 49.0
    },
    "8": {
        "precision": 0.5609756097560976,
        "recall": 0.46938775510204084,
        "f1-score": 0.5111111111111111,
        "support": 49.0
    },
    "9": {
        "precision": 0.9393939393939394,
        "recall": 0.6326530612244898,
        "f1-score": 0.7560975609756098,
        "support": 49.0
    },
    "accuracy": 0.7423469387755102,
    "macro avg": {
        "precision": 0.7667847493441747,
        "recall": 0.7423469387755102,
        "f1-score": 0.7316444422702284,
        "support": 392.0
    },
    "weighted avg": {
        "precision": 0.7667847493441747,
        "recall": 0.7423469387755102,
        "f1-score": 0.7316444422702285,
        "support": 392.0
    }
}