{
    "2": {
        "precision": 0.7346938775510204,
        "recall": 0.7346938775510204,
        "f1-score": 0.7346938775510204,
        "support": 49.0
    },
    "3": {
        "precision": 0.6341463414634146,
        "recall": 0.5306122448979592,
        "f1-score": 0.5777777777777777,
        "support": 49.0
    },
    "4": {
        "precision": 0.5362318840579711,
        "recall": 0.7551020408163265,
        "f1-score": 0.6271186440677966,
        "support": 49.0
    },
    "5": {
        "precision": 0.8125,
        "recall": 0.2653061224489796,
        "f1-score": 0.4,
        "support": 49.0
    },
    "6": {
        "precision": 0.5094339622641509,
        "recall": 0.5510204081632653,
        "f1-score": 0.5294117647058824,
        "support": 49.0
    },
    "7": {
        "precision": 0.6666666666666666,
        "recall": 0.04081632653061224,
        "f1-score": 0.07692307692307693,
        "support": 49.0
    },
    "8": {
        "precision": 0.2616822429906542,
        "recall": 0.5714285714285714,
        "f1-score": 0.358974358974359,
        "support": 49.0
    },
    "9": {
        "precision": 0.23076923076923078,
        "recall": 0.24489795918367346,
        "f1-score": 0.2376237623762376,
        "support": 49.0
    },
    "micro avg": {
        "precision": 0.4641025641025641,
        "recall": 0.461734693877551,
        "f1-score": 0.4629156010230179,
        "support": 392.0
    },
    "macro avg": {
        "precision": 0.5482655257203886,
        "recall": 0.461734693877551,
        "f1-score": 0.4428154077970189,
        "support": 392.0
    },
    "weighted avg": {
        "precision": 0.5482655257203886,
        "recall": 0.461734693877551,
        "f1-score": 0.44281540779701883,
        "support": 392.0
    },
    "accuracy": 0.461734693877551
}