{
    "2": {
        "precision": 1.0,
        "recall": 0.9795918367346939,
        "f1-score": 0.9896907216494846,
        "support": 49.0
    },
    "3": {
        "precision": 0.9787234042553191,
        "recall": 0.9387755102040817,
        "f1-score": 0.9583333333333334,
        "support": 49.0
    },
    "4": {
        "precision": 0.7457627118644068,
        "recall": 0.8979591836734694,
        "f1-score": 0.8148148148148148,
        "support": 49.0
    },
    "5": {
        "precision": 0.4868421052631579,
        "recall": 0.7551020408163265,
        "f1-score": 0.592,
        "support": 49.0
    },
    "6": {
        "precision": 0.375,
        "recall": 0.30612244897959184,
        "f1-score": 0.33707865168539325,
        "support": 49.0
    },
    "7": {
        "precision": 0.2727272727272727,
        "recall": 0.4897959183673469,
        "f1-score": 0.35036496350364965,
        "support": 49.0
    },
    "8": {
        "precision": 0.030303030303030304,
        "recall": 0.02040816326530612,
        "f1-score": 0.024390243902439025,
        "support": 49.0
    },
    "9": {
        "precision": 1.0,
        "recall": 0.02040816326530612,
        "f1-score": 0.04,
        "support": 49.0
    },
    "accuracy": 0.5510204081632653,
    "macro avg": {
        "precision": 0.6111698155516483,
        "recall": 0.5510204081632653,
        "f1-score": 0.5133340911111394,
        "support": 392.0
    },
    "weighted avg": {
        "precision": 0.6111698155516484,
        "recall": 0.5510204081632653,
        "f1-score": 0.5133340911111394,
        "support": 392.0
    }
}