{
    "1": {
        "precision": 1.0,
        "recall": 0.4691358024691358,
        "f1-score": 0.6386554621848739,
        "support": 81.0
    },
    "2": {
        "precision": 0.49411764705882355,
        "recall": 0.5185185185185185,
        "f1-score": 0.5060240963855421,
        "support": 81.0
    },
    "3": {
        "precision": 0.6103896103896104,
        "recall": 0.5802469135802469,
        "f1-score": 0.5949367088607594,
        "support": 81.0
    },
    "4": {
        "precision": 0.6075949367088608,
        "recall": 0.5925925925925926,
        "f1-score": 0.6,
        "support": 81.0
    },
    "5": {
        "precision": 0.7166666666666667,
        "recall": 0.5308641975308642,
        "f1-score": 0.6099290780141844,
        "support": 81.0
    },
    "6": {
        "precision": 0.44360902255639095,
        "recall": 0.7283950617283951,
        "f1-score": 0.5514018691588785,
        "support": 81.0
    },
    "7": {
        "precision": 0.36551724137931035,
        "recall": 0.654320987654321,
        "f1-score": 0.4690265486725664,
        "support": 81.0
    },
    "8": {
        "precision": 0.375,
        "recall": 0.2962962962962963,
        "f1-score": 0.3310344827586207,
        "support": 81.0
    },
    "9": {
        "precision": 0.625,
        "recall": 0.37037037037037035,
        "f1-score": 0.46511627906976744,
        "support": 81.0
    },
    "accuracy": 0.5267489711934157,
    "macro avg": {
        "precision": 0.5819883471955181,
        "recall": 0.5267489711934156,
        "f1-score": 0.5295693916783547,
        "support": 729.0
    },
    "weighted avg": {
        "precision": 0.5819883471955181,
        "recall": 0.5267489711934157,
        "f1-score": 0.5295693916783547,
        "support": 729.0
    }
}