{
    "1": {
        "precision": 1.0,
        "recall": 1.0,
        "f1-score": 1.0,
        "support": 81.0
    },
    "2": {
        "precision": 0.8315789473684211,
        "recall": 0.9753086419753086,
        "f1-score": 0.8977272727272727,
        "support": 81.0
    },
    "3": {
        "precision": 0.5847457627118644,
        "recall": 0.8518518518518519,
        "f1-score": 0.6934673366834171,
        "support": 81.0
    },
    "4": {
        "precision": 0.6027397260273972,
        "recall": 0.5432098765432098,
        "f1-score": 0.5714285714285714,
        "support": 81.0
    },
    "5": {
        "precision": 0.5277777777777778,
        "recall": 0.2345679012345679,
        "f1-score": 0.3247863247863248,
        "support": 81.0
    },
    "6": {
        "precision": 0.38461538461538464,
        "recall": 0.12345679012345678,
        "f1-score": 0.18691588785046728,
        "support": 81.0
    },
    "7": {
        "precision": 0.0,
        "recall": 0.0,
        "f1-score": 0.0,
        "support": 81.0
    },
    "8": {
        "precision": 0.24598930481283424,
        "recall": 0.5679012345679012,
        "f1-score": 0.34328358208955223,
        "support": 81.0
    },
    "9": {
        "precision": 0.2882882882882883,
        "recall": 0.3950617283950617,
        "f1-score": 0.3333333333333333,
        "support": 81.0
    },
    "accuracy": 0.5212620027434842,
    "macro avg": {
        "precision": 0.4961927990668853,
        "recall": 0.5212620027434842,
        "f1-score": 0.48343803432210425,
        "support": 729.0
    },
    "weighted avg": {
        "precision": 0.49619279906688535,
        "recall": 0.5212620027434842,
        "f1-score": 0.4834380343221043,
        "support": 729.0
    }
}