{
    "1": {
        "precision": 1.0,
        "recall": 1.0,
        "f1-score": 1.0,
        "support": 81.0
    },
    "2": {
        "precision": 1.0,
        "recall": 0.9753086419753086,
        "f1-score": 0.9875,
        "support": 81.0
    },
    "3": {
        "precision": 0.9620253164556962,
        "recall": 0.9382716049382716,
        "f1-score": 0.95,
        "support": 81.0
    },
    "4": {
        "precision": 0.92,
        "recall": 0.8518518518518519,
        "f1-score": 0.8846153846153846,
        "support": 81.0
    },
    "5": {
        "precision": 0.810126582278481,
        "recall": 0.7901234567901234,
        "f1-score": 0.8,
        "support": 81.0
    },
    "6": {
        "precision": 0.7534246575342466,
        "recall": 0.6790123456790124,
        "f1-score": 0.7142857142857143,
        "support": 81.0
    },
    "7": {
        "precision": 0.6623376623376623,
        "recall": 0.6296296296296297,
        "f1-score": 0.6455696202531646,
        "support": 81.0
    },
    "8": {
        "precision": 0.582089552238806,
        "recall": 0.48148148148148145,
        "f1-score": 0.527027027027027,
        "support": 81.0
    },
    "9": {
        "precision": 0.5529411764705883,
        "recall": 0.5802469135802469,
        "f1-score": 0.5662650602409639,
        "support": 81.0
    },
    "micro avg": {
        "precision": 0.8071942446043165,
        "recall": 0.7695473251028807,
        "f1-score": 0.7879213483146067,
        "support": 729.0
    },
    "macro avg": {
        "precision": 0.8047716608128312,
        "recall": 0.7695473251028806,
        "f1-score": 0.7861403118246949,
        "support": 729.0
    },
    "weighted avg": {
        "precision": 0.8047716608128311,
        "recall": 0.7695473251028807,
        "f1-score": 0.786140311824695,
        "support": 729.0
    },
    "accuracy": 0.7695473251028807
}