{
    "2": {
        "precision": 1.0,
        "recall": 0.6938775510204082,
        "f1-score": 0.8192771084337349,
        "support": 49.0
    },
    "3": {
        "precision": 0.6153846153846154,
        "recall": 0.4897959183673469,
        "f1-score": 0.5454545454545454,
        "support": 49.0
    },
    "4": {
        "precision": 0.4897959183673469,
        "recall": 0.4897959183673469,
        "f1-score": 0.4897959183673469,
        "support": 49.0
    },
    "5": {
        "precision": 0.5614035087719298,
        "recall": 0.6530612244897959,
        "f1-score": 0.6037735849056604,
        "support": 49.0
    },
    "6": {
        "precision": 0.4444444444444444,
        "recall": 0.16326530612244897,
        "f1-score": 0.23880597014925373,
        "support": 49.0
    },
    "7": {
        "precision": 0.3523809523809524,
        "recall": 0.7551020408163265,
        "f1-score": 0.4805194805194805,
        "support": 49.0
    },
    "8": {
        "precision": 0.4153846153846154,
        "recall": 0.5510204081632653,
        "f1-score": 0.47368421052631576,
        "support": 49.0
    },
    "9": {
        "precision": 0.76,
        "recall": 0.3877551020408163,
        "f1-score": 0.5135135135135135,
        "support": 49.0
    },
    "accuracy": 0.5229591836734694,
    "macro avg": {
        "precision": 0.579849256841738,
        "recall": 0.5229591836734694,
        "f1-score": 0.5206030414837314,
        "support": 392.0
    },
    "weighted avg": {
        "precision": 0.5798492568417382,
        "recall": 0.5229591836734694,
        "f1-score": 0.5206030414837314,
        "support": 392.0
    }
}