{
    "1": {
        "precision": 1.0,
        "recall": 1.0,
        "f1-score": 1.0,
        "support": 81.0
    },
    "2": {
        "precision": 1.0,
        "recall": 0.9753086419753086,
        "f1-score": 0.9875,
        "support": 81.0
    },
    "3": {
        "precision": 0.9726027397260274,
        "recall": 0.8765432098765432,
        "f1-score": 0.922077922077922,
        "support": 81.0
    },
    "4": {
        "precision": 0.8589743589743589,
        "recall": 0.8271604938271605,
        "f1-score": 0.8427672955974843,
        "support": 81.0
    },
    "5": {
        "precision": 0.7727272727272727,
        "recall": 0.6296296296296297,
        "f1-score": 0.6938775510204082,
        "support": 81.0
    },
    "6": {
        "precision": 0.5540540540540541,
        "recall": 0.5061728395061729,
        "f1-score": 0.5290322580645161,
        "support": 81.0
    },
    "7": {
        "precision": 0.5384615384615384,
        "recall": 0.6049382716049383,
        "f1-score": 0.5697674418604651,
        "support": 81.0
    },
    "8": {
        "precision": 0.5714285714285714,
        "recall": 0.6419753086419753,
        "f1-score": 0.6046511627906976,
        "support": 81.0
    },
    "9": {
        "precision": 0.6625,
        "recall": 0.654320987654321,
        "f1-score": 0.6583850931677019,
        "support": 81.0
    },
    "micro avg": {
        "precision": 0.7629733520336606,
        "recall": 0.7462277091906722,
        "f1-score": 0.7545076282940361,
        "support": 729.0
    },
    "macro avg": {
        "precision": 0.7700831705968691,
        "recall": 0.7462277091906722,
        "f1-score": 0.7564509693976884,
        "support": 729.0
    },
    "weighted avg": {
        "precision": 0.7700831705968693,
        "recall": 0.7462277091906722,
        "f1-score": 0.7564509693976884,
        "support": 729.0
    },
    "accuracy": 0.7462277091906722
}