{
    "1": {
        "precision": 1.0,
        "recall": 0.5555555555555556,
        "f1-score": 0.7142857142857143,
        "support": 81.0
    },
    "2": {
        "precision": 0.55,
        "recall": 0.5432098765432098,
        "f1-score": 0.546583850931677,
        "support": 81.0
    },
    "3": {
        "precision": 0.6708860759493671,
        "recall": 0.654320987654321,
        "f1-score": 0.6625,
        "support": 81.0
    },
    "4": {
        "precision": 0.6835443037974683,
        "recall": 0.6666666666666666,
        "f1-score": 0.675,
        "support": 81.0
    },
    "5": {
        "precision": 0.734375,
        "recall": 0.5802469135802469,
        "f1-score": 0.6482758620689655,
        "support": 81.0
    },
    "6": {
        "precision": 0.4838709677419355,
        "recall": 0.7407407407407407,
        "f1-score": 0.5853658536585366,
        "support": 81.0
    },
    "7": {
        "precision": 0.4409448818897638,
        "recall": 0.691358024691358,
        "f1-score": 0.5384615384615384,
        "support": 81.0
    },
    "8": {
        "precision": 0.6458333333333334,
        "recall": 0.38271604938271603,
        "f1-score": 0.4806201550387597,
        "support": 81.0
    },
    "9": {
        "precision": 0.6385542168674698,
        "recall": 0.654320987654321,
        "f1-score": 0.6463414634146342,
        "support": 81.0
    },
    "accuracy": 0.607681755829904,
    "macro avg": {
        "precision": 0.6497787532865931,
        "recall": 0.607681755829904,
        "f1-score": 0.6108260486510918,
        "support": 729.0
    },
    "weighted avg": {
        "precision": 0.6497787532865932,
        "recall": 0.607681755829904,
        "f1-score": 0.6108260486510918,
        "support": 729.0
    }
}