{
    "1": {
        "precision": 0.20930232558139536,
        "recall": 1.0,
        "f1-score": 0.34615384615384615,
        "support": 81.0
    },
    "2": {
        "precision": 0.9294117647058824,
        "recall": 0.9753086419753086,
        "f1-score": 0.9518072289156626,
        "support": 81.0
    },
    "3": {
        "precision": 0.49333333333333335,
        "recall": 0.9135802469135802,
        "f1-score": 0.6406926406926406,
        "support": 81.0
    },
    "4": {
        "precision": 0.6,
        "recall": 0.25925925925925924,
        "f1-score": 0.3620689655172414,
        "support": 81.0
    },
    "5": {
        "precision": 0.5737704918032787,
        "recall": 0.43209876543209874,
        "f1-score": 0.49295774647887325,
        "support": 81.0
    },
    "6": {
        "precision": 0.0,
        "recall": 0.0,
        "f1-score": 0.0,
        "support": 81.0
    },
    "7": {
        "precision": 0.2727272727272727,
        "recall": 0.037037037037037035,
        "f1-score": 0.06521739130434782,
        "support": 81.0
    },
    "8": {
        "precision": 0.0,
        "recall": 0.0,
        "f1-score": 0.0,
        "support": 81.0
    },
    "9": {
        "precision": 0.0,
        "recall": 0.0,
        "f1-score": 0.0,
        "support": 81.0
    },
    "accuracy": 0.401920438957476,
    "macro avg": {
        "precision": 0.3420605764612403,
        "recall": 0.401920438957476,
        "f1-score": 0.31765531322917906,
        "support": 729.0
    },
    "weighted avg": {
        "precision": 0.3420605764612402,
        "recall": 0.401920438957476,
        "f1-score": 0.31765531322917906,
        "support": 729.0
    }
}