{
    "1": {
        "precision": 1.0,
        "recall": 1.0,
        "f1-score": 1.0,
        "support": 81.0
    },
    "2": {
        "precision": 0.9404761904761905,
        "recall": 0.9753086419753086,
        "f1-score": 0.9575757575757575,
        "support": 81.0
    },
    "3": {
        "precision": 0.875,
        "recall": 0.7777777777777778,
        "f1-score": 0.8235294117647058,
        "support": 81.0
    },
    "4": {
        "precision": 0.5,
        "recall": 0.19753086419753085,
        "f1-score": 0.2831858407079646,
        "support": 81.0
    },
    "5": {
        "precision": 0.30337078651685395,
        "recall": 0.3333333333333333,
        "f1-score": 0.3176470588235294,
        "support": 81.0
    },
    "6": {
        "precision": 0.18032786885245902,
        "recall": 0.13580246913580246,
        "f1-score": 0.15492957746478872,
        "support": 81.0
    },
    "7": {
        "precision": 0.2222222222222222,
        "recall": 0.1728395061728395,
        "f1-score": 0.19444444444444445,
        "support": 81.0
    },
    "8": {
        "precision": 0.23893805309734514,
        "recall": 0.3333333333333333,
        "f1-score": 0.27835051546391754,
        "support": 81.0
    },
    "9": {
        "precision": 0.21428571428571427,
        "recall": 0.037037037037037035,
        "f1-score": 0.06315789473684211,
        "support": 81.0
    },
    "micro avg": {
        "precision": 0.5270935960591133,
        "recall": 0.4403292181069959,
        "f1-score": 0.4798206278026906,
        "support": 729.0
    },
    "macro avg": {
        "precision": 0.49718009282786507,
        "recall": 0.4403292181069959,
        "f1-score": 0.4525356112202167,
        "support": 729.0
    },
    "weighted avg": {
        "precision": 0.49718009282786496,
        "recall": 0.4403292181069959,
        "f1-score": 0.45253561122021674,
        "support": 729.0
    },
    "accuracy": 0.4403292181069959
}