{
    "1": {
        "precision": 1.0,
        "recall": 1.0,
        "f1-score": 1.0,
        "support": 81.0
    },
    "2": {
        "precision": 1.0,
        "recall": 1.0,
        "f1-score": 1.0,
        "support": 81.0
    },
    "3": {
        "precision": 1.0,
        "recall": 1.0,
        "f1-score": 1.0,
        "support": 81.0
    },
    "4": {
        "precision": 0.9873417721518988,
        "recall": 0.9629629629629629,
        "f1-score": 0.975,
        "support": 81.0
    },
    "5": {
        "precision": 0.9397590361445783,
        "recall": 0.9629629629629629,
        "f1-score": 0.9512195121951219,
        "support": 81.0
    },
    "6": {
        "precision": 0.872093023255814,
        "recall": 0.9259259259259259,
        "f1-score": 0.8982035928143712,
        "support": 81.0
    },
    "7": {
        "precision": 0.9047619047619048,
        "recall": 0.7037037037037037,
        "f1-score": 0.7916666666666666,
        "support": 81.0
    },
    "8": {
        "precision": 0.6,
        "recall": 0.25925925925925924,
        "f1-score": 0.3620689655172414,
        "support": 81.0
    },
    "9": {
        "precision": 0.41237113402061853,
        "recall": 0.49382716049382713,
        "f1-score": 0.449438202247191,
        "support": 81.0
    },
    "micro avg": {
        "precision": 0.8629737609329446,
        "recall": 0.8120713305898491,
        "f1-score": 0.8367491166077738,
        "support": 729.0
    },
    "macro avg": {
        "precision": 0.8573696522594239,
        "recall": 0.8120713305898491,
        "f1-score": 0.8252885488267325,
        "support": 729.0
    },
    "weighted avg": {
        "precision": 0.8573696522594237,
        "recall": 0.8120713305898491,
        "f1-score": 0.8252885488267324,
        "support": 729.0
    },
    "accuracy": 0.8120713305898491
}