{
    "2": {
        "precision": 1.0,
        "recall": 1.0,
        "f1-score": 1.0,
        "support": 49.0
    },
    "3": {
        "precision": 1.0,
        "recall": 0.6326530612244898,
        "f1-score": 0.775,
        "support": 49.0
    },
    "4": {
        "precision": 0.7014925373134329,
        "recall": 0.9591836734693877,
        "f1-score": 0.8103448275862069,
        "support": 49.0
    },
    "5": {
        "precision": 1.0,
        "recall": 0.16326530612244897,
        "f1-score": 0.2807017543859649,
        "support": 49.0
    },
    "6": {
        "precision": 0.373134328358209,
        "recall": 0.5102040816326531,
        "f1-score": 0.43103448275862066,
        "support": 49.0
    },
    "7": {
        "precision": 1.0,
        "recall": 0.02040816326530612,
        "f1-score": 0.04,
        "support": 49.0
    },
    "8": {
        "precision": 0.17307692307692307,
        "recall": 0.1836734693877551,
        "f1-score": 0.1782178217821782,
        "support": 49.0
    },
    "9": {
        "precision": 0.4017094017094017,
        "recall": 0.9591836734693877,
        "f1-score": 0.5662650602409639,
        "support": 49.0
    },
    "accuracy": 0.5535714285714286,
    "macro avg": {
        "precision": 0.7061766488072458,
        "recall": 0.5535714285714286,
        "f1-score": 0.5101954933442419,
        "support": 392.0
    },
    "weighted avg": {
        "precision": 0.706176648807246,
        "recall": 0.5535714285714286,
        "f1-score": 0.5101954933442419,
        "support": 392.0
    }
}