{
    "2": {
        "precision": 1.0,
        "recall": 0.6122448979591837,
        "f1-score": 0.759493670886076,
        "support": 49.0
    },
    "3": {
        "precision": 0.7543859649122807,
        "recall": 0.8775510204081632,
        "f1-score": 0.8113207547169812,
        "support": 49.0
    },
    "4": {
        "precision": 0.7551020408163265,
        "recall": 0.7551020408163265,
        "f1-score": 0.7551020408163265,
        "support": 49.0
    },
    "5": {
        "precision": 0.7441860465116279,
        "recall": 0.6530612244897959,
        "f1-score": 0.6956521739130435,
        "support": 49.0
    },
    "6": {
        "precision": 0.4880952380952381,
        "recall": 0.8367346938775511,
        "f1-score": 0.6165413533834586,
        "support": 49.0
    },
    "7": {
        "precision": 0.3333333333333333,
        "recall": 0.4489795918367347,
        "f1-score": 0.3826086956521739,
        "support": 49.0
    },
    "8": {
        "precision": 0.23809523809523808,
        "recall": 0.30612244897959184,
        "f1-score": 0.26785714285714285,
        "support": 49.0
    },
    "9": {
        "precision": 0.0,
        "recall": 0.0,
        "f1-score": 0.0,
        "support": 49.0
    },
    "accuracy": 0.5612244897959183,
    "macro avg": {
        "precision": 0.5391497327205056,
        "recall": 0.5612244897959184,
        "f1-score": 0.5360719790281503,
        "support": 392.0
    },
    "weighted avg": {
        "precision": 0.5391497327205056,
        "recall": 0.5612244897959183,
        "f1-score": 0.5360719790281503,
        "support": 392.0
    }
}