{
    "1": {
        "precision": 1.0,
        "recall": 1.0,
        "f1-score": 1.0,
        "support": 81.0
    },
    "2": {
        "precision": 1.0,
        "recall": 0.8765432098765432,
        "f1-score": 0.9342105263157895,
        "support": 81.0
    },
    "3": {
        "precision": 0.8611111111111112,
        "recall": 0.7654320987654321,
        "f1-score": 0.8104575163398693,
        "support": 81.0
    },
    "4": {
        "precision": 0.7466666666666667,
        "recall": 0.691358024691358,
        "f1-score": 0.717948717948718,
        "support": 81.0
    },
    "5": {
        "precision": 0.6410256410256411,
        "recall": 0.6172839506172839,
        "f1-score": 0.6289308176100629,
        "support": 81.0
    },
    "6": {
        "precision": 0.45454545454545453,
        "recall": 0.24691358024691357,
        "f1-score": 0.32,
        "support": 81.0
    },
    "7": {
        "precision": 0.3393939393939394,
        "recall": 0.691358024691358,
        "f1-score": 0.45528455284552843,
        "support": 81.0
    },
    "8": {
        "precision": 0.4230769230769231,
        "recall": 0.5432098765432098,
        "f1-score": 0.4756756756756757,
        "support": 81.0
    },
    "9": {
        "precision": 0.7948717948717948,
        "recall": 0.38271604938271603,
        "f1-score": 0.5166666666666667,
        "support": 81.0
    },
    "accuracy": 0.6460905349794238,
    "macro avg": {
        "precision": 0.6956323922990589,
        "recall": 0.6460905349794238,
        "f1-score": 0.65101938593359,
        "support": 729.0
    },
    "weighted avg": {
        "precision": 0.6956323922990589,
        "recall": 0.6460905349794238,
        "f1-score": 0.6510193859335901,
        "support": 729.0
    }
}