{
    "1": {
        "precision": 1.0,
        "recall": 1.0,
        "f1-score": 1.0,
        "support": 81.0
    },
    "2": {
        "precision": 0.9878048780487805,
        "recall": 1.0,
        "f1-score": 0.9938650306748467,
        "support": 81.0
    },
    "3": {
        "precision": 0.975,
        "recall": 0.9629629629629629,
        "f1-score": 0.968944099378882,
        "support": 81.0
    },
    "4": {
        "precision": 0.9240506329113924,
        "recall": 0.9012345679012346,
        "f1-score": 0.9125,
        "support": 81.0
    },
    "5": {
        "precision": 0.868421052631579,
        "recall": 0.8148148148148148,
        "f1-score": 0.8407643312101911,
        "support": 81.0
    },
    "6": {
        "precision": 0.7894736842105263,
        "recall": 0.7407407407407407,
        "f1-score": 0.7643312101910829,
        "support": 81.0
    },
    "7": {
        "precision": 0.6931818181818182,
        "recall": 0.7530864197530864,
        "f1-score": 0.7218934911242604,
        "support": 81.0
    },
    "8": {
        "precision": 0.6486486486486487,
        "recall": 0.5925925925925926,
        "f1-score": 0.6193548387096774,
        "support": 81.0
    },
    "9": {
        "precision": 0.6666666666666666,
        "recall": 0.5925925925925926,
        "f1-score": 0.6274509803921569,
        "support": 81.0
    },
    "micro avg": {
        "precision": 0.8418079096045198,
        "recall": 0.8175582990397805,
        "f1-score": 0.8295059151009047,
        "support": 729.0
    },
    "macro avg": {
        "precision": 0.839249709033268,
        "recall": 0.8175582990397805,
        "f1-score": 0.8276782201867885,
        "support": 729.0
    },
    "weighted avg": {
        "precision": 0.839249709033268,
        "recall": 0.8175582990397805,
        "f1-score": 0.8276782201867887,
        "support": 729.0
    },
    "accuracy": 0.8175582990397805
}