{
    "2": {
        "precision": 1.0,
        "recall": 1.0,
        "f1-score": 1.0,
        "support": 49.0
    },
    "3": {
        "precision": 0.875,
        "recall": 1.0,
        "f1-score": 0.9333333333333333,
        "support": 49.0
    },
    "4": {
        "precision": 0.6515151515151515,
        "recall": 0.8775510204081632,
        "f1-score": 0.7478260869565218,
        "support": 49.0
    },
    "5": {
        "precision": 0.8064516129032258,
        "recall": 0.5102040816326531,
        "f1-score": 0.625,
        "support": 49.0
    },
    "6": {
        "precision": 0.8076923076923077,
        "recall": 0.8571428571428571,
        "f1-score": 0.8316831683168316,
        "support": 49.0
    },
    "7": {
        "precision": 0.4588235294117647,
        "recall": 0.7959183673469388,
        "f1-score": 0.582089552238806,
        "support": 49.0
    },
    "8": {
        "precision": 0.26666666666666666,
        "recall": 0.08163265306122448,
        "f1-score": 0.125,
        "support": 49.0
    },
    "9": {
        "precision": 0.9736842105263158,
        "recall": 0.7551020408163265,
        "f1-score": 0.8505747126436781,
        "support": 49.0
    },
    "accuracy": 0.7346938775510204,
    "macro avg": {
        "precision": 0.729979184839429,
        "recall": 0.7346938775510203,
        "f1-score": 0.7119383566861464,
        "support": 392.0
    },
    "weighted avg": {
        "precision": 0.7299791848394291,
        "recall": 0.7346938775510204,
        "f1-score": 0.7119383566861464,
        "support": 392.0
    }
}