{
    "1": {
        "precision": 0.3894230769230769,
        "recall": 1.0,
        "f1-score": 0.5605536332179931,
        "support": 81.0
    },
    "2": {
        "precision": 1.0,
        "recall": 0.18518518518518517,
        "f1-score": 0.3125,
        "support": 81.0
    },
    "3": {
        "precision": 0.1111111111111111,
        "recall": 0.012345679012345678,
        "f1-score": 0.022222222222222223,
        "support": 81.0
    },
    "4": {
        "precision": 0.3539325842696629,
        "recall": 0.7777777777777778,
        "f1-score": 0.4864864864864865,
        "support": 81.0
    },
    "5": {
        "precision": 0.0,
        "recall": 0.0,
        "f1-score": 0.0,
        "support": 81.0
    },
    "6": {
        "precision": 0.20599250936329588,
        "recall": 0.6790123456790124,
        "f1-score": 0.3160919540229885,
        "support": 81.0
    },
    "7": {
        "precision": 0.0,
        "recall": 0.0,
        "f1-score": 0.0,
        "support": 81.0
    },
    "8": {
        "precision": 0.23076923076923078,
        "recall": 0.14814814814814814,
        "f1-score": 0.18045112781954886,
        "support": 81.0
    },
    "9": {
        "precision": 0.0,
        "recall": 0.0,
        "f1-score": 0.0,
        "support": 81.0
    },
    "accuracy": 0.3113854595336077,
    "macro avg": {
        "precision": 0.25458094582626417,
        "recall": 0.3113854595336077,
        "f1-score": 0.20870060264102658,
        "support": 729.0
    },
    "weighted avg": {
        "precision": 0.25458094582626417,
        "recall": 0.3113854595336077,
        "f1-score": 0.20870060264102658,
        "support": 729.0
    }
}