{
    "2": {
        "precision": 1.0,
        "recall": 0.9591836734693877,
        "f1-score": 0.9791666666666666,
        "support": 49.0
    },
    "3": {
        "precision": 1.0,
        "recall": 0.8367346938775511,
        "f1-score": 0.9111111111111111,
        "support": 49.0
    },
    "4": {
        "precision": 0.8611111111111112,
        "recall": 0.6326530612244898,
        "f1-score": 0.7294117647058823,
        "support": 49.0
    },
    "5": {
        "precision": 0.9444444444444444,
        "recall": 0.3469387755102041,
        "f1-score": 0.5074626865671642,
        "support": 49.0
    },
    "6": {
        "precision": 0.2909090909090909,
        "recall": 0.32653061224489793,
        "f1-score": 0.3076923076923077,
        "support": 49.0
    },
    "7": {
        "precision": 0.7666666666666667,
        "recall": 0.46938775510204084,
        "f1-score": 0.5822784810126582,
        "support": 49.0
    },
    "8": {
        "precision": 0.2727272727272727,
        "recall": 0.6122448979591837,
        "f1-score": 0.37735849056603776,
        "support": 49.0
    },
    "9": {
        "precision": 0.6481481481481481,
        "recall": 0.7142857142857143,
        "f1-score": 0.6796116504854369,
        "support": 49.0
    },
    "micro avg": {
        "precision": 0.6138107416879796,
        "recall": 0.6122448979591837,
        "f1-score": 0.6130268199233716,
        "support": 392.0
    },
    "macro avg": {
        "precision": 0.7230008417508418,
        "recall": 0.6122448979591837,
        "f1-score": 0.6342616448509081,
        "support": 392.0
    },
    "weighted avg": {
        "precision": 0.7230008417508417,
        "recall": 0.6122448979591837,
        "f1-score": 0.6342616448509081,
        "support": 392.0
    },
    "accuracy": 0.6122448979591837
}