{
    "1": {
        "precision": 1.0,
        "recall": 0.691358024691358,
        "f1-score": 0.8175182481751825,
        "support": 81.0
    },
    "2": {
        "precision": 0.7282608695652174,
        "recall": 0.8271604938271605,
        "f1-score": 0.7745664739884393,
        "support": 81.0
    },
    "3": {
        "precision": 0.8333333333333334,
        "recall": 0.8641975308641975,
        "f1-score": 0.8484848484848485,
        "support": 81.0
    },
    "4": {
        "precision": 0.8452380952380952,
        "recall": 0.8765432098765432,
        "f1-score": 0.8606060606060606,
        "support": 81.0
    },
    "5": {
        "precision": 0.8658536585365854,
        "recall": 0.8765432098765432,
        "f1-score": 0.8711656441717791,
        "support": 81.0
    },
    "6": {
        "precision": 0.672566371681416,
        "recall": 0.9382716049382716,
        "f1-score": 0.7835051546391752,
        "support": 81.0
    },
    "7": {
        "precision": 0.5934065934065934,
        "recall": 0.6666666666666666,
        "f1-score": 0.627906976744186,
        "support": 81.0
    },
    "8": {
        "precision": 0.46601941747572817,
        "recall": 0.5925925925925926,
        "f1-score": 0.5217391304347826,
        "support": 81.0
    },
    "9": {
        "precision": 1.0,
        "recall": 0.2962962962962963,
        "f1-score": 0.45714285714285713,
        "support": 81.0
    },
    "accuracy": 0.7366255144032922,
    "macro avg": {
        "precision": 0.7782975932485521,
        "recall": 0.7366255144032922,
        "f1-score": 0.7291817104874789,
        "support": 729.0
    },
    "weighted avg": {
        "precision": 0.7782975932485522,
        "recall": 0.7366255144032922,
        "f1-score": 0.7291817104874789,
        "support": 729.0
    }
}