{
    "2": {
        "precision": 0.9411764705882353,
        "recall": 0.32653061224489793,
        "f1-score": 0.48484848484848486,
        "support": 49.0
    },
    "3": {
        "precision": 0.058823529411764705,
        "recall": 0.04081632653061224,
        "f1-score": 0.04819277108433735,
        "support": 49.0
    },
    "4": {
        "precision": 0.1111111111111111,
        "recall": 0.10204081632653061,
        "f1-score": 0.10638297872340426,
        "support": 49.0
    },
    "5": {
        "precision": 0.18518518518518517,
        "recall": 0.20408163265306123,
        "f1-score": 0.1941747572815534,
        "support": 49.0
    },
    "6": {
        "precision": 0.328125,
        "recall": 0.42857142857142855,
        "f1-score": 0.37168141592920356,
        "support": 49.0
    },
    "7": {
        "precision": 0.25,
        "recall": 0.02040816326530612,
        "f1-score": 0.03773584905660377,
        "support": 49.0
    },
    "8": {
        "precision": 0.0,
        "recall": 0.0,
        "f1-score": 0.0,
        "support": 49.0
    },
    "9": {
        "precision": 0.28160919540229884,
        "recall": 1.0,
        "f1-score": 0.43946188340807174,
        "support": 49.0
    },
    "accuracy": 0.2653061224489796,
    "macro avg": {
        "precision": 0.2695038114623244,
        "recall": 0.2653061224489796,
        "f1-score": 0.2103097675414574,
        "support": 392.0
    },
    "weighted avg": {
        "precision": 0.2695038114623244,
        "recall": 0.2653061224489796,
        "f1-score": 0.2103097675414574,
        "support": 392.0
    }
}