{
    "1": {
        "precision": 0.9759036144578314,
        "recall": 1.0,
        "f1-score": 0.9878048780487805,
        "support": 81.0
    },
    "2": {
        "precision": 1.0,
        "recall": 0.9506172839506173,
        "f1-score": 0.9746835443037974,
        "support": 81.0
    },
    "3": {
        "precision": 0.8651685393258427,
        "recall": 0.9506172839506173,
        "f1-score": 0.9058823529411765,
        "support": 81.0
    },
    "4": {
        "precision": 0.9710144927536232,
        "recall": 0.8271604938271605,
        "f1-score": 0.8933333333333333,
        "support": 81.0
    },
    "5": {
        "precision": 0.8085106382978723,
        "recall": 0.9382716049382716,
        "f1-score": 0.8685714285714285,
        "support": 81.0
    },
    "6": {
        "precision": 0.7375,
        "recall": 0.7283950617283951,
        "f1-score": 0.7329192546583851,
        "support": 81.0
    },
    "7": {
        "precision": 0.4883720930232558,
        "recall": 0.7777777777777778,
        "f1-score": 0.6,
        "support": 81.0
    },
    "8": {
        "precision": 0.3333333333333333,
        "recall": 0.20987654320987653,
        "f1-score": 0.25757575757575757,
        "support": 81.0
    },
    "9": {
        "precision": 0.6842105263157895,
        "recall": 0.48148148148148145,
        "f1-score": 0.5652173913043478,
        "support": 81.0
    },
    "accuracy": 0.7626886145404664,
    "macro avg": {
        "precision": 0.7626681375008386,
        "recall": 0.7626886145404663,
        "f1-score": 0.7539986600818896,
        "support": 729.0
    },
    "weighted avg": {
        "precision": 0.7626681375008387,
        "recall": 0.7626886145404664,
        "f1-score": 0.7539986600818896,
        "support": 729.0
    }
}