{
    "2": {
        "precision": 1.0,
        "recall": 0.9795918367346939,
        "f1-score": 0.9896907216494846,
        "support": 49.0
    },
    "3": {
        "precision": 0.7101449275362319,
        "recall": 1.0,
        "f1-score": 0.8305084745762712,
        "support": 49.0
    },
    "4": {
        "precision": 0.8333333333333334,
        "recall": 0.6122448979591837,
        "f1-score": 0.7058823529411765,
        "support": 49.0
    },
    "5": {
        "precision": 0.7543859649122807,
        "recall": 0.8775510204081632,
        "f1-score": 0.8113207547169812,
        "support": 49.0
    },
    "6": {
        "precision": 0.9444444444444444,
        "recall": 0.6938775510204082,
        "f1-score": 0.8,
        "support": 49.0
    },
    "7": {
        "precision": 0.5476190476190477,
        "recall": 0.9387755102040817,
        "f1-score": 0.6917293233082706,
        "support": 49.0
    },
    "8": {
        "precision": 0.0,
        "recall": 0.0,
        "f1-score": 0.0,
        "support": 49.0
    },
    "9": {
        "precision": 0.7741935483870968,
        "recall": 0.9795918367346939,
        "f1-score": 0.8648648648648649,
        "support": 49.0
    },
    "accuracy": 0.7602040816326531,
    "macro avg": {
        "precision": 0.6955151582790544,
        "recall": 0.7602040816326531,
        "f1-score": 0.7117495615071312,
        "support": 392.0
    },
    "weighted avg": {
        "precision": 0.6955151582790544,
        "recall": 0.7602040816326531,
        "f1-score": 0.7117495615071311,
        "support": 392.0
    }
}