{
    "2": {
        "precision": 1.0,
        "recall": 1.0,
        "f1-score": 1.0,
        "support": 49.0
    },
    "3": {
        "precision": 0.98,
        "recall": 1.0,
        "f1-score": 0.98989898989899,
        "support": 49.0
    },
    "4": {
        "precision": 0.7384615384615385,
        "recall": 0.9795918367346939,
        "f1-score": 0.8421052631578947,
        "support": 49.0
    },
    "5": {
        "precision": 1.0,
        "recall": 0.6530612244897959,
        "f1-score": 0.7901234567901234,
        "support": 49.0
    },
    "6": {
        "precision": 1.0,
        "recall": 1.0,
        "f1-score": 1.0,
        "support": 49.0
    },
    "7": {
        "precision": 0.5647058823529412,
        "recall": 0.9795918367346939,
        "f1-score": 0.7164179104477612,
        "support": 49.0
    },
    "8": {
        "precision": 0.6428571428571429,
        "recall": 0.1836734693877551,
        "f1-score": 0.2857142857142857,
        "support": 49.0
    },
    "9": {
        "precision": 0.9166666666666666,
        "recall": 0.8979591836734694,
        "f1-score": 0.9072164948453608,
        "support": 49.0
    },
    "accuracy": 0.8367346938775511,
    "macro avg": {
        "precision": 0.8553364037922861,
        "recall": 0.8367346938775511,
        "f1-score": 0.816434550106802,
        "support": 392.0
    },
    "weighted avg": {
        "precision": 0.8553364037922861,
        "recall": 0.8367346938775511,
        "f1-score": 0.8164345501068019,
        "support": 392.0
    }
}