{
    "2": {
        "precision": 1.0,
        "recall": 1.0,
        "f1-score": 1.0,
        "support": 49.0
    },
    "3": {
        "precision": 1.0,
        "recall": 0.9795918367346939,
        "f1-score": 0.9896907216494846,
        "support": 49.0
    },
    "4": {
        "precision": 0.8518518518518519,
        "recall": 0.9387755102040817,
        "f1-score": 0.8932038834951457,
        "support": 49.0
    },
    "5": {
        "precision": 0.9117647058823529,
        "recall": 0.6326530612244898,
        "f1-score": 0.7469879518072289,
        "support": 49.0
    },
    "6": {
        "precision": 0.4489795918367347,
        "recall": 0.8979591836734694,
        "f1-score": 0.5986394557823129,
        "support": 49.0
    },
    "7": {
        "precision": 0.575,
        "recall": 0.46938775510204084,
        "f1-score": 0.5168539325842697,
        "support": 49.0
    },
    "8": {
        "precision": 0.6666666666666666,
        "recall": 0.32653061224489793,
        "f1-score": 0.4383561643835616,
        "support": 49.0
    },
    "9": {
        "precision": 0.8888888888888888,
        "recall": 0.8163265306122449,
        "f1-score": 0.851063829787234,
        "support": 49.0
    },
    "accuracy": 0.7576530612244898,
    "macro avg": {
        "precision": 0.7928939631408118,
        "recall": 0.7576530612244898,
        "f1-score": 0.7543494924361547,
        "support": 392.0
    },
    "weighted avg": {
        "precision": 0.7928939631408118,
        "recall": 0.7576530612244898,
        "f1-score": 0.7543494924361546,
        "support": 392.0
    }
}