{
    "2": {
        "precision": 1.0,
        "recall": 0.9387755102040817,
        "f1-score": 0.968421052631579,
        "support": 49.0
    },
    "3": {
        "precision": 0.9411764705882353,
        "recall": 0.9795918367346939,
        "f1-score": 0.96,
        "support": 49.0
    },
    "4": {
        "precision": 0.9696969696969697,
        "recall": 0.6530612244897959,
        "f1-score": 0.7804878048780488,
        "support": 49.0
    },
    "5": {
        "precision": 0.6382978723404256,
        "recall": 0.6122448979591837,
        "f1-score": 0.625,
        "support": 49.0
    },
    "6": {
        "precision": 0.2631578947368421,
        "recall": 0.10204081632653061,
        "f1-score": 0.14705882352941177,
        "support": 49.0
    },
    "7": {
        "precision": 0.47,
        "recall": 0.9591836734693877,
        "f1-score": 0.6308724832214765,
        "support": 49.0
    },
    "8": {
        "precision": 0.0,
        "recall": 0.0,
        "f1-score": 0.0,
        "support": 49.0
    },
    "9": {
        "precision": 0.5104166666666666,
        "recall": 1.0,
        "f1-score": 0.6758620689655173,
        "support": 49.0
    },
    "accuracy": 0.6556122448979592,
    "macro avg": {
        "precision": 0.5990932342536424,
        "recall": 0.6556122448979591,
        "f1-score": 0.5984627791532542,
        "support": 392.0
    },
    "weighted avg": {
        "precision": 0.5990932342536424,
        "recall": 0.6556122448979592,
        "f1-score": 0.5984627791532542,
        "support": 392.0
    }
}