{
    "1": {
        "precision": 0.0013698630136986301,
        "recall": 0.00411522633744856,
        "f1-score": 0.0020554984583761563,
        "support": 243.0
    },
    "2": {
        "precision": 0.3604060913705584,
        "recall": 0.5843621399176955,
        "f1-score": 0.44583987441130296,
        "support": 243.0
    },
    "3": {
        "precision": 0.617363344051447,
        "recall": 0.7901234567901234,
        "f1-score": 0.6931407942238267,
        "support": 243.0
    },
    "4": {
        "precision": 0.4461538461538462,
        "recall": 0.11934156378600823,
        "f1-score": 0.18831168831168832,
        "support": 243.0
    },
    "5": {
        "precision": 0.4359673024523161,
        "recall": 0.6584362139917695,
        "f1-score": 0.5245901639344263,
        "support": 243.0
    },
    "6": {
        "precision": 0.0,
        "recall": 0.0,
        "f1-score": 0.0,
        "support": 243.0
    },
    "7": {
        "precision": 0.32558139534883723,
        "recall": 0.40329218106995884,
        "f1-score": 0.3602941176470588,
        "support": 243.0
    },
    "8": {
        "precision": 0.0,
        "recall": 0.0,
        "f1-score": 0.0,
        "support": 243.0
    },
    "9": {
        "precision": 0.7222222222222222,
        "recall": 0.053497942386831275,
        "f1-score": 0.09961685823754789,
        "support": 243.0
    },
    "accuracy": 0.2903520804755373,
    "macro avg": {
        "precision": 0.32322934051254726,
        "recall": 0.2903520804755373,
        "f1-score": 0.25709433280269184,
        "support": 2187.0
    },
    "weighted avg": {
        "precision": 0.3232293405125473,
        "recall": 0.2903520804755373,
        "f1-score": 0.25709433280269195,
        "support": 2187.0
    }
}