{
    "1": {
        "precision": 0.9959016393442623,
        "recall": 1.0,
        "f1-score": 0.997946611909651,
        "support": 243.0
    },
    "2": {
        "precision": 0.8819188191881919,
        "recall": 0.9835390946502057,
        "f1-score": 0.9299610894941635,
        "support": 243.0
    },
    "3": {
        "precision": 0.771551724137931,
        "recall": 0.7366255144032922,
        "f1-score": 0.7536842105263157,
        "support": 243.0
    },
    "4": {
        "precision": 0.6263736263736264,
        "recall": 0.4691358024691358,
        "f1-score": 0.5364705882352941,
        "support": 243.0
    },
    "5": {
        "precision": 0.4174757281553398,
        "recall": 0.17695473251028807,
        "f1-score": 0.24855491329479767,
        "support": 243.0
    },
    "6": {
        "precision": 0.3087719298245614,
        "recall": 0.36213991769547327,
        "f1-score": 0.3333333333333333,
        "support": 243.0
    },
    "7": {
        "precision": 0.28342245989304815,
        "recall": 0.43621399176954734,
        "f1-score": 0.34359805510534847,
        "support": 243.0
    },
    "8": {
        "precision": 0.29333333333333333,
        "recall": 0.36213991769547327,
        "f1-score": 0.3241252302025783,
        "support": 243.0
    },
    "9": {
        "precision": 0.5357142857142857,
        "recall": 0.43209876543209874,
        "f1-score": 0.4783599088838269,
        "support": 243.0
    },
    "accuracy": 0.5509830818472794,
    "macro avg": {
        "precision": 0.5682737273293977,
        "recall": 0.5509830818472794,
        "f1-score": 0.5495593267761455,
        "support": 2187.0
    },
    "weighted avg": {
        "precision": 0.5682737273293977,
        "recall": 0.5509830818472794,
        "f1-score": 0.5495593267761455,
        "support": 2187.0
    }
}