{
    "2": {
        "precision": 1.0,
        "recall": 1.0,
        "f1-score": 1.0,
        "support": 49.0
    },
    "3": {
        "precision": 0.9074074074074074,
        "recall": 1.0,
        "f1-score": 0.9514563106796117,
        "support": 49.0
    },
    "4": {
        "precision": 0.9361702127659575,
        "recall": 0.8979591836734694,
        "f1-score": 0.9166666666666666,
        "support": 49.0
    },
    "5": {
        "precision": 0.9090909090909091,
        "recall": 0.8163265306122449,
        "f1-score": 0.8602150537634409,
        "support": 49.0
    },
    "6": {
        "precision": 0.6081081081081081,
        "recall": 0.9183673469387755,
        "f1-score": 0.7317073170731707,
        "support": 49.0
    },
    "7": {
        "precision": 0.7058823529411765,
        "recall": 0.4897959183673469,
        "f1-score": 0.5783132530120482,
        "support": 49.0
    },
    "8": {
        "precision": 0.6666666666666666,
        "recall": 0.4897959183673469,
        "f1-score": 0.5647058823529412,
        "support": 49.0
    },
    "9": {
        "precision": 0.7222222222222222,
        "recall": 0.7959183673469388,
        "f1-score": 0.7572815533980582,
        "support": 49.0
    },
    "accuracy": 0.8010204081632653,
    "macro avg": {
        "precision": 0.8069434849003059,
        "recall": 0.8010204081632653,
        "f1-score": 0.7950432546182422,
        "support": 392.0
    },
    "weighted avg": {
        "precision": 0.806943484900306,
        "recall": 0.8010204081632653,
        "f1-score": 0.7950432546182422,
        "support": 392.0
    }
}