{
    "2": {
        "precision": 1.0,
        "recall": 0.9591836734693877,
        "f1-score": 0.9791666666666666,
        "support": 49.0
    },
    "3": {
        "precision": 0.94,
        "recall": 0.9591836734693877,
        "f1-score": 0.9494949494949495,
        "support": 49.0
    },
    "4": {
        "precision": 0.8148148148148148,
        "recall": 0.8979591836734694,
        "f1-score": 0.8543689320388349,
        "support": 49.0
    },
    "5": {
        "precision": 1.0,
        "recall": 0.22448979591836735,
        "f1-score": 0.36666666666666664,
        "support": 49.0
    },
    "6": {
        "precision": 0.43103448275862066,
        "recall": 0.5102040816326531,
        "f1-score": 0.4672897196261682,
        "support": 49.0
    },
    "7": {
        "precision": 0.0,
        "recall": 0.0,
        "f1-score": 0.0,
        "support": 49.0
    },
    "8": {
        "precision": 0.11940298507462686,
        "recall": 0.16326530612244897,
        "f1-score": 0.13793103448275862,
        "support": 49.0
    },
    "9": {
        "precision": 0.39603960396039606,
        "recall": 0.8163265306122449,
        "f1-score": 0.5333333333333333,
        "support": 49.0
    },
    "accuracy": 0.5663265306122449,
    "macro avg": {
        "precision": 0.5876614858260573,
        "recall": 0.5663265306122449,
        "f1-score": 0.5360314127886723,
        "support": 392.0
    },
    "weighted avg": {
        "precision": 0.5876614858260573,
        "recall": 0.5663265306122449,
        "f1-score": 0.5360314127886723,
        "support": 392.0
    }
}