{
    "2": {
        "precision": 1.0,
        "recall": 0.9591836734693877,
        "f1-score": 0.9791666666666666,
        "support": 49.0
    },
    "3": {
        "precision": 1.0,
        "recall": 0.9183673469387755,
        "f1-score": 0.9574468085106383,
        "support": 49.0
    },
    "4": {
        "precision": 0.9166666666666666,
        "recall": 0.673469387755102,
        "f1-score": 0.7764705882352941,
        "support": 49.0
    },
    "5": {
        "precision": 0.96,
        "recall": 0.4897959183673469,
        "f1-score": 0.6486486486486487,
        "support": 49.0
    },
    "6": {
        "precision": 0.4098360655737705,
        "recall": 0.5102040816326531,
        "f1-score": 0.45454545454545453,
        "support": 49.0
    },
    "7": {
        "precision": 0.7428571428571429,
        "recall": 0.5306122448979592,
        "f1-score": 0.6190476190476191,
        "support": 49.0
    },
    "8": {
        "precision": 0.30120481927710846,
        "recall": 0.5102040816326531,
        "f1-score": 0.3787878787878788,
        "support": 49.0
    },
    "9": {
        "precision": 0.7,
        "recall": 0.8571428571428571,
        "f1-score": 0.7706422018348624,
        "support": 49.0
    },
    "accuracy": 0.6811224489795918,
    "macro avg": {
        "precision": 0.753820586796836,
        "recall": 0.6811224489795917,
        "f1-score": 0.6980944832846327,
        "support": 392.0
    },
    "weighted avg": {
        "precision": 0.753820586796836,
        "recall": 0.6811224489795918,
        "f1-score": 0.6980944832846329,
        "support": 392.0
    }
}