{
    "1": {
        "precision": 1.0,
        "recall": 1.0,
        "f1-score": 1.0,
        "support": 81.0
    },
    "2": {
        "precision": 0.9863013698630136,
        "recall": 0.8888888888888888,
        "f1-score": 0.935064935064935,
        "support": 81.0
    },
    "3": {
        "precision": 0.8783783783783784,
        "recall": 0.8024691358024691,
        "f1-score": 0.8387096774193549,
        "support": 81.0
    },
    "4": {
        "precision": 0.7313432835820896,
        "recall": 0.6049382716049383,
        "f1-score": 0.6621621621621622,
        "support": 81.0
    },
    "5": {
        "precision": 0.6086956521739131,
        "recall": 0.691358024691358,
        "f1-score": 0.6473988439306358,
        "support": 81.0
    },
    "6": {
        "precision": 0.5,
        "recall": 0.2962962962962963,
        "f1-score": 0.37209302325581395,
        "support": 81.0
    },
    "7": {
        "precision": 0.3795620437956204,
        "recall": 0.6419753086419753,
        "f1-score": 0.47706422018348627,
        "support": 81.0
    },
    "8": {
        "precision": 0.46808510638297873,
        "recall": 0.5432098765432098,
        "f1-score": 0.5028571428571429,
        "support": 81.0
    },
    "9": {
        "precision": 0.7936507936507936,
        "recall": 0.6172839506172839,
        "f1-score": 0.6944444444444444,
        "support": 81.0
    },
    "accuracy": 0.6762688614540466,
    "macro avg": {
        "precision": 0.7051129586474209,
        "recall": 0.6762688614540466,
        "f1-score": 0.6810882721464417,
        "support": 729.0
    },
    "weighted avg": {
        "precision": 0.7051129586474209,
        "recall": 0.6762688614540466,
        "f1-score": 0.6810882721464417,
        "support": 729.0
    }
}