{
    "2": {
        "precision": 1.0,
        "recall": 0.9591836734693877,
        "f1-score": 0.9791666666666666,
        "support": 49.0
    },
    "3": {
        "precision": 0.9791666666666666,
        "recall": 0.9591836734693877,
        "f1-score": 0.9690721649484536,
        "support": 49.0
    },
    "4": {
        "precision": 0.9245283018867925,
        "recall": 1.0,
        "f1-score": 0.9607843137254902,
        "support": 49.0
    },
    "5": {
        "precision": 0.8958333333333334,
        "recall": 0.8775510204081632,
        "f1-score": 0.8865979381443299,
        "support": 49.0
    },
    "6": {
        "precision": 0.391304347826087,
        "recall": 0.9183673469387755,
        "f1-score": 0.5487804878048781,
        "support": 49.0
    },
    "7": {
        "precision": 0.4,
        "recall": 0.12244897959183673,
        "f1-score": 0.1875,
        "support": 49.0
    },
    "8": {
        "precision": 0.42105263157894735,
        "recall": 0.16326530612244897,
        "f1-score": 0.23529411764705882,
        "support": 49.0
    },
    "9": {
        "precision": 0.6170212765957447,
        "recall": 0.5918367346938775,
        "f1-score": 0.6041666666666666,
        "support": 49.0
    },
    "accuracy": 0.6989795918367347,
    "macro avg": {
        "precision": 0.7036133197359464,
        "recall": 0.6989795918367346,
        "f1-score": 0.671420294450443,
        "support": 392.0
    },
    "weighted avg": {
        "precision": 0.7036133197359463,
        "recall": 0.6989795918367347,
        "f1-score": 0.671420294450443,
        "support": 392.0
    }
}