{
    "2": {
        "precision": 1.0,
        "recall": 1.0,
        "f1-score": 1.0,
        "support": 49.0
    },
    "3": {
        "precision": 1.0,
        "recall": 0.9387755102040817,
        "f1-score": 0.968421052631579,
        "support": 49.0
    },
    "4": {
        "precision": 0.9423076923076923,
        "recall": 1.0,
        "f1-score": 0.9702970297029703,
        "support": 49.0
    },
    "5": {
        "precision": 1.0,
        "recall": 0.6122448979591837,
        "f1-score": 0.759493670886076,
        "support": 49.0
    },
    "6": {
        "precision": 0.7313432835820896,
        "recall": 1.0,
        "f1-score": 0.8448275862068966,
        "support": 49.0
    },
    "7": {
        "precision": 0.8135593220338984,
        "recall": 0.9795918367346939,
        "f1-score": 0.8888888888888888,
        "support": 49.0
    },
    "8": {
        "precision": 0.9375,
        "recall": 0.30612244897959184,
        "f1-score": 0.46153846153846156,
        "support": 49.0
    },
    "9": {
        "precision": 0.6712328767123288,
        "recall": 1.0,
        "f1-score": 0.8032786885245902,
        "support": 49.0
    },
    "accuracy": 0.8545918367346939,
    "macro avg": {
        "precision": 0.8869928968295011,
        "recall": 0.8545918367346939,
        "f1-score": 0.8370931722974327,
        "support": 392.0
    },
    "weighted avg": {
        "precision": 0.8869928968295012,
        "recall": 0.8545918367346939,
        "f1-score": 0.8370931722974329,
        "support": 392.0
    }
}