{
    "1": {
        "precision": 0.9861111111111112,
        "recall": 0.8765432098765432,
        "f1-score": 0.9281045751633987,
        "support": 81.0
    },
    "2": {
        "precision": 0.6976744186046512,
        "recall": 0.7407407407407407,
        "f1-score": 0.718562874251497,
        "support": 81.0
    },
    "3": {
        "precision": 0.5154639175257731,
        "recall": 0.6172839506172839,
        "f1-score": 0.5617977528089888,
        "support": 81.0
    },
    "4": {
        "precision": 0.37681159420289856,
        "recall": 0.32098765432098764,
        "f1-score": 0.3466666666666667,
        "support": 81.0
    },
    "5": {
        "precision": 0.4166666666666667,
        "recall": 0.30864197530864196,
        "f1-score": 0.3546099290780142,
        "support": 81.0
    },
    "6": {
        "precision": 0.4230769230769231,
        "recall": 0.13580246913580246,
        "f1-score": 0.205607476635514,
        "support": 81.0
    },
    "7": {
        "precision": 0.0,
        "recall": 0.0,
        "f1-score": 0.0,
        "support": 81.0
    },
    "8": {
        "precision": 0.24537037037037038,
        "recall": 0.654320987654321,
        "f1-score": 0.3569023569023569,
        "support": 81.0
    },
    "9": {
        "precision": 0.2815533980582524,
        "recall": 0.35802469135802467,
        "f1-score": 0.31521739130434784,
        "support": 81.0
    },
    "accuracy": 0.4458161865569273,
    "macro avg": {
        "precision": 0.4380809332907385,
        "recall": 0.4458161865569273,
        "f1-score": 0.4208298914234205,
        "support": 729.0
    },
    "weighted avg": {
        "precision": 0.43808093329073855,
        "recall": 0.4458161865569273,
        "f1-score": 0.4208298914234204,
        "support": 729.0
    }
}