{
    "1": {
        "precision": 0.36231884057971014,
        "recall": 0.9259259259259259,
        "f1-score": 0.5208333333333334,
        "support": 81.0
    },
    "2": {
        "precision": 0.9240506329113924,
        "recall": 0.9012345679012346,
        "f1-score": 0.9125,
        "support": 81.0
    },
    "3": {
        "precision": 0.6201550387596899,
        "recall": 0.9876543209876543,
        "f1-score": 0.7619047619047619,
        "support": 81.0
    },
    "4": {
        "precision": 0.6666666666666666,
        "recall": 0.41975308641975306,
        "f1-score": 0.5151515151515151,
        "support": 81.0
    },
    "5": {
        "precision": 0.5306122448979592,
        "recall": 0.6419753086419753,
        "f1-score": 0.5810055865921788,
        "support": 81.0
    },
    "6": {
        "precision": 0.0,
        "recall": 0.0,
        "f1-score": 0.0,
        "support": 81.0
    },
    "7": {
        "precision": 0.3333333333333333,
        "recall": 0.654320987654321,
        "f1-score": 0.44166666666666665,
        "support": 81.0
    },
    "8": {
        "precision": 0.0,
        "recall": 0.0,
        "f1-score": 0.0,
        "support": 81.0
    },
    "9": {
        "precision": 0.6666666666666666,
        "recall": 0.04938271604938271,
        "f1-score": 0.09195402298850575,
        "support": 81.0
    },
    "accuracy": 0.5089163237311386,
    "macro avg": {
        "precision": 0.45597815820171317,
        "recall": 0.5089163237311385,
        "f1-score": 0.4250017651818846,
        "support": 729.0
    },
    "weighted avg": {
        "precision": 0.4559781582017131,
        "recall": 0.5089163237311386,
        "f1-score": 0.4250017651818846,
        "support": 729.0
    }
}