{
    "2": {
        "precision": 0.0,
        "recall": 0.0,
        "f1-score": 0.0,
        "support": 49.0
    },
    "3": {
        "precision": 0.23076923076923078,
        "recall": 0.12244897959183673,
        "f1-score": 0.16,
        "support": 49.0
    },
    "4": {
        "precision": 0.2538860103626943,
        "recall": 1.0,
        "f1-score": 0.4049586776859504,
        "support": 49.0
    },
    "5": {
        "precision": 0.0,
        "recall": 0.0,
        "f1-score": 0.0,
        "support": 49.0
    },
    "6": {
        "precision": 0.0,
        "recall": 0.0,
        "f1-score": 0.0,
        "support": 49.0
    },
    "7": {
        "precision": 0.0,
        "recall": 0.0,
        "f1-score": 0.0,
        "support": 49.0
    },
    "8": {
        "precision": 0.0,
        "recall": 0.0,
        "f1-score": 0.0,
        "support": 49.0
    },
    "9": {
        "precision": 0.28488372093023256,
        "recall": 1.0,
        "f1-score": 0.4434389140271493,
        "support": 49.0
    },
    "accuracy": 0.2653061224489796,
    "macro avg": {
        "precision": 0.09619237025776971,
        "recall": 0.26530612244897955,
        "f1-score": 0.12604969896413748,
        "support": 392.0
    },
    "weighted avg": {
        "precision": 0.09619237025776972,
        "recall": 0.2653061224489796,
        "f1-score": 0.12604969896413745,
        "support": 392.0
    }
}