{
    "1": {
        "precision": 1.0,
        "recall": 0.9984567901234568,
        "f1-score": 0.9992277992277993,
        "support": 1944.0
    },
    "2": {
        "precision": 0.9982003599280144,
        "recall": 0.8559670781893004,
        "f1-score": 0.9216283577956245,
        "support": 1944.0
    },
    "3": {
        "precision": 0.8373563218390805,
        "recall": 0.7494855967078189,
        "f1-score": 0.7909880564603692,
        "support": 1944.0
    },
    "4": {
        "precision": 0.7215584415584415,
        "recall": 0.7145061728395061,
        "f1-score": 0.7180149909537348,
        "support": 1944.0
    },
    "5": {
        "precision": 0.6386554621848739,
        "recall": 0.6646090534979424,
        "f1-score": 0.6513738341315856,
        "support": 1944.0
    },
    "6": {
        "precision": 0.5328467153284672,
        "recall": 0.4881687242798354,
        "f1-score": 0.5095302013422819,
        "support": 1944.0
    },
    "7": {
        "precision": 0.4815481548154815,
        "recall": 0.5504115226337448,
        "f1-score": 0.5136821891502641,
        "support": 1944.0
    },
    "8": {
        "precision": 0.4602941176470588,
        "recall": 0.48302469135802467,
        "f1-score": 0.4713855421686747,
        "support": 1944.0
    },
    "9": {
        "precision": 0.5842771485676216,
        "recall": 0.45113168724279834,
        "f1-score": 0.5091436865021771,
        "support": 1944.0
    },
    "micro avg": {
        "precision": 0.6875296912114014,
        "recall": 0.6617512574302697,
        "f1-score": 0.6743942218080149,
        "support": 17496.0
    },
    "macro avg": {
        "precision": 0.6949707468743377,
        "recall": 0.6617512574302696,
        "f1-score": 0.6761082953036123,
        "support": 17496.0
    },
    "weighted avg": {
        "precision": 0.6949707468743377,
        "recall": 0.6617512574302697,
        "f1-score": 0.6761082953036123,
        "support": 17496.0
    },
    "accuracy": 0.6617512574302697
}