{
    "2": {
        "precision": 1.0,
        "recall": 1.0,
        "f1-score": 1.0,
        "support": 49.0
    },
    "3": {
        "precision": 1.0,
        "recall": 1.0,
        "f1-score": 1.0,
        "support": 49.0
    },
    "4": {
        "precision": 0.8888888888888888,
        "recall": 0.9795918367346939,
        "f1-score": 0.9320388349514563,
        "support": 49.0
    },
    "5": {
        "precision": 0.8163265306122449,
        "recall": 0.8163265306122449,
        "f1-score": 0.8163265306122449,
        "support": 49.0
    },
    "6": {
        "precision": 0.868421052631579,
        "recall": 0.673469387755102,
        "f1-score": 0.7586206896551724,
        "support": 49.0
    },
    "7": {
        "precision": 0.6197183098591549,
        "recall": 0.8979591836734694,
        "f1-score": 0.7333333333333333,
        "support": 49.0
    },
    "8": {
        "precision": 0.6842105263157895,
        "recall": 0.5306122448979592,
        "f1-score": 0.5977011494252874,
        "support": 49.0
    },
    "9": {
        "precision": 0.8863636363636364,
        "recall": 0.7959183673469388,
        "f1-score": 0.8387096774193549,
        "support": 49.0
    },
    "accuracy": 0.8367346938775511,
    "macro avg": {
        "precision": 0.8454911180839118,
        "recall": 0.8367346938775511,
        "f1-score": 0.8345912769246062,
        "support": 392.0
    },
    "weighted avg": {
        "precision": 0.8454911180839115,
        "recall": 0.8367346938775511,
        "f1-score": 0.8345912769246061,
        "support": 392.0
    }
}