{
    "2": {
        "precision": 1.0,
        "recall": 0.1836734693877551,
        "f1-score": 0.3103448275862069,
        "support": 49.0
    },
    "3": {
        "precision": 0.4835164835164835,
        "recall": 0.8979591836734694,
        "f1-score": 0.6285714285714286,
        "support": 49.0
    },
    "4": {
        "precision": 0.5166666666666667,
        "recall": 0.6326530612244898,
        "f1-score": 0.5688073394495413,
        "support": 49.0
    },
    "5": {
        "precision": 0.40625,
        "recall": 0.2653061224489796,
        "f1-score": 0.32098765432098764,
        "support": 49.0
    },
    "6": {
        "precision": 0.1875,
        "recall": 0.1836734693877551,
        "f1-score": 0.18556701030927836,
        "support": 49.0
    },
    "7": {
        "precision": 0.3333333333333333,
        "recall": 0.02040816326530612,
        "f1-score": 0.038461538461538464,
        "support": 49.0
    },
    "8": {
        "precision": 0.25396825396825395,
        "recall": 0.6530612244897959,
        "f1-score": 0.3657142857142857,
        "support": 49.0
    },
    "9": {
        "precision": 0.21739130434782608,
        "recall": 0.10204081632653061,
        "f1-score": 0.1388888888888889,
        "support": 49.0
    },
    "accuracy": 0.3673469387755102,
    "macro avg": {
        "precision": 0.4248282552290704,
        "recall": 0.3673469387755102,
        "f1-score": 0.31966787166276944,
        "support": 392.0
    },
    "weighted avg": {
        "precision": 0.4248282552290704,
        "recall": 0.3673469387755102,
        "f1-score": 0.3196678716627695,
        "support": 392.0
    }
}