{
    "2": {
        "precision": 1.0,
        "recall": 1.0,
        "f1-score": 1.0,
        "support": 49.0
    },
    "3": {
        "precision": 1.0,
        "recall": 0.9795918367346939,
        "f1-score": 0.9896907216494846,
        "support": 49.0
    },
    "4": {
        "precision": 0.9787234042553191,
        "recall": 0.9387755102040817,
        "f1-score": 0.9583333333333334,
        "support": 49.0
    },
    "5": {
        "precision": 0.9285714285714286,
        "recall": 0.7959183673469388,
        "f1-score": 0.8571428571428571,
        "support": 49.0
    },
    "6": {
        "precision": 0.7317073170731707,
        "recall": 0.6122448979591837,
        "f1-score": 0.6666666666666666,
        "support": 49.0
    },
    "7": {
        "precision": 0.640625,
        "recall": 0.8367346938775511,
        "f1-score": 0.7256637168141593,
        "support": 49.0
    },
    "8": {
        "precision": 0.48,
        "recall": 0.24489795918367346,
        "f1-score": 0.32432432432432434,
        "support": 49.0
    },
    "9": {
        "precision": 0.5466666666666666,
        "recall": 0.8367346938775511,
        "f1-score": 0.6612903225806451,
        "support": 49.0
    },
    "micro avg": {
        "precision": 0.782608695652174,
        "recall": 0.7806122448979592,
        "f1-score": 0.7816091954022989,
        "support": 392.0
    },
    "macro avg": {
        "precision": 0.7882867270708231,
        "recall": 0.7806122448979592,
        "f1-score": 0.7728889928139339,
        "support": 392.0
    },
    "weighted avg": {
        "precision": 0.7882867270708231,
        "recall": 0.7806122448979592,
        "f1-score": 0.7728889928139339,
        "support": 392.0
    },
    "accuracy": 0.7806122448979592
}