{
    "1": {
        "precision": 0.3611111111111111,
        "recall": 0.9629629629629629,
        "f1-score": 0.5252525252525253,
        "support": 81.0
    },
    "2": {
        "precision": 0.9125,
        "recall": 0.9012345679012346,
        "f1-score": 0.906832298136646,
        "support": 81.0
    },
    "3": {
        "precision": 0.7281553398058253,
        "recall": 0.9259259259259259,
        "f1-score": 0.8152173913043478,
        "support": 81.0
    },
    "4": {
        "precision": 0.82,
        "recall": 0.5061728395061729,
        "f1-score": 0.6259541984732825,
        "support": 81.0
    },
    "5": {
        "precision": 0.43636363636363634,
        "recall": 0.8888888888888888,
        "f1-score": 0.5853658536585366,
        "support": 81.0
    },
    "6": {
        "precision": 0.0,
        "recall": 0.0,
        "f1-score": 0.0,
        "support": 81.0
    },
    "7": {
        "precision": 0.3425925925925926,
        "recall": 0.4567901234567901,
        "f1-score": 0.3915343915343915,
        "support": 81.0
    },
    "8": {
        "precision": 0.25,
        "recall": 0.012345679012345678,
        "f1-score": 0.023529411764705882,
        "support": 81.0
    },
    "9": {
        "precision": 1.0,
        "recall": 0.037037037037037035,
        "f1-score": 0.07142857142857142,
        "support": 81.0
    },
    "accuracy": 0.5212620027434842,
    "macro avg": {
        "precision": 0.5389691866525739,
        "recall": 0.5212620027434842,
        "f1-score": 0.4383460712836675,
        "support": 729.0
    },
    "weighted avg": {
        "precision": 0.5389691866525739,
        "recall": 0.5212620027434842,
        "f1-score": 0.4383460712836674,
        "support": 729.0
    }
}