{
    "2": {
        "precision": 1.0,
        "recall": 1.0,
        "f1-score": 1.0,
        "support": 49.0
    },
    "3": {
        "precision": 1.0,
        "recall": 1.0,
        "f1-score": 1.0,
        "support": 49.0
    },
    "4": {
        "precision": 0.8032786885245902,
        "recall": 1.0,
        "f1-score": 0.8909090909090909,
        "support": 49.0
    },
    "5": {
        "precision": 0.972972972972973,
        "recall": 0.7346938775510204,
        "f1-score": 0.8372093023255814,
        "support": 49.0
    },
    "6": {
        "precision": 0.532608695652174,
        "recall": 1.0,
        "f1-score": 0.6950354609929078,
        "support": 49.0
    },
    "7": {
        "precision": 0.375,
        "recall": 0.3673469387755102,
        "f1-score": 0.3711340206185567,
        "support": 49.0
    },
    "8": {
        "precision": 1.0,
        "recall": 0.061224489795918366,
        "f1-score": 0.11538461538461539,
        "support": 49.0
    },
    "9": {
        "precision": 0.9056603773584906,
        "recall": 0.9795918367346939,
        "f1-score": 0.9411764705882353,
        "support": 49.0
    },
    "accuracy": 0.7678571428571429,
    "macro avg": {
        "precision": 0.8236900918135285,
        "recall": 0.7678571428571428,
        "f1-score": 0.7313561201023735,
        "support": 392.0
    },
    "weighted avg": {
        "precision": 0.8236900918135285,
        "recall": 0.7678571428571429,
        "f1-score": 0.7313561201023733,
        "support": 392.0
    }
}