{
    "1": {
        "precision": 1.0,
        "recall": 1.0,
        "f1-score": 1.0,
        "support": 81.0
    },
    "2": {
        "precision": 1.0,
        "recall": 0.9382716049382716,
        "f1-score": 0.9681528662420382,
        "support": 81.0
    },
    "3": {
        "precision": 0.9113924050632911,
        "recall": 0.8888888888888888,
        "f1-score": 0.9,
        "support": 81.0
    },
    "4": {
        "precision": 0.8333333333333334,
        "recall": 0.8641975308641975,
        "f1-score": 0.8484848484848485,
        "support": 81.0
    },
    "5": {
        "precision": 0.696969696969697,
        "recall": 0.8518518518518519,
        "f1-score": 0.7666666666666667,
        "support": 81.0
    },
    "6": {
        "precision": 0.8,
        "recall": 0.3950617283950617,
        "f1-score": 0.5289256198347108,
        "support": 81.0
    },
    "7": {
        "precision": 0.4740740740740741,
        "recall": 0.7901234567901234,
        "f1-score": 0.5925925925925926,
        "support": 81.0
    },
    "8": {
        "precision": 0.4588235294117647,
        "recall": 0.48148148148148145,
        "f1-score": 0.46987951807228917,
        "support": 81.0
    },
    "9": {
        "precision": 0.74,
        "recall": 0.4567901234567901,
        "f1-score": 0.5648854961832062,
        "support": 81.0
    },
    "accuracy": 0.7407407407407407,
    "macro avg": {
        "precision": 0.7682881154280179,
        "recall": 0.7407407407407407,
        "f1-score": 0.737731956452928,
        "support": 729.0
    },
    "weighted avg": {
        "precision": 0.7682881154280178,
        "recall": 0.7407407407407407,
        "f1-score": 0.7377319564529279,
        "support": 729.0
    }
}