{
    "2": {
        "precision": 1.0,
        "recall": 0.04081632653061224,
        "f1-score": 0.0784313725490196,
        "support": 49.0
    },
    "3": {
        "precision": 0.10869565217391304,
        "recall": 0.10204081632653061,
        "f1-score": 0.10526315789473684,
        "support": 49.0
    },
    "4": {
        "precision": 0.1346153846153846,
        "recall": 0.14285714285714285,
        "f1-score": 0.13861386138613863,
        "support": 49.0
    },
    "5": {
        "precision": 0.02857142857142857,
        "recall": 0.02040816326530612,
        "f1-score": 0.023809523809523808,
        "support": 49.0
    },
    "6": {
        "precision": 0.0,
        "recall": 0.0,
        "f1-score": 0.0,
        "support": 49.0
    },
    "7": {
        "precision": 0.0,
        "recall": 0.0,
        "f1-score": 0.0,
        "support": 49.0
    },
    "8": {
        "precision": 0.0,
        "recall": 0.0,
        "f1-score": 0.0,
        "support": 49.0
    },
    "9": {
        "precision": 0.2033195020746888,
        "recall": 1.0,
        "f1-score": 0.33793103448275863,
        "support": 49.0
    },
    "accuracy": 0.16326530612244897,
    "macro avg": {
        "precision": 0.1844002459294269,
        "recall": 0.163265306122449,
        "f1-score": 0.08550611876527218,
        "support": 392.0
    },
    "weighted avg": {
        "precision": 0.1844002459294269,
        "recall": 0.16326530612244897,
        "f1-score": 0.08550611876527217,
        "support": 392.0
    }
}