{
    "1": {
        "precision": 1.0,
        "recall": 0.9958847736625515,
        "f1-score": 0.9979381443298969,
        "support": 243.0
    },
    "2": {
        "precision": 0.9836734693877551,
        "recall": 0.9917695473251029,
        "f1-score": 0.9877049180327869,
        "support": 243.0
    },
    "3": {
        "precision": 0.8540925266903915,
        "recall": 0.9876543209876543,
        "f1-score": 0.916030534351145,
        "support": 243.0
    },
    "4": {
        "precision": 0.9466019417475728,
        "recall": 0.8024691358024691,
        "f1-score": 0.8685968819599109,
        "support": 243.0
    },
    "5": {
        "precision": 0.9071428571428571,
        "recall": 0.522633744855967,
        "f1-score": 0.6631853785900783,
        "support": 243.0
    },
    "6": {
        "precision": 0.4373831775700935,
        "recall": 0.9629629629629629,
        "f1-score": 0.6015424164524421,
        "support": 243.0
    },
    "7": {
        "precision": 0.3684210526315789,
        "recall": 0.345679012345679,
        "f1-score": 0.35668789808917195,
        "support": 243.0
    },
    "8": {
        "precision": 0.425,
        "recall": 0.20987654320987653,
        "f1-score": 0.2809917355371901,
        "support": 243.0
    },
    "9": {
        "precision": 0.7473684210526316,
        "recall": 0.5843621399176955,
        "f1-score": 0.6558891454965358,
        "support": 243.0
    },
    "accuracy": 0.7114769090077732,
    "macro avg": {
        "precision": 0.7410759384692089,
        "recall": 0.7114769090077732,
        "f1-score": 0.7031741169821287,
        "support": 2187.0
    },
    "weighted avg": {
        "precision": 0.741075938469209,
        "recall": 0.7114769090077732,
        "f1-score": 0.7031741169821287,
        "support": 2187.0
    }
}