{
    "1": {
        "precision": 1.0,
        "recall": 1.0,
        "f1-score": 1.0,
        "support": 81.0
    },
    "2": {
        "precision": 1.0,
        "recall": 0.8148148148148148,
        "f1-score": 0.8979591836734694,
        "support": 81.0
    },
    "3": {
        "precision": 0.8125,
        "recall": 0.8024691358024691,
        "f1-score": 0.8074534161490683,
        "support": 81.0
    },
    "4": {
        "precision": 0.5789473684210527,
        "recall": 0.2716049382716049,
        "f1-score": 0.3697478991596639,
        "support": 81.0
    },
    "5": {
        "precision": 0.25316455696202533,
        "recall": 0.24691358024691357,
        "f1-score": 0.25,
        "support": 81.0
    },
    "6": {
        "precision": 0.21621621621621623,
        "recall": 0.19753086419753085,
        "f1-score": 0.2064516129032258,
        "support": 81.0
    },
    "7": {
        "precision": 0.23809523809523808,
        "recall": 0.24691358024691357,
        "f1-score": 0.24242424242424243,
        "support": 81.0
    },
    "8": {
        "precision": 0.06521739130434782,
        "recall": 0.037037037037037035,
        "f1-score": 0.047244094488188976,
        "support": 81.0
    },
    "9": {
        "precision": 0.08108108108108109,
        "recall": 0.07407407407407407,
        "f1-score": 0.07741935483870968,
        "support": 81.0
    },
    "micro avg": {
        "precision": 0.4807073954983923,
        "recall": 0.4101508916323731,
        "f1-score": 0.44263508512213173,
        "support": 729.0
    },
    "macro avg": {
        "precision": 0.47169131689777344,
        "recall": 0.4101508916323731,
        "f1-score": 0.4331888670707299,
        "support": 729.0
    },
    "weighted avg": {
        "precision": 0.4716913168977735,
        "recall": 0.4101508916323731,
        "f1-score": 0.43318886707072984,
        "support": 729.0
    },
    "accuracy": 0.4101508916323731
}