{
    "2": {
        "precision": 1.0,
        "recall": 0.30612244897959184,
        "f1-score": 0.46875,
        "support": 49.0
    },
    "3": {
        "precision": 0.5584415584415584,
        "recall": 0.8775510204081632,
        "f1-score": 0.6825396825396826,
        "support": 49.0
    },
    "4": {
        "precision": 0.7719298245614035,
        "recall": 0.8979591836734694,
        "f1-score": 0.8301886792452831,
        "support": 49.0
    },
    "5": {
        "precision": 0.6923076923076923,
        "recall": 0.3673469387755102,
        "f1-score": 0.48,
        "support": 49.0
    },
    "6": {
        "precision": 0.41379310344827586,
        "recall": 0.4897959183673469,
        "f1-score": 0.4485981308411215,
        "support": 49.0
    },
    "7": {
        "precision": 0.5,
        "recall": 0.02040816326530612,
        "f1-score": 0.0392156862745098,
        "support": 49.0
    },
    "8": {
        "precision": 0.273972602739726,
        "recall": 0.40816326530612246,
        "f1-score": 0.32786885245901637,
        "support": 49.0
    },
    "9": {
        "precision": 0.2261904761904762,
        "recall": 0.3877551020408163,
        "f1-score": 0.2857142857142857,
        "support": 49.0
    },
    "accuracy": 0.46938775510204084,
    "macro avg": {
        "precision": 0.5545794072111415,
        "recall": 0.46938775510204084,
        "f1-score": 0.4453594146342374,
        "support": 392.0
    },
    "weighted avg": {
        "precision": 0.5545794072111415,
        "recall": 0.46938775510204084,
        "f1-score": 0.44535941463423734,
        "support": 392.0
    }
}