{
    "1": {
        "precision": 0.8969465648854962,
        "recall": 0.9670781893004116,
        "f1-score": 0.9306930693069307,
        "support": 243.0
    },
    "2": {
        "precision": 0.6910569105691057,
        "recall": 0.6995884773662552,
        "f1-score": 0.6952965235173824,
        "support": 243.0
    },
    "3": {
        "precision": 0.4318181818181818,
        "recall": 0.2345679012345679,
        "f1-score": 0.304,
        "support": 243.0
    },
    "4": {
        "precision": 0.1956521739130435,
        "recall": 0.14814814814814814,
        "f1-score": 0.1686182669789227,
        "support": 243.0
    },
    "5": {
        "precision": 0.17117117117117117,
        "recall": 0.07818930041152264,
        "f1-score": 0.10734463276836158,
        "support": 243.0
    },
    "6": {
        "precision": 0.13157894736842105,
        "recall": 0.1440329218106996,
        "f1-score": 0.137524557956778,
        "support": 243.0
    },
    "7": {
        "precision": 0.12962962962962962,
        "recall": 0.02880658436213992,
        "f1-score": 0.04713804713804714,
        "support": 243.0
    },
    "8": {
        "precision": 0.1968503937007874,
        "recall": 0.51440329218107,
        "f1-score": 0.2847380410022779,
        "support": 243.0
    },
    "9": {
        "precision": 0.2962962962962963,
        "recall": 0.36213991769547327,
        "f1-score": 0.32592592592592595,
        "support": 243.0
    },
    "accuracy": 0.3529949702789209,
    "macro avg": {
        "precision": 0.3490000299280147,
        "recall": 0.3529949702789209,
        "f1-score": 0.3334754516216252,
        "support": 2187.0
    },
    "weighted avg": {
        "precision": 0.34900002992801477,
        "recall": 0.3529949702789209,
        "f1-score": 0.3334754516216252,
        "support": 2187.0
    }
}