{
    "2": {
        "precision": 0.9411764705882353,
        "recall": 0.9795918367346939,
        "f1-score": 0.96,
        "support": 49.0
    },
    "3": {
        "precision": 0.8857142857142857,
        "recall": 0.6326530612244898,
        "f1-score": 0.7380952380952381,
        "support": 49.0
    },
    "4": {
        "precision": 0.45794392523364486,
        "recall": 1.0,
        "f1-score": 0.6282051282051282,
        "support": 49.0
    },
    "5": {
        "precision": 0.5,
        "recall": 0.061224489795918366,
        "f1-score": 0.10909090909090909,
        "support": 49.0
    },
    "6": {
        "precision": 0.589041095890411,
        "recall": 0.8775510204081632,
        "f1-score": 0.7049180327868853,
        "support": 49.0
    },
    "7": {
        "precision": 0.7777777777777778,
        "recall": 0.2857142857142857,
        "f1-score": 0.417910447761194,
        "support": 49.0
    },
    "8": {
        "precision": 0.25,
        "recall": 0.02040816326530612,
        "f1-score": 0.03773584905660377,
        "support": 49.0
    },
    "9": {
        "precision": 0.5,
        "recall": 1.0,
        "f1-score": 0.6666666666666666,
        "support": 49.0
    },
    "accuracy": 0.6071428571428571,
    "macro avg": {
        "precision": 0.6127066944005444,
        "recall": 0.6071428571428572,
        "f1-score": 0.5328277839578281,
        "support": 392.0
    },
    "weighted avg": {
        "precision": 0.6127066944005444,
        "recall": 0.6071428571428571,
        "f1-score": 0.5328277839578281,
        "support": 392.0
    }
}