{
    "1": {
        "precision": 1.0,
        "recall": 0.9876543209876543,
        "f1-score": 0.9937888198757764,
        "support": 81.0
    },
    "2": {
        "precision": 0.972972972972973,
        "recall": 0.8888888888888888,
        "f1-score": 0.9290322580645162,
        "support": 81.0
    },
    "3": {
        "precision": 0.8181818181818182,
        "recall": 0.5555555555555556,
        "f1-score": 0.6617647058823529,
        "support": 81.0
    },
    "4": {
        "precision": 0.5164835164835165,
        "recall": 0.5802469135802469,
        "f1-score": 0.5465116279069767,
        "support": 81.0
    },
    "5": {
        "precision": 0.5252525252525253,
        "recall": 0.6419753086419753,
        "f1-score": 0.5777777777777777,
        "support": 81.0
    },
    "6": {
        "precision": 0.4634146341463415,
        "recall": 0.2345679012345679,
        "f1-score": 0.3114754098360656,
        "support": 81.0
    },
    "7": {
        "precision": 0.30526315789473685,
        "recall": 0.7160493827160493,
        "f1-score": 0.4280442804428044,
        "support": 81.0
    },
    "8": {
        "precision": 0.3372093023255814,
        "recall": 0.35802469135802467,
        "f1-score": 0.3473053892215569,
        "support": 81.0
    },
    "9": {
        "precision": 0.9230769230769231,
        "recall": 0.14814814814814814,
        "f1-score": 0.2553191489361702,
        "support": 81.0
    },
    "accuracy": 0.5679012345679012,
    "macro avg": {
        "precision": 0.6513172055927128,
        "recall": 0.5679012345679012,
        "f1-score": 0.5612243797715553,
        "support": 729.0
    },
    "weighted avg": {
        "precision": 0.6513172055927129,
        "recall": 0.5679012345679012,
        "f1-score": 0.5612243797715551,
        "support": 729.0
    }
}