{
    "1": {
        "precision": 0.6666666666666666,
        "recall": 0.04938271604938271,
        "f1-score": 0.09195402298850575,
        "support": 81.0
    },
    "2": {
        "precision": 0.27956989247311825,
        "recall": 0.32098765432098764,
        "f1-score": 0.2988505747126437,
        "support": 81.0
    },
    "3": {
        "precision": 0.125,
        "recall": 0.09876543209876543,
        "f1-score": 0.1103448275862069,
        "support": 81.0
    },
    "4": {
        "precision": 0.14473684210526316,
        "recall": 0.13580246913580246,
        "f1-score": 0.14012738853503184,
        "support": 81.0
    },
    "5": {
        "precision": 0.14754098360655737,
        "recall": 0.1111111111111111,
        "f1-score": 0.1267605633802817,
        "support": 81.0
    },
    "6": {
        "precision": 0.22333333333333333,
        "recall": 0.8271604938271605,
        "f1-score": 0.35170603674540685,
        "support": 81.0
    },
    "7": {
        "precision": 0.0,
        "recall": 0.0,
        "f1-score": 0.0,
        "support": 81.0
    },
    "8": {
        "precision": 0.6,
        "recall": 0.037037037037037035,
        "f1-score": 0.06976744186046512,
        "support": 81.0
    },
    "9": {
        "precision": 0.3951612903225806,
        "recall": 0.6049382716049383,
        "f1-score": 0.47804878048780486,
        "support": 81.0
    },
    "accuracy": 0.24279835390946503,
    "macro avg": {
        "precision": 0.2868898898341688,
        "recall": 0.24279835390946503,
        "f1-score": 0.1852844040329274,
        "support": 729.0
    },
    "weighted avg": {
        "precision": 0.28688988983416885,
        "recall": 0.24279835390946503,
        "f1-score": 0.18528440403292742,
        "support": 729.0
    }
}