{
    "1": {
        "precision": 1.0,
        "recall": 1.0,
        "f1-score": 1.0,
        "support": 81.0
    },
    "2": {
        "precision": 1.0,
        "recall": 1.0,
        "f1-score": 1.0,
        "support": 81.0
    },
    "3": {
        "precision": 0.9634146341463414,
        "recall": 0.9753086419753086,
        "f1-score": 0.9693251533742331,
        "support": 81.0
    },
    "4": {
        "precision": 0.8461538461538461,
        "recall": 0.9506172839506173,
        "f1-score": 0.8953488372093024,
        "support": 81.0
    },
    "5": {
        "precision": 0.7294117647058823,
        "recall": 0.7654320987654321,
        "f1-score": 0.7469879518072289,
        "support": 81.0
    },
    "6": {
        "precision": 0.6326530612244898,
        "recall": 0.38271604938271603,
        "f1-score": 0.47692307692307695,
        "support": 81.0
    },
    "7": {
        "precision": 0.45323741007194246,
        "recall": 0.7777777777777778,
        "f1-score": 0.5727272727272728,
        "support": 81.0
    },
    "8": {
        "precision": 0.4482758620689655,
        "recall": 0.32098765432098764,
        "f1-score": 0.37410071942446044,
        "support": 81.0
    },
    "9": {
        "precision": 0.6349206349206349,
        "recall": 0.49382716049382713,
        "f1-score": 0.5555555555555556,
        "support": 81.0
    },
    "accuracy": 0.7407407407407407,
    "macro avg": {
        "precision": 0.7453408014769002,
        "recall": 0.7407407407407409,
        "f1-score": 0.7323298407801255,
        "support": 729.0
    },
    "weighted avg": {
        "precision": 0.7453408014769003,
        "recall": 0.7407407407407407,
        "f1-score": 0.7323298407801254,
        "support": 729.0
    }
}