{
    "1": {
        "precision": 1.0,
        "recall": 0.8847736625514403,
        "f1-score": 0.9388646288209607,
        "support": 243.0
    },
    "2": {
        "precision": 0.8721461187214612,
        "recall": 0.7860082304526749,
        "f1-score": 0.8268398268398268,
        "support": 243.0
    },
    "3": {
        "precision": 0.7487437185929648,
        "recall": 0.6131687242798354,
        "f1-score": 0.6742081447963801,
        "support": 243.0
    },
    "4": {
        "precision": 0.616,
        "recall": 0.6337448559670782,
        "f1-score": 0.6247464503042597,
        "support": 243.0
    },
    "5": {
        "precision": 0.6042553191489362,
        "recall": 0.5843621399176955,
        "f1-score": 0.5941422594142259,
        "support": 243.0
    },
    "6": {
        "precision": 0.5604113110539846,
        "recall": 0.897119341563786,
        "f1-score": 0.689873417721519,
        "support": 243.0
    },
    "7": {
        "precision": 0.5740072202166066,
        "recall": 0.654320987654321,
        "f1-score": 0.6115384615384616,
        "support": 243.0
    },
    "8": {
        "precision": 0.4785992217898833,
        "recall": 0.5061728395061729,
        "f1-score": 0.492,
        "support": 243.0
    },
    "9": {
        "precision": 0.7945205479452054,
        "recall": 0.4773662551440329,
        "f1-score": 0.596401028277635,
        "support": 243.0
    },
    "accuracy": 0.6707818930041153,
    "macro avg": {
        "precision": 0.6942981619410047,
        "recall": 0.6707818930041153,
        "f1-score": 0.6720682464125853,
        "support": 2187.0
    },
    "weighted avg": {
        "precision": 0.6942981619410046,
        "recall": 0.6707818930041153,
        "f1-score": 0.6720682464125854,
        "support": 2187.0
    }
}