{
    "1": {
        "precision": 0.1875,
        "recall": 0.9629629629629629,
        "f1-score": 0.31388329979879276,
        "support": 81.0
    },
    "2": {
        "precision": 0.8902439024390244,
        "recall": 0.9012345679012346,
        "f1-score": 0.8957055214723927,
        "support": 81.0
    },
    "3": {
        "precision": 0.5323741007194245,
        "recall": 0.9135802469135802,
        "f1-score": 0.6727272727272727,
        "support": 81.0
    },
    "4": {
        "precision": 0.8095238095238095,
        "recall": 0.20987654320987653,
        "f1-score": 0.3333333333333333,
        "support": 81.0
    },
    "5": {
        "precision": 0.5217391304347826,
        "recall": 0.4444444444444444,
        "f1-score": 0.48,
        "support": 81.0
    },
    "6": {
        "precision": 0.0,
        "recall": 0.0,
        "f1-score": 0.0,
        "support": 81.0
    },
    "7": {
        "precision": 0.5,
        "recall": 0.012345679012345678,
        "f1-score": 0.024096385542168676,
        "support": 81.0
    },
    "8": {
        "precision": 0.0,
        "recall": 0.0,
        "f1-score": 0.0,
        "support": 81.0
    },
    "9": {
        "precision": 0.0,
        "recall": 0.0,
        "f1-score": 0.0,
        "support": 81.0
    },
    "accuracy": 0.38271604938271603,
    "macro avg": {
        "precision": 0.3823756603463379,
        "recall": 0.38271604938271603,
        "f1-score": 0.3021939792082178,
        "support": 729.0
    },
    "weighted avg": {
        "precision": 0.38237566034633785,
        "recall": 0.38271604938271603,
        "f1-score": 0.3021939792082178,
        "support": 729.0
    }
}