{
    "1": {
        "precision": 0.5390625,
        "recall": 0.8518518518518519,
        "f1-score": 0.6602870813397129,
        "support": 81.0
    },
    "2": {
        "precision": 0.0,
        "recall": 0.0,
        "f1-score": 0.0,
        "support": 81.0
    },
    "3": {
        "precision": 0.3786407766990291,
        "recall": 0.48148148148148145,
        "f1-score": 0.42391304347826086,
        "support": 81.0
    },
    "4": {
        "precision": 0.46875,
        "recall": 0.37037037037037035,
        "f1-score": 0.41379310344827586,
        "support": 81.0
    },
    "5": {
        "precision": 0.0,
        "recall": 0.0,
        "f1-score": 0.0,
        "support": 81.0
    },
    "6": {
        "precision": 0.0,
        "recall": 0.0,
        "f1-score": 0.0,
        "support": 81.0
    },
    "7": {
        "precision": 0.07142857142857142,
        "recall": 0.012345679012345678,
        "f1-score": 0.021052631578947368,
        "support": 81.0
    },
    "8": {
        "precision": 0.11538461538461539,
        "recall": 0.25925925925925924,
        "f1-score": 0.1596958174904943,
        "support": 81.0
    },
    "9": {
        "precision": 0.2995391705069124,
        "recall": 0.8024691358024691,
        "f1-score": 0.436241610738255,
        "support": 81.0
    },
    "accuracy": 0.30864197530864196,
    "macro avg": {
        "precision": 0.20808951489101427,
        "recall": 0.30864197530864196,
        "f1-score": 0.2349981431193274,
        "support": 729.0
    },
    "weighted avg": {
        "precision": 0.20808951489101427,
        "recall": 0.30864197530864196,
        "f1-score": 0.23499814311932737,
        "support": 729.0
    }
}