{
    "1": {
        "precision": 1.0,
        "recall": 1.0,
        "f1-score": 1.0,
        "support": 81.0
    },
    "2": {
        "precision": 1.0,
        "recall": 1.0,
        "f1-score": 1.0,
        "support": 81.0
    },
    "3": {
        "precision": 1.0,
        "recall": 1.0,
        "f1-score": 1.0,
        "support": 81.0
    },
    "4": {
        "precision": 1.0,
        "recall": 1.0,
        "f1-score": 1.0,
        "support": 81.0
    },
    "5": {
        "precision": 0.9642857142857143,
        "recall": 1.0,
        "f1-score": 0.9818181818181818,
        "support": 81.0
    },
    "6": {
        "precision": 0.8387096774193549,
        "recall": 0.9629629629629629,
        "f1-score": 0.896551724137931,
        "support": 81.0
    },
    "7": {
        "precision": 0.8513513513513513,
        "recall": 0.7777777777777778,
        "f1-score": 0.8129032258064516,
        "support": 81.0
    },
    "8": {
        "precision": 0.75,
        "recall": 0.07407407407407407,
        "f1-score": 0.1348314606741573,
        "support": 81.0
    },
    "9": {
        "precision": 0.5555555555555556,
        "recall": 0.9876543209876543,
        "f1-score": 0.7111111111111111,
        "support": 81.0
    },
    "micro avg": {
        "precision": 0.8693259972489684,
        "recall": 0.8669410150891632,
        "f1-score": 0.8681318681318682,
        "support": 729.0
    },
    "macro avg": {
        "precision": 0.8844335887346639,
        "recall": 0.8669410150891632,
        "f1-score": 0.8374684115053148,
        "support": 729.0
    },
    "weighted avg": {
        "precision": 0.884433588734664,
        "recall": 0.8669410150891632,
        "f1-score": 0.8374684115053148,
        "support": 729.0
    },
    "accuracy": 0.8669410150891632
}