{
    "1": {
        "precision": 1.0,
        "recall": 1.0,
        "f1-score": 1.0,
        "support": 81.0
    },
    "2": {
        "precision": 0.825,
        "recall": 0.4074074074074074,
        "f1-score": 0.5454545454545454,
        "support": 81.0
    },
    "3": {
        "precision": 0.3684210526315789,
        "recall": 0.7777777777777778,
        "f1-score": 0.5,
        "support": 81.0
    },
    "4": {
        "precision": 0.47619047619047616,
        "recall": 0.49382716049382713,
        "f1-score": 0.48484848484848486,
        "support": 81.0
    },
    "5": {
        "precision": 0.3125,
        "recall": 0.12345679012345678,
        "f1-score": 0.17699115044247787,
        "support": 81.0
    },
    "6": {
        "precision": 0.1951219512195122,
        "recall": 0.09876543209876543,
        "f1-score": 0.13114754098360656,
        "support": 81.0
    },
    "7": {
        "precision": 0.0,
        "recall": 0.0,
        "f1-score": 0.0,
        "support": 81.0
    },
    "8": {
        "precision": 0.2304147465437788,
        "recall": 0.6172839506172839,
        "f1-score": 0.33557046979865773,
        "support": 81.0
    },
    "9": {
        "precision": 0.2698412698412698,
        "recall": 0.20987654320987653,
        "f1-score": 0.2361111111111111,
        "support": 81.0
    },
    "accuracy": 0.41426611796982166,
    "macro avg": {
        "precision": 0.40860994404740175,
        "recall": 0.41426611796982166,
        "f1-score": 0.3789025891820982,
        "support": 729.0
    },
    "weighted avg": {
        "precision": 0.4086099440474017,
        "recall": 0.41426611796982166,
        "f1-score": 0.3789025891820982,
        "support": 729.0
    }
}