{
    "1": {
        "precision": 0.8235294117647058,
        "recall": 0.9794238683127572,
        "f1-score": 0.8947368421052632,
        "support": 243.0
    },
    "2": {
        "precision": 0.4408866995073892,
        "recall": 0.7366255144032922,
        "f1-score": 0.551617873651772,
        "support": 243.0
    },
    "3": {
        "precision": 0.11304347826086956,
        "recall": 0.37448559670781895,
        "f1-score": 0.1736641221374046,
        "support": 243.0
    },
    "4": {
        "precision": 0.069164265129683,
        "recall": 0.09876543209876543,
        "f1-score": 0.08135593220338982,
        "support": 243.0
    },
    "5": {
        "precision": 0.08791208791208792,
        "recall": 0.03292181069958848,
        "f1-score": 0.04790419161676647,
        "support": 243.0
    },
    "6": {
        "precision": 0.031914893617021274,
        "recall": 0.024691358024691357,
        "f1-score": 0.027842227378190254,
        "support": 243.0
    },
    "7": {
        "precision": 0.02702702702702703,
        "recall": 0.00411522633744856,
        "f1-score": 0.007142857142857143,
        "support": 243.0
    },
    "8": {
        "precision": 0.23529411764705882,
        "recall": 0.01646090534979424,
        "f1-score": 0.03076923076923077,
        "support": 243.0
    },
    "9": {
        "precision": 0.7142857142857143,
        "recall": 0.0205761316872428,
        "f1-score": 0.04,
        "support": 243.0
    },
    "accuracy": 0.2542295381801555,
    "macro avg": {
        "precision": 0.28256196612795076,
        "recall": 0.2542295381801555,
        "f1-score": 0.20611480855609712,
        "support": 2187.0
    },
    "weighted avg": {
        "precision": 0.28256196612795076,
        "recall": 0.2542295381801555,
        "f1-score": 0.20611480855609715,
        "support": 2187.0
    }
}