{
    "1": {
        "precision": 1.0,
        "recall": 0.8395061728395061,
        "f1-score": 0.912751677852349,
        "support": 243.0
    },
    "2": {
        "precision": 0.61,
        "recall": 0.25102880658436216,
        "f1-score": 0.3556851311953353,
        "support": 243.0
    },
    "3": {
        "precision": 0.17272727272727273,
        "recall": 0.15637860082304528,
        "f1-score": 0.16414686825053995,
        "support": 243.0
    },
    "4": {
        "precision": 0.21285140562248997,
        "recall": 0.21810699588477367,
        "f1-score": 0.21544715447154472,
        "support": 243.0
    },
    "5": {
        "precision": 0.2996389891696751,
        "recall": 0.34156378600823045,
        "f1-score": 0.3192307692307692,
        "support": 243.0
    },
    "6": {
        "precision": 0.3931297709923664,
        "recall": 0.42386831275720166,
        "f1-score": 0.4079207920792079,
        "support": 243.0
    },
    "7": {
        "precision": 0.39574468085106385,
        "recall": 0.7654320987654321,
        "f1-score": 0.5217391304347826,
        "support": 243.0
    },
    "8": {
        "precision": 0.4140127388535032,
        "recall": 0.5349794238683128,
        "f1-score": 0.466786355475763,
        "support": 243.0
    },
    "9": {
        "precision": 0.8021978021978022,
        "recall": 0.3004115226337449,
        "f1-score": 0.437125748502994,
        "support": 243.0
    },
    "accuracy": 0.4256973022405121,
    "macro avg": {
        "precision": 0.47781140671268596,
        "recall": 0.42569730224051205,
        "f1-score": 0.42231484749925396,
        "support": 2187.0
    },
    "weighted avg": {
        "precision": 0.47781140671268596,
        "recall": 0.4256973022405121,
        "f1-score": 0.42231484749925396,
        "support": 2187.0
    }
}