{
    "1": {
        "precision": 0.4583333333333333,
        "recall": 0.9506172839506173,
        "f1-score": 0.6184738955823293,
        "support": 81.0
    },
    "2": {
        "precision": 0.9294117647058824,
        "recall": 0.9753086419753086,
        "f1-score": 0.9518072289156626,
        "support": 81.0
    },
    "3": {
        "precision": 0.7090909090909091,
        "recall": 0.9629629629629629,
        "f1-score": 0.8167539267015707,
        "support": 81.0
    },
    "4": {
        "precision": 0.8431372549019608,
        "recall": 0.5308641975308642,
        "f1-score": 0.6515151515151515,
        "support": 81.0
    },
    "5": {
        "precision": 0.5333333333333333,
        "recall": 0.8888888888888888,
        "f1-score": 0.6666666666666666,
        "support": 81.0
    },
    "6": {
        "precision": 0.0,
        "recall": 0.0,
        "f1-score": 0.0,
        "support": 81.0
    },
    "7": {
        "precision": 0.33136094674556216,
        "recall": 0.691358024691358,
        "f1-score": 0.448,
        "support": 81.0
    },
    "8": {
        "precision": 0.0,
        "recall": 0.0,
        "f1-score": 0.0,
        "support": 81.0
    },
    "9": {
        "precision": 0.9090909090909091,
        "recall": 0.12345679012345678,
        "f1-score": 0.21739130434782608,
        "support": 81.0
    },
    "accuracy": 0.5692729766803841,
    "macro avg": {
        "precision": 0.5237509390224323,
        "recall": 0.569272976680384,
        "f1-score": 0.48562313041435634,
        "support": 729.0
    },
    "weighted avg": {
        "precision": 0.5237509390224322,
        "recall": 0.5692729766803841,
        "f1-score": 0.4856231304143564,
        "support": 729.0
    }
}