{
    "1": {
        "precision": 0.6944444444444444,
        "recall": 0.102880658436214,
        "f1-score": 0.17921146953405018,
        "support": 243.0
    },
    "2": {
        "precision": 0.0,
        "recall": 0.0,
        "f1-score": 0.0,
        "support": 243.0
    },
    "3": {
        "precision": 0.2857142857142857,
        "recall": 0.00823045267489712,
        "f1-score": 0.016,
        "support": 243.0
    },
    "4": {
        "precision": 0.0,
        "recall": 0.0,
        "f1-score": 0.0,
        "support": 243.0
    },
    "5": {
        "precision": 0.09937888198757763,
        "recall": 0.3292181069958848,
        "f1-score": 0.15267175572519084,
        "support": 243.0
    },
    "6": {
        "precision": 0.14578005115089515,
        "recall": 0.4691358024691358,
        "f1-score": 0.2224390243902439,
        "support": 243.0
    },
    "7": {
        "precision": 0.16666666666666666,
        "recall": 0.04526748971193416,
        "f1-score": 0.07119741100323625,
        "support": 243.0
    },
    "8": {
        "precision": 0.0,
        "recall": 0.0,
        "f1-score": 0.0,
        "support": 243.0
    },
    "9": {
        "precision": 0.3141683778234086,
        "recall": 0.6296296296296297,
        "f1-score": 0.4191780821917808,
        "support": 243.0
    },
    "accuracy": 0.17604023776863284,
    "macro avg": {
        "precision": 0.18957252308747533,
        "recall": 0.17604023776863284,
        "f1-score": 0.11785530476050021,
        "support": 2187.0
    },
    "weighted avg": {
        "precision": 0.18957252308747535,
        "recall": 0.17604023776863284,
        "f1-score": 0.11785530476050023,
        "support": 2187.0
    }
}