{
    "2": {
        "precision": 1.0,
        "recall": 0.04081632653061224,
        "f1-score": 0.0784313725490196,
        "support": 49.0
    },
    "3": {
        "precision": 0.4,
        "recall": 0.32653061224489793,
        "f1-score": 0.3595505617977528,
        "support": 49.0
    },
    "4": {
        "precision": 0.40789473684210525,
        "recall": 0.6326530612244898,
        "f1-score": 0.496,
        "support": 49.0
    },
    "5": {
        "precision": 0.0,
        "recall": 0.0,
        "f1-score": 0.0,
        "support": 49.0
    },
    "6": {
        "precision": 0.0,
        "recall": 0.0,
        "f1-score": 0.0,
        "support": 49.0
    },
    "7": {
        "precision": 0.0,
        "recall": 0.0,
        "f1-score": 0.0,
        "support": 49.0
    },
    "8": {
        "precision": 0.19747899159663865,
        "recall": 0.9591836734693877,
        "f1-score": 0.32752613240418116,
        "support": 49.0
    },
    "9": {
        "precision": 0.0,
        "recall": 0.0,
        "f1-score": 0.0,
        "support": 49.0
    },
    "accuracy": 0.24489795918367346,
    "macro avg": {
        "precision": 0.250671716054843,
        "recall": 0.24489795918367346,
        "f1-score": 0.1576885083438692,
        "support": 392.0
    },
    "weighted avg": {
        "precision": 0.25067171605484295,
        "recall": 0.24489795918367346,
        "f1-score": 0.1576885083438692,
        "support": 392.0
    }
}