{
    "2": {
        "precision": 0.616,
        "recall": 0.9821428571428571,
        "f1-score": 0.7571288102261554,
        "support": 1176.0
    },
    "3": {
        "precision": 0.7280761386811693,
        "recall": 0.9107142857142857,
        "f1-score": 0.8092179826218361,
        "support": 1176.0
    },
    "4": {
        "precision": 0.8134517766497462,
        "recall": 0.5450680272108843,
        "f1-score": 0.6527494908350305,
        "support": 1176.0
    },
    "5": {
        "precision": 0.8822085889570552,
        "recall": 0.6113945578231292,
        "f1-score": 0.7222501255650426,
        "support": 1176.0
    },
    "6": {
        "precision": 0.889937106918239,
        "recall": 0.7219387755102041,
        "f1-score": 0.7971830985915493,
        "support": 1176.0
    },
    "7": {
        "precision": 0.47368421052631576,
        "recall": 0.7040816326530612,
        "f1-score": 0.5663474692202463,
        "support": 1176.0
    },
    "8": {
        "precision": 0.1095890410958904,
        "recall": 0.006802721088435374,
        "f1-score": 0.012810248198558846,
        "support": 1176.0
    },
    "9": {
        "precision": 0.582541567695962,
        "recall": 0.8341836734693877,
        "f1-score": 0.686013986013986,
        "support": 1176.0
    },
    "accuracy": 0.6645408163265306,
    "macro avg": {
        "precision": 0.6369360538155473,
        "recall": 0.6645408163265305,
        "f1-score": 0.6254626514090507,
        "support": 9408.0
    },
    "weighted avg": {
        "precision": 0.6369360538155473,
        "recall": 0.6645408163265306,
        "f1-score": 0.6254626514090507,
        "support": 9408.0
    }
}