{
    "2": {
        "precision": 1.0,
        "recall": 1.0,
        "f1-score": 1.0,
        "support": 49.0
    },
    "3": {
        "precision": 1.0,
        "recall": 0.9591836734693877,
        "f1-score": 0.9791666666666666,
        "support": 49.0
    },
    "4": {
        "precision": 0.9607843137254902,
        "recall": 1.0,
        "f1-score": 0.98,
        "support": 49.0
    },
    "5": {
        "precision": 1.0,
        "recall": 0.24489795918367346,
        "f1-score": 0.39344262295081966,
        "support": 49.0
    },
    "6": {
        "precision": 0.45794392523364486,
        "recall": 1.0,
        "f1-score": 0.6282051282051282,
        "support": 49.0
    },
    "7": {
        "precision": 0.4918032786885246,
        "recall": 0.6122448979591837,
        "f1-score": 0.5454545454545454,
        "support": 49.0
    },
    "8": {
        "precision": 0.4,
        "recall": 0.2857142857142857,
        "f1-score": 0.3333333333333333,
        "support": 49.0
    },
    "9": {
        "precision": 0.9333333333333333,
        "recall": 0.5714285714285714,
        "f1-score": 0.7088607594936709,
        "support": 49.0
    },
    "accuracy": 0.7091836734693877,
    "macro avg": {
        "precision": 0.7804831063726242,
        "recall": 0.7091836734693877,
        "f1-score": 0.6960578820130205,
        "support": 392.0
    },
    "weighted avg": {
        "precision": 0.7804831063726241,
        "recall": 0.7091836734693877,
        "f1-score": 0.6960578820130205,
        "support": 392.0
    }
}