{
    "2": {
        "precision": 1.0,
        "recall": 1.0,
        "f1-score": 1.0,
        "support": 49.0
    },
    "3": {
        "precision": 1.0,
        "recall": 0.9387755102040817,
        "f1-score": 0.968421052631579,
        "support": 49.0
    },
    "4": {
        "precision": 0.9423076923076923,
        "recall": 1.0,
        "f1-score": 0.9702970297029703,
        "support": 49.0
    },
    "5": {
        "precision": 1.0,
        "recall": 0.20408163265306123,
        "f1-score": 0.3389830508474576,
        "support": 49.0
    },
    "6": {
        "precision": 0.49,
        "recall": 1.0,
        "f1-score": 0.6577181208053692,
        "support": 49.0
    },
    "7": {
        "precision": 0.6,
        "recall": 0.7346938775510204,
        "f1-score": 0.6605504587155964,
        "support": 49.0
    },
    "8": {
        "precision": 0.48717948717948717,
        "recall": 0.3877551020408163,
        "f1-score": 0.4318181818181818,
        "support": 49.0
    },
    "9": {
        "precision": 0.8611111111111112,
        "recall": 0.6326530612244898,
        "f1-score": 0.7294117647058823,
        "support": 49.0
    },
    "accuracy": 0.7372448979591837,
    "macro avg": {
        "precision": 0.7975747863247864,
        "recall": 0.7372448979591837,
        "f1-score": 0.7196499574033796,
        "support": 392.0
    },
    "weighted avg": {
        "precision": 0.7975747863247864,
        "recall": 0.7372448979591837,
        "f1-score": 0.7196499574033796,
        "support": 392.0
    }
}