{
    "2": {
        "precision": 0.21030042918454936,
        "recall": 1.0,
        "f1-score": 0.3475177304964539,
        "support": 49.0
    },
    "3": {
        "precision": 0.7777777777777778,
        "recall": 0.2857142857142857,
        "f1-score": 0.417910447761194,
        "support": 49.0
    },
    "4": {
        "precision": 0.3333333333333333,
        "recall": 0.061224489795918366,
        "f1-score": 0.10344827586206896,
        "support": 49.0
    },
    "5": {
        "precision": 0.5,
        "recall": 0.02040816326530612,
        "f1-score": 0.0392156862745098,
        "support": 49.0
    },
    "6": {
        "precision": 0.7692307692307693,
        "recall": 0.40816326530612246,
        "f1-score": 0.5333333333333333,
        "support": 49.0
    },
    "7": {
        "precision": 0.5384615384615384,
        "recall": 0.2857142857142857,
        "f1-score": 0.37333333333333335,
        "support": 49.0
    },
    "8": {
        "precision": 0.0,
        "recall": 0.0,
        "f1-score": 0.0,
        "support": 49.0
    },
    "9": {
        "precision": 0.6153846153846154,
        "recall": 0.9795918367346939,
        "f1-score": 0.7559055118110236,
        "support": 49.0
    },
    "accuracy": 0.38010204081632654,
    "macro avg": {
        "precision": 0.46806105792157293,
        "recall": 0.38010204081632654,
        "f1-score": 0.32133303985898964,
        "support": 392.0
    },
    "weighted avg": {
        "precision": 0.46806105792157293,
        "recall": 0.38010204081632654,
        "f1-score": 0.3213330398589896,
        "support": 392.0
    }
}