{
    "2": {
        "precision": 0.24019607843137256,
        "recall": 1.0,
        "f1-score": 0.38735177865612647,
        "support": 49.0
    },
    "3": {
        "precision": 0.8888888888888888,
        "recall": 0.4897959183673469,
        "f1-score": 0.631578947368421,
        "support": 49.0
    },
    "4": {
        "precision": 0.6,
        "recall": 0.061224489795918366,
        "f1-score": 0.1111111111111111,
        "support": 49.0
    },
    "5": {
        "precision": 1.0,
        "recall": 0.16326530612244897,
        "f1-score": 0.2807017543859649,
        "support": 49.0
    },
    "6": {
        "precision": 0.967741935483871,
        "recall": 0.6122448979591837,
        "f1-score": 0.75,
        "support": 49.0
    },
    "7": {
        "precision": 0.6666666666666666,
        "recall": 0.20408163265306123,
        "f1-score": 0.3125,
        "support": 49.0
    },
    "8": {
        "precision": 0.0,
        "recall": 0.0,
        "f1-score": 0.0,
        "support": 49.0
    },
    "9": {
        "precision": 0.4803921568627451,
        "recall": 1.0,
        "f1-score": 0.6490066225165563,
        "support": 49.0
    },
    "accuracy": 0.4413265306122449,
    "macro avg": {
        "precision": 0.6054857157916931,
        "recall": 0.4413265306122449,
        "f1-score": 0.3902812767547725,
        "support": 392.0
    },
    "weighted avg": {
        "precision": 0.6054857157916931,
        "recall": 0.4413265306122449,
        "f1-score": 0.3902812767547725,
        "support": 392.0
    }
}