{
    "1": {
        "precision": 0.9876543209876543,
        "recall": 0.9876543209876543,
        "f1-score": 0.9876543209876543,
        "support": 81.0
    },
    "2": {
        "precision": 1.0,
        "recall": 0.9259259259259259,
        "f1-score": 0.9615384615384616,
        "support": 81.0
    },
    "3": {
        "precision": 0.8681318681318682,
        "recall": 0.9753086419753086,
        "f1-score": 0.9186046511627907,
        "support": 81.0
    },
    "4": {
        "precision": 0.8734177215189873,
        "recall": 0.8518518518518519,
        "f1-score": 0.8625,
        "support": 81.0
    },
    "5": {
        "precision": 0.8709677419354839,
        "recall": 0.6666666666666666,
        "f1-score": 0.7552447552447552,
        "support": 81.0
    },
    "6": {
        "precision": 0.5066666666666667,
        "recall": 0.9382716049382716,
        "f1-score": 0.658008658008658,
        "support": 81.0
    },
    "7": {
        "precision": 0.4838709677419355,
        "recall": 0.37037037037037035,
        "f1-score": 0.4195804195804196,
        "support": 81.0
    },
    "8": {
        "precision": 0.35,
        "recall": 0.25925925925925924,
        "f1-score": 0.2978723404255319,
        "support": 81.0
    },
    "9": {
        "precision": 0.6231884057971014,
        "recall": 0.5308641975308642,
        "f1-score": 0.5733333333333334,
        "support": 81.0
    },
    "accuracy": 0.7229080932784636,
    "macro avg": {
        "precision": 0.7293219658644108,
        "recall": 0.7229080932784636,
        "f1-score": 0.7149263266979561,
        "support": 729.0
    },
    "weighted avg": {
        "precision": 0.7293219658644109,
        "recall": 0.7229080932784636,
        "f1-score": 0.7149263266979561,
        "support": 729.0
    }
}