{
    "1": {
        "precision": 1.0,
        "recall": 0.9876543209876543,
        "f1-score": 0.9937888198757764,
        "support": 243.0
    },
    "2": {
        "precision": 0.8006756756756757,
        "recall": 0.9753086419753086,
        "f1-score": 0.8794063079777366,
        "support": 243.0
    },
    "3": {
        "precision": 0.7094972067039106,
        "recall": 0.522633744855967,
        "f1-score": 0.6018957345971564,
        "support": 243.0
    },
    "4": {
        "precision": 0.5480225988700564,
        "recall": 0.3991769547325103,
        "f1-score": 0.46190476190476193,
        "support": 243.0
    },
    "5": {
        "precision": 0.397196261682243,
        "recall": 0.3497942386831276,
        "f1-score": 0.37199124726477023,
        "support": 243.0
    },
    "6": {
        "precision": 0.2828282828282828,
        "recall": 0.23045267489711935,
        "f1-score": 0.25396825396825395,
        "support": 243.0
    },
    "7": {
        "precision": 0.25256673511293637,
        "recall": 0.5061728395061729,
        "f1-score": 0.336986301369863,
        "support": 243.0
    },
    "8": {
        "precision": 0.311284046692607,
        "recall": 0.3292181069958848,
        "f1-score": 0.32,
        "support": 243.0
    },
    "9": {
        "precision": 0.4748201438848921,
        "recall": 0.2716049382716049,
        "f1-score": 0.34554973821989526,
        "support": 243.0
    },
    "accuracy": 0.5080018289894833,
    "macro avg": {
        "precision": 0.5307656612722893,
        "recall": 0.5080018289894833,
        "f1-score": 0.5072767961309126,
        "support": 2187.0
    },
    "weighted avg": {
        "precision": 0.5307656612722893,
        "recall": 0.5080018289894833,
        "f1-score": 0.5072767961309126,
        "support": 2187.0
    }
}