{
    "1": {
        "precision": 1.0,
        "recall": 1.0,
        "f1-score": 1.0,
        "support": 81.0
    },
    "2": {
        "precision": 1.0,
        "recall": 0.7160493827160493,
        "f1-score": 0.8345323741007195,
        "support": 81.0
    },
    "3": {
        "precision": 0.7195121951219512,
        "recall": 0.7283950617283951,
        "f1-score": 0.7239263803680982,
        "support": 81.0
    },
    "4": {
        "precision": 0.639344262295082,
        "recall": 0.48148148148148145,
        "f1-score": 0.5492957746478874,
        "support": 81.0
    },
    "5": {
        "precision": 0.5061728395061729,
        "recall": 0.5061728395061729,
        "f1-score": 0.5061728395061729,
        "support": 81.0
    },
    "6": {
        "precision": 0.36363636363636365,
        "recall": 0.24691358024691357,
        "f1-score": 0.29411764705882354,
        "support": 81.0
    },
    "7": {
        "precision": 0.4178082191780822,
        "recall": 0.7530864197530864,
        "f1-score": 0.5374449339207048,
        "support": 81.0
    },
    "8": {
        "precision": 0.4915254237288136,
        "recall": 0.35802469135802467,
        "f1-score": 0.4142857142857143,
        "support": 81.0
    },
    "9": {
        "precision": 0.6,
        "recall": 0.7777777777777778,
        "f1-score": 0.6774193548387096,
        "support": 81.0
    },
    "micro avg": {
        "precision": 0.6195054945054945,
        "recall": 0.6186556927297668,
        "f1-score": 0.6190803019903912,
        "support": 729.0
    },
    "macro avg": {
        "precision": 0.6375554781629407,
        "recall": 0.6186556927297668,
        "f1-score": 0.6152438909696478,
        "support": 729.0
    },
    "weighted avg": {
        "precision": 0.6375554781629406,
        "recall": 0.6186556927297668,
        "f1-score": 0.6152438909696477,
        "support": 729.0
    },
    "accuracy": 0.6186556927297668
}