{
    "1": {
        "precision": 1.0,
        "recall": 0.9588477366255144,
        "f1-score": 0.9789915966386554,
        "support": 243.0
    },
    "2": {
        "precision": 0.9663865546218487,
        "recall": 0.9465020576131687,
        "f1-score": 0.9563409563409564,
        "support": 243.0
    },
    "3": {
        "precision": 0.8413284132841329,
        "recall": 0.9382716049382716,
        "f1-score": 0.8871595330739299,
        "support": 243.0
    },
    "4": {
        "precision": 0.984375,
        "recall": 0.25925925925925924,
        "f1-score": 0.41042345276872966,
        "support": 243.0
    },
    "5": {
        "precision": 0.43243243243243246,
        "recall": 0.06584362139917696,
        "f1-score": 0.11428571428571428,
        "support": 243.0
    },
    "6": {
        "precision": 0.23275862068965517,
        "recall": 1.0,
        "f1-score": 0.3776223776223776,
        "support": 243.0
    },
    "7": {
        "precision": 0.11494252873563218,
        "recall": 0.0411522633744856,
        "f1-score": 0.06060606060606061,
        "support": 243.0
    },
    "8": {
        "precision": 0.4375,
        "recall": 0.08641975308641975,
        "f1-score": 0.14432989690721648,
        "support": 243.0
    },
    "9": {
        "precision": 0.806060606060606,
        "recall": 0.5473251028806584,
        "f1-score": 0.6519607843137255,
        "support": 243.0
    },
    "accuracy": 0.5381801554641061,
    "macro avg": {
        "precision": 0.6461982395360342,
        "recall": 0.538180155464106,
        "f1-score": 0.5090800413952629,
        "support": 2187.0
    },
    "weighted avg": {
        "precision": 0.6461982395360343,
        "recall": 0.5381801554641061,
        "f1-score": 0.5090800413952629,
        "support": 2187.0
    }
}