{
    "1": {
        "precision": 0.13296703296703297,
        "recall": 0.9958847736625515,
        "f1-score": 0.23460979156568104,
        "support": 243.0
    },
    "2": {
        "precision": 0.8831168831168831,
        "recall": 0.27983539094650206,
        "f1-score": 0.425,
        "support": 243.0
    },
    "3": {
        "precision": 0.5769230769230769,
        "recall": 0.06172839506172839,
        "f1-score": 0.11152416356877323,
        "support": 243.0
    },
    "4": {
        "precision": 0.0,
        "recall": 0.0,
        "f1-score": 0.0,
        "support": 243.0
    },
    "5": {
        "precision": 0.10344827586206896,
        "recall": 0.012345679012345678,
        "f1-score": 0.022058823529411766,
        "support": 243.0
    },
    "6": {
        "precision": 0.0,
        "recall": 0.0,
        "f1-score": 0.0,
        "support": 243.0
    },
    "7": {
        "precision": 0.12135922330097088,
        "recall": 0.102880658436214,
        "f1-score": 0.111358574610245,
        "support": 243.0
    },
    "8": {
        "precision": 0.0,
        "recall": 0.0,
        "f1-score": 0.0,
        "support": 243.0
    },
    "9": {
        "precision": 0.27586206896551724,
        "recall": 0.03292181069958848,
        "f1-score": 0.058823529411764705,
        "support": 243.0
    },
    "accuracy": 0.16506630086877,
    "macro avg": {
        "precision": 0.2326307290150611,
        "recall": 0.16506630086877,
        "f1-score": 0.10704165363176396,
        "support": 2187.0
    },
    "weighted avg": {
        "precision": 0.2326307290150611,
        "recall": 0.16506630086877,
        "f1-score": 0.10704165363176396,
        "support": 2187.0
    }
}