{
    "1": {
        "precision": 1.0,
        "recall": 0.7037037037037037,
        "f1-score": 0.8260869565217391,
        "support": 81.0
    },
    "2": {
        "precision": 0.7272727272727273,
        "recall": 0.7901234567901234,
        "f1-score": 0.757396449704142,
        "support": 81.0
    },
    "3": {
        "precision": 0.8043478260869565,
        "recall": 0.9135802469135802,
        "f1-score": 0.8554913294797688,
        "support": 81.0
    },
    "4": {
        "precision": 0.8452380952380952,
        "recall": 0.8765432098765432,
        "f1-score": 0.8606060606060606,
        "support": 81.0
    },
    "5": {
        "precision": 0.75,
        "recall": 0.8888888888888888,
        "f1-score": 0.8135593220338984,
        "support": 81.0
    },
    "6": {
        "precision": 0.47540983606557374,
        "recall": 0.7160493827160493,
        "f1-score": 0.5714285714285714,
        "support": 81.0
    },
    "7": {
        "precision": 0.234375,
        "recall": 0.37037037037037035,
        "f1-score": 0.28708133971291866,
        "support": 81.0
    },
    "8": {
        "precision": 0.30952380952380953,
        "recall": 0.16049382716049382,
        "f1-score": 0.21138211382113822,
        "support": 81.0
    },
    "9": {
        "precision": 0.95,
        "recall": 0.2345679012345679,
        "f1-score": 0.37623762376237624,
        "support": 81.0
    },
    "accuracy": 0.6282578875171467,
    "macro avg": {
        "precision": 0.6773519215763515,
        "recall": 0.6282578875171468,
        "f1-score": 0.6176966407856237,
        "support": 729.0
    },
    "weighted avg": {
        "precision": 0.6773519215763514,
        "recall": 0.6282578875171467,
        "f1-score": 0.6176966407856237,
        "support": 729.0
    }
}