{
    "2": {
        "precision": 1.0,
        "recall": 0.8571428571428571,
        "f1-score": 0.9230769230769231,
        "support": 49.0
    },
    "3": {
        "precision": 0.8205128205128205,
        "recall": 0.6530612244897959,
        "f1-score": 0.7272727272727273,
        "support": 49.0
    },
    "4": {
        "precision": 0.6458333333333334,
        "recall": 0.6326530612244898,
        "f1-score": 0.6391752577319587,
        "support": 49.0
    },
    "5": {
        "precision": 0.6727272727272727,
        "recall": 0.7551020408163265,
        "f1-score": 0.7115384615384616,
        "support": 49.0
    },
    "6": {
        "precision": 0.5666666666666667,
        "recall": 0.3469387755102041,
        "f1-score": 0.43037974683544306,
        "support": 49.0
    },
    "7": {
        "precision": 0.47058823529411764,
        "recall": 0.8163265306122449,
        "f1-score": 0.5970149253731343,
        "support": 49.0
    },
    "8": {
        "precision": 0.5357142857142857,
        "recall": 0.6122448979591837,
        "f1-score": 0.5714285714285714,
        "support": 49.0
    },
    "9": {
        "precision": 0.8108108108108109,
        "recall": 0.6122448979591837,
        "f1-score": 0.6976744186046512,
        "support": 49.0
    },
    "accuracy": 0.6607142857142857,
    "macro avg": {
        "precision": 0.6903566781324134,
        "recall": 0.6607142857142857,
        "f1-score": 0.6621951289827339,
        "support": 392.0
    },
    "weighted avg": {
        "precision": 0.6903566781324134,
        "recall": 0.6607142857142857,
        "f1-score": 0.6621951289827338,
        "support": 392.0
    }
}