{
    "1": {
        "precision": 1.0,
        "recall": 1.0,
        "f1-score": 1.0,
        "support": 81.0
    },
    "2": {
        "precision": 1.0,
        "recall": 0.8765432098765432,
        "f1-score": 0.9342105263157895,
        "support": 81.0
    },
    "3": {
        "precision": 0.8666666666666667,
        "recall": 0.8024691358024691,
        "f1-score": 0.8333333333333334,
        "support": 81.0
    },
    "4": {
        "precision": 0.75,
        "recall": 0.7407407407407407,
        "f1-score": 0.7453416149068323,
        "support": 81.0
    },
    "5": {
        "precision": 0.6666666666666666,
        "recall": 0.5925925925925926,
        "f1-score": 0.6274509803921569,
        "support": 81.0
    },
    "6": {
        "precision": 0.547945205479452,
        "recall": 0.49382716049382713,
        "f1-score": 0.5194805194805194,
        "support": 81.0
    },
    "7": {
        "precision": 0.5060240963855421,
        "recall": 0.5185185185185185,
        "f1-score": 0.5121951219512195,
        "support": 81.0
    },
    "8": {
        "precision": 0.4264705882352941,
        "recall": 0.35802469135802467,
        "f1-score": 0.38926174496644295,
        "support": 81.0
    },
    "9": {
        "precision": 0.37142857142857144,
        "recall": 0.32098765432098764,
        "f1-score": 0.3443708609271523,
        "support": 81.0
    },
    "micro avg": {
        "precision": 0.6864784546805349,
        "recall": 0.6337448559670782,
        "f1-score": 0.6590584878744651,
        "support": 729.0
    },
    "macro avg": {
        "precision": 0.6816890883180213,
        "recall": 0.6337448559670782,
        "f1-score": 0.6561827446970496,
        "support": 729.0
    },
    "weighted avg": {
        "precision": 0.6816890883180214,
        "recall": 0.6337448559670782,
        "f1-score": 0.6561827446970495,
        "support": 729.0
    },
    "accuracy": 0.6337448559670782
}