{
    "1": {
        "precision": 0.054696789536266346,
        "recall": 0.18930041152263374,
        "f1-score": 0.08487084870848709,
        "support": 243.0
    },
    "2": {
        "precision": 0.125,
        "recall": 0.02880658436213992,
        "f1-score": 0.046822742474916385,
        "support": 243.0
    },
    "3": {
        "precision": 0.25,
        "recall": 0.00411522633744856,
        "f1-score": 0.008097165991902834,
        "support": 243.0
    },
    "4": {
        "precision": 0.0,
        "recall": 0.0,
        "f1-score": 0.0,
        "support": 243.0
    },
    "5": {
        "precision": 0.09407665505226481,
        "recall": 0.2222222222222222,
        "f1-score": 0.13219094247246022,
        "support": 243.0
    },
    "6": {
        "precision": 0.14333333333333334,
        "recall": 0.35390946502057613,
        "f1-score": 0.2040332147093713,
        "support": 243.0
    },
    "7": {
        "precision": 0.0,
        "recall": 0.0,
        "f1-score": 0.0,
        "support": 243.0
    },
    "8": {
        "precision": 0.0,
        "recall": 0.0,
        "f1-score": 0.0,
        "support": 243.0
    },
    "9": {
        "precision": 0.5,
        "recall": 0.22633744855967078,
        "f1-score": 0.311614730878187,
        "support": 243.0
    },
    "accuracy": 0.11385459533607682,
    "macro avg": {
        "precision": 0.12967853088020717,
        "recall": 0.11385459533607684,
        "f1-score": 0.08751440502614721,
        "support": 2187.0
    },
    "weighted avg": {
        "precision": 0.12967853088020714,
        "recall": 0.11385459533607682,
        "f1-score": 0.0875144050261472,
        "support": 2187.0
    }
}