{
    "2": {
        "precision": 0.8936170212765957,
        "recall": 0.8571428571428571,
        "f1-score": 0.875,
        "support": 49.0
    },
    "3": {
        "precision": 0.7073170731707317,
        "recall": 0.5918367346938775,
        "f1-score": 0.6444444444444445,
        "support": 49.0
    },
    "4": {
        "precision": 0.6363636363636364,
        "recall": 0.8571428571428571,
        "f1-score": 0.7304347826086957,
        "support": 49.0
    },
    "5": {
        "precision": 0.9230769230769231,
        "recall": 0.24489795918367346,
        "f1-score": 0.3870967741935484,
        "support": 49.0
    },
    "6": {
        "precision": 0.5102040816326531,
        "recall": 0.5102040816326531,
        "f1-score": 0.5102040816326531,
        "support": 49.0
    },
    "7": {
        "precision": 0.5,
        "recall": 0.02040816326530612,
        "f1-score": 0.0392156862745098,
        "support": 49.0
    },
    "8": {
        "precision": 0.23232323232323232,
        "recall": 0.46938775510204084,
        "f1-score": 0.3108108108108108,
        "support": 49.0
    },
    "9": {
        "precision": 0.26666666666666666,
        "recall": 0.40816326530612246,
        "f1-score": 0.3225806451612903,
        "support": 49.0
    },
    "accuracy": 0.49489795918367346,
    "macro avg": {
        "precision": 0.5836960793138048,
        "recall": 0.49489795918367346,
        "f1-score": 0.47747340314074405,
        "support": 392.0
    },
    "weighted avg": {
        "precision": 0.5836960793138048,
        "recall": 0.49489795918367346,
        "f1-score": 0.47747340314074405,
        "support": 392.0
    }
}