{
    "1": {
        "precision": 1.0,
        "recall": 1.0,
        "f1-score": 1.0,
        "support": 1944.0
    },
    "2": {
        "precision": 0.9922005571030641,
        "recall": 0.9161522633744856,
        "f1-score": 0.9526611393420701,
        "support": 1944.0
    },
    "3": {
        "precision": 0.866735007688365,
        "recall": 0.8698559670781894,
        "f1-score": 0.8682926829268293,
        "support": 1944.0
    },
    "4": {
        "precision": 0.7083716651333947,
        "recall": 0.7921810699588477,
        "f1-score": 0.7479358912093249,
        "support": 1944.0
    },
    "5": {
        "precision": 0.6160842508377214,
        "recall": 0.6620370370370371,
        "f1-score": 0.6382345648400695,
        "support": 1944.0
    },
    "6": {
        "precision": 0.5427830596369922,
        "recall": 0.3230452674897119,
        "f1-score": 0.4050306352789423,
        "support": 1944.0
    },
    "7": {
        "precision": 0.4012096774193548,
        "recall": 0.7165637860082305,
        "f1-score": 0.5144017725258493,
        "support": 1944.0
    },
    "8": {
        "precision": 0.42073578595317723,
        "recall": 0.323559670781893,
        "f1-score": 0.365804012794417,
        "support": 1944.0
    },
    "9": {
        "precision": 0.6453900709219859,
        "recall": 0.46810699588477367,
        "f1-score": 0.5426356589147286,
        "support": 1944.0
    },
    "micro avg": {
        "precision": 0.6749585406301825,
        "recall": 0.6746113397347965,
        "f1-score": 0.6747848955206814,
        "support": 17496.0
    },
    "macro avg": {
        "precision": 0.6881677860771173,
        "recall": 0.6746113397347966,
        "f1-score": 0.6705551508702479,
        "support": 17496.0
    },
    "weighted avg": {
        "precision": 0.6881677860771173,
        "recall": 0.6746113397347965,
        "f1-score": 0.6705551508702479,
        "support": 17496.0
    },
    "accuracy": 0.6746113397347965
}