{
    "1": {
        "precision": 0.975609756097561,
        "recall": 0.9876543209876543,
        "f1-score": 0.9815950920245399,
        "support": 81.0
    },
    "2": {
        "precision": 0.8225806451612904,
        "recall": 0.6296296296296297,
        "f1-score": 0.7132867132867133,
        "support": 81.0
    },
    "3": {
        "precision": 0.51,
        "recall": 0.6296296296296297,
        "f1-score": 0.56353591160221,
        "support": 81.0
    },
    "4": {
        "precision": 0.24193548387096775,
        "recall": 0.18518518518518517,
        "f1-score": 0.2097902097902098,
        "support": 81.0
    },
    "5": {
        "precision": 0.375,
        "recall": 0.3333333333333333,
        "f1-score": 0.35294117647058826,
        "support": 81.0
    },
    "6": {
        "precision": 0.30434782608695654,
        "recall": 0.1728395061728395,
        "f1-score": 0.2204724409448819,
        "support": 81.0
    },
    "7": {
        "precision": 0.0,
        "recall": 0.0,
        "f1-score": 0.0,
        "support": 81.0
    },
    "8": {
        "precision": 0.23376623376623376,
        "recall": 0.4444444444444444,
        "f1-score": 0.30638297872340425,
        "support": 81.0
    },
    "9": {
        "precision": 0.271523178807947,
        "recall": 0.5061728395061729,
        "f1-score": 0.35344827586206895,
        "support": 81.0
    },
    "accuracy": 0.43209876543209874,
    "macro avg": {
        "precision": 0.41497368042121735,
        "recall": 0.43209876543209874,
        "f1-score": 0.4112725331894018,
        "support": 729.0
    },
    "weighted avg": {
        "precision": 0.41497368042121735,
        "recall": 0.43209876543209874,
        "f1-score": 0.41127253318940177,
        "support": 729.0
    }
}