{
    "2": {
        "precision": 1.0,
        "recall": 0.9795918367346939,
        "f1-score": 0.9896907216494846,
        "support": 49.0
    },
    "3": {
        "precision": 0.9782608695652174,
        "recall": 0.9183673469387755,
        "f1-score": 0.9473684210526315,
        "support": 49.0
    },
    "4": {
        "precision": 0.9166666666666666,
        "recall": 0.8979591836734694,
        "f1-score": 0.9072164948453608,
        "support": 49.0
    },
    "5": {
        "precision": 0.8163265306122449,
        "recall": 0.8163265306122449,
        "f1-score": 0.8163265306122449,
        "support": 49.0
    },
    "6": {
        "precision": 0.7142857142857143,
        "recall": 0.5102040816326531,
        "f1-score": 0.5952380952380952,
        "support": 49.0
    },
    "7": {
        "precision": 0.4358974358974359,
        "recall": 0.6938775510204082,
        "f1-score": 0.5354330708661418,
        "support": 49.0
    },
    "8": {
        "precision": 0.4807692307692308,
        "recall": 0.5102040816326531,
        "f1-score": 0.49504950495049505,
        "support": 49.0
    },
    "9": {
        "precision": 0.8888888888888888,
        "recall": 0.6530612244897959,
        "f1-score": 0.7529411764705882,
        "support": 49.0
    },
    "accuracy": 0.7474489795918368,
    "macro avg": {
        "precision": 0.7788869170856748,
        "recall": 0.7474489795918368,
        "f1-score": 0.7549080019606302,
        "support": 392.0
    },
    "weighted avg": {
        "precision": 0.7788869170856748,
        "recall": 0.7474489795918368,
        "f1-score": 0.7549080019606302,
        "support": 392.0
    }
}