{
    "1": {
        "precision": 1.0,
        "recall": 0.48148148148148145,
        "f1-score": 0.65,
        "support": 81.0
    },
    "2": {
        "precision": 0.475,
        "recall": 0.4691358024691358,
        "f1-score": 0.4720496894409938,
        "support": 81.0
    },
    "3": {
        "precision": 0.6,
        "recall": 0.5925925925925926,
        "f1-score": 0.5962732919254659,
        "support": 81.0
    },
    "4": {
        "precision": 0.5789473684210527,
        "recall": 0.5432098765432098,
        "f1-score": 0.5605095541401274,
        "support": 81.0
    },
    "5": {
        "precision": 0.5692307692307692,
        "recall": 0.4567901234567901,
        "f1-score": 0.5068493150684932,
        "support": 81.0
    },
    "6": {
        "precision": 0.4915254237288136,
        "recall": 0.7160493827160493,
        "f1-score": 0.5829145728643216,
        "support": 81.0
    },
    "7": {
        "precision": 0.41025641025641024,
        "recall": 0.7901234567901234,
        "f1-score": 0.540084388185654,
        "support": 81.0
    },
    "8": {
        "precision": 0.49122807017543857,
        "recall": 0.345679012345679,
        "f1-score": 0.4057971014492754,
        "support": 81.0
    },
    "9": {
        "precision": 0.6551724137931034,
        "recall": 0.4691358024691358,
        "f1-score": 0.5467625899280576,
        "support": 81.0
    },
    "accuracy": 0.5404663923182441,
    "macro avg": {
        "precision": 0.5857067172895097,
        "recall": 0.5404663923182442,
        "f1-score": 0.540137833666932,
        "support": 729.0
    },
    "weighted avg": {
        "precision": 0.5857067172895097,
        "recall": 0.5404663923182441,
        "f1-score": 0.5401378336669321,
        "support": 729.0
    }
}