{
    "2": {
        "precision": 1.0,
        "recall": 0.3877551020408163,
        "f1-score": 0.5588235294117647,
        "support": 49.0
    },
    "3": {
        "precision": 0.5094339622641509,
        "recall": 0.5510204081632653,
        "f1-score": 0.5294117647058824,
        "support": 49.0
    },
    "4": {
        "precision": 0.6081081081081081,
        "recall": 0.9183673469387755,
        "f1-score": 0.7317073170731707,
        "support": 49.0
    },
    "5": {
        "precision": 1.0,
        "recall": 0.04081632653061224,
        "f1-score": 0.0784313725490196,
        "support": 49.0
    },
    "6": {
        "precision": 0.2777777777777778,
        "recall": 0.5102040816326531,
        "f1-score": 0.3597122302158273,
        "support": 49.0
    },
    "7": {
        "precision": 0.0,
        "recall": 0.0,
        "f1-score": 0.0,
        "support": 49.0
    },
    "8": {
        "precision": 0.0,
        "recall": 0.0,
        "f1-score": 0.0,
        "support": 49.0
    },
    "9": {
        "precision": 0.34507042253521125,
        "recall": 1.0,
        "f1-score": 0.5130890052356021,
        "support": 49.0
    },
    "accuracy": 0.4260204081632653,
    "macro avg": {
        "precision": 0.46754878383565607,
        "recall": 0.4260204081632653,
        "f1-score": 0.34639690239890836,
        "support": 392.0
    },
    "weighted avg": {
        "precision": 0.46754878383565596,
        "recall": 0.4260204081632653,
        "f1-score": 0.3463969023989084,
        "support": 392.0
    }
}