{
    "1": {
        "precision": 0.9917695473251029,
        "recall": 0.9917695473251029,
        "f1-score": 0.9917695473251029,
        "support": 243.0
    },
    "2": {
        "precision": 0.8431372549019608,
        "recall": 0.8847736625514403,
        "f1-score": 0.8634538152610441,
        "support": 243.0
    },
    "3": {
        "precision": 0.5494186046511628,
        "recall": 0.7777777777777778,
        "f1-score": 0.6439522998296422,
        "support": 243.0
    },
    "4": {
        "precision": 0.527027027027027,
        "recall": 0.32098765432098764,
        "f1-score": 0.3989769820971867,
        "support": 243.0
    },
    "5": {
        "precision": 0.3617021276595745,
        "recall": 0.06995884773662552,
        "f1-score": 0.11724137931034483,
        "support": 243.0
    },
    "6": {
        "precision": 0.2857142857142857,
        "recall": 0.3045267489711934,
        "f1-score": 0.2948207171314741,
        "support": 243.0
    },
    "7": {
        "precision": 0.2329192546583851,
        "recall": 0.30864197530864196,
        "f1-score": 0.26548672566371684,
        "support": 243.0
    },
    "8": {
        "precision": 0.2534722222222222,
        "recall": 0.3004115226337449,
        "f1-score": 0.2749529190207156,
        "support": 243.0
    },
    "9": {
        "precision": 0.4377224199288256,
        "recall": 0.5061728395061729,
        "f1-score": 0.46946564885496184,
        "support": 243.0
    },
    "accuracy": 0.4961133973479652,
    "macro avg": {
        "precision": 0.4980980826765051,
        "recall": 0.4961133973479652,
        "f1-score": 0.480013337166021,
        "support": 2187.0
    },
    "weighted avg": {
        "precision": 0.4980980826765052,
        "recall": 0.4961133973479652,
        "f1-score": 0.48001333716602107,
        "support": 2187.0
    }
}