{
    "1": {
        "precision": 1.0,
        "recall": 1.0,
        "f1-score": 1.0,
        "support": 81.0
    },
    "2": {
        "precision": 1.0,
        "recall": 1.0,
        "f1-score": 1.0,
        "support": 81.0
    },
    "3": {
        "precision": 1.0,
        "recall": 1.0,
        "f1-score": 1.0,
        "support": 81.0
    },
    "4": {
        "precision": 1.0,
        "recall": 1.0,
        "f1-score": 1.0,
        "support": 81.0
    },
    "5": {
        "precision": 0.9529411764705882,
        "recall": 1.0,
        "f1-score": 0.9759036144578314,
        "support": 81.0
    },
    "6": {
        "precision": 0.6260162601626016,
        "recall": 0.9506172839506173,
        "f1-score": 0.7549019607843137,
        "support": 81.0
    },
    "7": {
        "precision": 0.4318181818181818,
        "recall": 0.4691358024691358,
        "f1-score": 0.44970414201183434,
        "support": 81.0
    },
    "8": {
        "precision": 0.6666666666666666,
        "recall": 0.24691358024691357,
        "f1-score": 0.36036036036036034,
        "support": 81.0
    },
    "9": {
        "precision": 0.75,
        "recall": 0.4074074074074074,
        "f1-score": 0.528,
        "support": 81.0
    },
    "micro avg": {
        "precision": 0.8256484149855908,
        "recall": 0.7860082304526749,
        "f1-score": 0.8053408292340126,
        "support": 729.0
    },
    "macro avg": {
        "precision": 0.8252713650131154,
        "recall": 0.7860082304526749,
        "f1-score": 0.7854300086238156,
        "support": 729.0
    },
    "weighted avg": {
        "precision": 0.8252713650131154,
        "recall": 0.7860082304526749,
        "f1-score": 0.7854300086238155,
        "support": 729.0
    },
    "accuracy": 0.7860082304526749
}