{
    "2": {
        "precision": 1.0,
        "recall": 0.9591836734693877,
        "f1-score": 0.9791666666666666,
        "support": 49.0
    },
    "3": {
        "precision": 0.9387755102040817,
        "recall": 0.9387755102040817,
        "f1-score": 0.9387755102040817,
        "support": 49.0
    },
    "4": {
        "precision": 0.8490566037735849,
        "recall": 0.9183673469387755,
        "f1-score": 0.8823529411764706,
        "support": 49.0
    },
    "5": {
        "precision": 1.0,
        "recall": 0.32653061224489793,
        "f1-score": 0.49230769230769234,
        "support": 49.0
    },
    "6": {
        "precision": 0.4230769230769231,
        "recall": 0.4489795918367347,
        "f1-score": 0.43564356435643564,
        "support": 49.0
    },
    "7": {
        "precision": 0.0,
        "recall": 0.0,
        "f1-score": 0.0,
        "support": 49.0
    },
    "8": {
        "precision": 0.12,
        "recall": 0.1836734693877551,
        "f1-score": 0.14516129032258066,
        "support": 49.0
    },
    "9": {
        "precision": 0.4329896907216495,
        "recall": 0.8571428571428571,
        "f1-score": 0.5753424657534246,
        "support": 49.0
    },
    "accuracy": 0.5790816326530612,
    "macro avg": {
        "precision": 0.5954873409720299,
        "recall": 0.5790816326530612,
        "f1-score": 0.556093766348419,
        "support": 392.0
    },
    "weighted avg": {
        "precision": 0.5954873409720298,
        "recall": 0.5790816326530612,
        "f1-score": 0.556093766348419,
        "support": 392.0
    }
}