{
    "1": {
        "precision": 0.07740717432347388,
        "recall": 0.5061728395061729,
        "f1-score": 0.13427947598253276,
        "support": 243.0
    },
    "2": {
        "precision": 0.6666666666666666,
        "recall": 0.024691358024691357,
        "f1-score": 0.047619047619047616,
        "support": 243.0
    },
    "3": {
        "precision": 1.0,
        "recall": 0.012345679012345678,
        "f1-score": 0.024390243902439025,
        "support": 243.0
    },
    "4": {
        "precision": 0.0,
        "recall": 0.0,
        "f1-score": 0.0,
        "support": 243.0
    },
    "5": {
        "precision": 0.0,
        "recall": 0.0,
        "f1-score": 0.0,
        "support": 243.0
    },
    "6": {
        "precision": 0.0,
        "recall": 0.0,
        "f1-score": 0.0,
        "support": 243.0
    },
    "7": {
        "precision": 0.04072398190045249,
        "recall": 0.07407407407407407,
        "f1-score": 0.052554744525547446,
        "support": 243.0
    },
    "8": {
        "precision": 0.0,
        "recall": 0.0,
        "f1-score": 0.0,
        "support": 243.0
    },
    "9": {
        "precision": 0.09219858156028368,
        "recall": 0.053497942386831275,
        "f1-score": 0.06770833333333333,
        "support": 243.0
    },
    "accuracy": 0.0745313214449017,
    "macro avg": {
        "precision": 0.20855515605009742,
        "recall": 0.07453132144490168,
        "f1-score": 0.036283538373655576,
        "support": 2187.0
    },
    "weighted avg": {
        "precision": 0.20855515605009742,
        "recall": 0.0745313214449017,
        "f1-score": 0.036283538373655576,
        "support": 2187.0
    }
}