{
    "2": {
        "precision": 0.38095238095238093,
        "recall": 0.16326530612244897,
        "f1-score": 0.22857142857142856,
        "support": 49.0
    },
    "3": {
        "precision": 0.0,
        "recall": 0.0,
        "f1-score": 0.0,
        "support": 49.0
    },
    "4": {
        "precision": 0.0,
        "recall": 0.0,
        "f1-score": 0.0,
        "support": 49.0
    },
    "5": {
        "precision": 0.0,
        "recall": 0.0,
        "f1-score": 0.0,
        "support": 49.0
    },
    "6": {
        "precision": 0.0,
        "recall": 0.0,
        "f1-score": 0.0,
        "support": 49.0
    },
    "7": {
        "precision": 0.02531645569620253,
        "recall": 0.12244897959183673,
        "f1-score": 0.04195804195804196,
        "support": 49.0
    },
    "8": {
        "precision": 0.373134328358209,
        "recall": 0.5102040816326531,
        "f1-score": 0.43103448275862066,
        "support": 49.0
    },
    "9": {
        "precision": 0.41935483870967744,
        "recall": 0.2653061224489796,
        "f1-score": 0.325,
        "support": 49.0
    },
    "accuracy": 0.1326530612244898,
    "macro avg": {
        "precision": 0.14984475046455875,
        "recall": 0.1326530612244898,
        "f1-score": 0.1283204941610114,
        "support": 392.0
    },
    "weighted avg": {
        "precision": 0.14984475046455872,
        "recall": 0.1326530612244898,
        "f1-score": 0.1283204941610114,
        "support": 392.0
    }
}