{
    "2": {
        "precision": 1.0,
        "recall": 0.9795918367346939,
        "f1-score": 0.9896907216494846,
        "support": 49.0
    },
    "3": {
        "precision": 0.9411764705882353,
        "recall": 0.9795918367346939,
        "f1-score": 0.96,
        "support": 49.0
    },
    "4": {
        "precision": 0.8518518518518519,
        "recall": 0.9387755102040817,
        "f1-score": 0.8932038834951457,
        "support": 49.0
    },
    "5": {
        "precision": 0.6721311475409836,
        "recall": 0.8367346938775511,
        "f1-score": 0.7454545454545455,
        "support": 49.0
    },
    "6": {
        "precision": 0.7727272727272727,
        "recall": 0.3469387755102041,
        "f1-score": 0.4788732394366197,
        "support": 49.0
    },
    "7": {
        "precision": 0.5064935064935064,
        "recall": 0.7959183673469388,
        "f1-score": 0.6190476190476191,
        "support": 49.0
    },
    "8": {
        "precision": 0.5454545454545454,
        "recall": 0.4897959183673469,
        "f1-score": 0.5161290322580645,
        "support": 49.0
    },
    "9": {
        "precision": 0.9142857142857143,
        "recall": 0.6530612244897959,
        "f1-score": 0.7619047619047619,
        "support": 49.0
    },
    "accuracy": 0.7525510204081632,
    "macro avg": {
        "precision": 0.7755150636177637,
        "recall": 0.7525510204081632,
        "f1-score": 0.7455379754057802,
        "support": 392.0
    },
    "weighted avg": {
        "precision": 0.7755150636177637,
        "recall": 0.7525510204081632,
        "f1-score": 0.7455379754057802,
        "support": 392.0
    }
}