{
    "1": {
        "precision": 1.0,
        "recall": 1.0,
        "f1-score": 1.0,
        "support": 81.0
    },
    "2": {
        "precision": 1.0,
        "recall": 1.0,
        "f1-score": 1.0,
        "support": 81.0
    },
    "3": {
        "precision": 1.0,
        "recall": 1.0,
        "f1-score": 1.0,
        "support": 81.0
    },
    "4": {
        "precision": 1.0,
        "recall": 1.0,
        "f1-score": 1.0,
        "support": 81.0
    },
    "5": {
        "precision": 0.9204545454545454,
        "recall": 1.0,
        "f1-score": 0.9585798816568047,
        "support": 81.0
    },
    "6": {
        "precision": 0.8902439024390244,
        "recall": 0.9012345679012346,
        "f1-score": 0.8957055214723927,
        "support": 81.0
    },
    "7": {
        "precision": 0.6636363636363637,
        "recall": 0.9012345679012346,
        "f1-score": 0.7643979057591623,
        "support": 81.0
    },
    "8": {
        "precision": 0.7857142857142857,
        "recall": 0.4074074074074074,
        "f1-score": 0.5365853658536586,
        "support": 81.0
    },
    "9": {
        "precision": 0.6666666666666666,
        "recall": 0.024691358024691357,
        "f1-score": 0.047619047619047616,
        "support": 81.0
    },
    "micro avg": {
        "precision": 0.9029275808936826,
        "recall": 0.803840877914952,
        "f1-score": 0.8505079825834543,
        "support": 729.0
    },
    "macro avg": {
        "precision": 0.8807461959900985,
        "recall": 0.803840877914952,
        "f1-score": 0.8003208580401184,
        "support": 729.0
    },
    "weighted avg": {
        "precision": 0.8807461959900983,
        "recall": 0.803840877914952,
        "f1-score": 0.8003208580401185,
        "support": 729.0
    },
    "accuracy": 0.803840877914952
}