{
    "1": {
        "precision": 1.0,
        "recall": 1.0,
        "f1-score": 1.0,
        "support": 81.0
    },
    "2": {
        "precision": 1.0,
        "recall": 1.0,
        "f1-score": 1.0,
        "support": 81.0
    },
    "3": {
        "precision": 0.9615384615384616,
        "recall": 0.9259259259259259,
        "f1-score": 0.9433962264150944,
        "support": 81.0
    },
    "4": {
        "precision": 0.8275862068965517,
        "recall": 0.8888888888888888,
        "f1-score": 0.8571428571428571,
        "support": 81.0
    },
    "5": {
        "precision": 0.7228915662650602,
        "recall": 0.7407407407407407,
        "f1-score": 0.7317073170731707,
        "support": 81.0
    },
    "6": {
        "precision": 0.6721311475409836,
        "recall": 0.5061728395061729,
        "f1-score": 0.5774647887323944,
        "support": 81.0
    },
    "7": {
        "precision": 0.45323741007194246,
        "recall": 0.7777777777777778,
        "f1-score": 0.5727272727272728,
        "support": 81.0
    },
    "8": {
        "precision": 0.4090909090909091,
        "recall": 0.3333333333333333,
        "f1-score": 0.3673469387755102,
        "support": 81.0
    },
    "9": {
        "precision": 0.6981132075471698,
        "recall": 0.4567901234567901,
        "f1-score": 0.5522388059701493,
        "support": 81.0
    },
    "accuracy": 0.7366255144032922,
    "macro avg": {
        "precision": 0.7493987676612309,
        "recall": 0.7366255144032922,
        "f1-score": 0.7335582452040499,
        "support": 729.0
    },
    "weighted avg": {
        "precision": 0.7493987676612309,
        "recall": 0.7366255144032922,
        "f1-score": 0.7335582452040499,
        "support": 729.0
    }
}