{
    "2": {
        "precision": 1.0,
        "recall": 1.0,
        "f1-score": 1.0,
        "support": 49.0
    },
    "3": {
        "precision": 1.0,
        "recall": 0.9183673469387755,
        "f1-score": 0.9574468085106383,
        "support": 49.0
    },
    "4": {
        "precision": 0.9245283018867925,
        "recall": 1.0,
        "f1-score": 0.9607843137254902,
        "support": 49.0
    },
    "5": {
        "precision": 1.0,
        "recall": 0.46938775510204084,
        "f1-score": 0.6388888888888888,
        "support": 49.0
    },
    "6": {
        "precision": 0.6,
        "recall": 0.5510204081632653,
        "f1-score": 0.574468085106383,
        "support": 49.0
    },
    "7": {
        "precision": 0.3559322033898305,
        "recall": 0.42857142857142855,
        "f1-score": 0.3888888888888889,
        "support": 49.0
    },
    "8": {
        "precision": 0.38095238095238093,
        "recall": 0.4897959183673469,
        "f1-score": 0.42857142857142855,
        "support": 49.0
    },
    "9": {
        "precision": 0.6,
        "recall": 0.673469387755102,
        "f1-score": 0.6346153846153846,
        "support": 49.0
    },
    "accuracy": 0.6913265306122449,
    "macro avg": {
        "precision": 0.7326766107786256,
        "recall": 0.6913265306122449,
        "f1-score": 0.6979579747883878,
        "support": 392.0
    },
    "weighted avg": {
        "precision": 0.7326766107786254,
        "recall": 0.6913265306122449,
        "f1-score": 0.6979579747883878,
        "support": 392.0
    }
}