{
    "1": {
        "precision": 1.0,
        "recall": 1.0,
        "f1-score": 1.0,
        "support": 81.0
    },
    "2": {
        "precision": 0.8369565217391305,
        "recall": 0.9506172839506173,
        "f1-score": 0.8901734104046243,
        "support": 81.0
    },
    "3": {
        "precision": 0.5740740740740741,
        "recall": 0.7654320987654321,
        "f1-score": 0.656084656084656,
        "support": 81.0
    },
    "4": {
        "precision": 0.5873015873015873,
        "recall": 0.4567901234567901,
        "f1-score": 0.5138888888888888,
        "support": 81.0
    },
    "5": {
        "precision": 0.5303030303030303,
        "recall": 0.43209876543209874,
        "f1-score": 0.47619047619047616,
        "support": 81.0
    },
    "6": {
        "precision": 0.4864864864864865,
        "recall": 0.2222222222222222,
        "f1-score": 0.3050847457627119,
        "support": 81.0
    },
    "7": {
        "precision": 0.0,
        "recall": 0.0,
        "f1-score": 0.0,
        "support": 81.0
    },
    "8": {
        "precision": 0.2751322751322751,
        "recall": 0.6419753086419753,
        "f1-score": 0.3851851851851852,
        "support": 81.0
    },
    "9": {
        "precision": 0.3118279569892473,
        "recall": 0.35802469135802467,
        "f1-score": 0.3333333333333333,
        "support": 81.0
    },
    "accuracy": 0.5363511659807956,
    "macro avg": {
        "precision": 0.511342436891759,
        "recall": 0.5363511659807956,
        "f1-score": 0.5066600773166529,
        "support": 729.0
    },
    "weighted avg": {
        "precision": 0.5113424368917591,
        "recall": 0.5363511659807956,
        "f1-score": 0.5066600773166529,
        "support": 729.0
    }
}