{
    "1": {
        "precision": 1.0,
        "recall": 0.9012345679012346,
        "f1-score": 0.948051948051948,
        "support": 243.0
    },
    "2": {
        "precision": 0.8634686346863468,
        "recall": 0.9629629629629629,
        "f1-score": 0.9105058365758755,
        "support": 243.0
    },
    "3": {
        "precision": 0.8629629629629629,
        "recall": 0.9588477366255144,
        "f1-score": 0.9083820662768031,
        "support": 243.0
    },
    "4": {
        "precision": 0.9714285714285714,
        "recall": 0.6995884773662552,
        "f1-score": 0.8133971291866029,
        "support": 243.0
    },
    "5": {
        "precision": 0.8015873015873016,
        "recall": 0.4156378600823045,
        "f1-score": 0.5474254742547425,
        "support": 243.0
    },
    "6": {
        "precision": 0.3804878048780488,
        "recall": 0.9629629629629629,
        "f1-score": 0.5454545454545454,
        "support": 243.0
    },
    "7": {
        "precision": 0.4701492537313433,
        "recall": 0.25925925925925924,
        "f1-score": 0.33421750663129973,
        "support": 243.0
    },
    "8": {
        "precision": 0.5220588235294118,
        "recall": 0.29218106995884774,
        "f1-score": 0.37467018469656993,
        "support": 243.0
    },
    "9": {
        "precision": 0.7012448132780082,
        "recall": 0.6954732510288066,
        "f1-score": 0.6983471074380165,
        "support": 243.0
    },
    "accuracy": 0.6831275720164609,
    "macro avg": {
        "precision": 0.7303764628979994,
        "recall": 0.6831275720164609,
        "f1-score": 0.6756057553962671,
        "support": 2187.0
    },
    "weighted avg": {
        "precision": 0.7303764628979994,
        "recall": 0.6831275720164609,
        "f1-score": 0.675605755396267,
        "support": 2187.0
    }
}