{
    "1": {
        "precision": 1.0,
        "recall": 1.0,
        "f1-score": 1.0,
        "support": 81.0
    },
    "2": {
        "precision": 1.0,
        "recall": 1.0,
        "f1-score": 1.0,
        "support": 81.0
    },
    "3": {
        "precision": 0.9743589743589743,
        "recall": 0.9382716049382716,
        "f1-score": 0.9559748427672956,
        "support": 81.0
    },
    "4": {
        "precision": 0.8620689655172413,
        "recall": 0.9259259259259259,
        "f1-score": 0.8928571428571429,
        "support": 81.0
    },
    "5": {
        "precision": 0.7047619047619048,
        "recall": 0.9135802469135802,
        "f1-score": 0.7956989247311828,
        "support": 81.0
    },
    "6": {
        "precision": 0.71875,
        "recall": 0.5679012345679012,
        "f1-score": 0.6344827586206897,
        "support": 81.0
    },
    "7": {
        "precision": 0.4326241134751773,
        "recall": 0.7530864197530864,
        "f1-score": 0.5495495495495496,
        "support": 81.0
    },
    "8": {
        "precision": 0.2804878048780488,
        "recall": 0.2839506172839506,
        "f1-score": 0.2822085889570552,
        "support": 81.0
    },
    "9": {
        "precision": 1.0,
        "recall": 0.12345679012345678,
        "f1-score": 0.21978021978021978,
        "support": 81.0
    },
    "accuracy": 0.7229080932784636,
    "macro avg": {
        "precision": 0.7747835292212607,
        "recall": 0.7229080932784635,
        "f1-score": 0.7033946696959039,
        "support": 729.0
    },
    "weighted avg": {
        "precision": 0.7747835292212608,
        "recall": 0.7229080932784636,
        "f1-score": 0.7033946696959039,
        "support": 729.0
    }
}