{
    "2": {
        "precision": 1.0,
        "recall": 0.2653061224489796,
        "f1-score": 0.41935483870967744,
        "support": 49.0
    },
    "3": {
        "precision": 0.43137254901960786,
        "recall": 0.4489795918367347,
        "f1-score": 0.44,
        "support": 49.0
    },
    "4": {
        "precision": 0.38461538461538464,
        "recall": 0.20408163265306123,
        "f1-score": 0.26666666666666666,
        "support": 49.0
    },
    "5": {
        "precision": 0.56,
        "recall": 0.2857142857142857,
        "f1-score": 0.3783783783783784,
        "support": 49.0
    },
    "6": {
        "precision": 0.2972972972972973,
        "recall": 0.4489795918367347,
        "f1-score": 0.35772357723577236,
        "support": 49.0
    },
    "7": {
        "precision": 0.36904761904761907,
        "recall": 0.6326530612244898,
        "f1-score": 0.46616541353383456,
        "support": 49.0
    },
    "8": {
        "precision": 0.29411764705882354,
        "recall": 0.6122448979591837,
        "f1-score": 0.3973509933774834,
        "support": 49.0
    },
    "9": {
        "precision": 0.35294117647058826,
        "recall": 0.12244897959183673,
        "f1-score": 0.18181818181818182,
        "support": 49.0
    },
    "accuracy": 0.37755102040816324,
    "macro avg": {
        "precision": 0.4611739591886651,
        "recall": 0.37755102040816324,
        "f1-score": 0.36343225621499936,
        "support": 392.0
    },
    "weighted avg": {
        "precision": 0.4611739591886651,
        "recall": 0.37755102040816324,
        "f1-score": 0.36343225621499936,
        "support": 392.0
    }
}