{
    "2": {
        "precision": 0.9974182444061962,
        "recall": 0.9855442176870748,
        "f1-score": 0.9914456800684346,
        "support": 1176.0
    },
    "3": {
        "precision": 0.9411764705882353,
        "recall": 0.9795918367346939,
        "f1-score": 0.96,
        "support": 1176.0
    },
    "4": {
        "precision": 0.9378330373001776,
        "recall": 0.8979591836734694,
        "f1-score": 0.9174630755864466,
        "support": 1176.0
    },
    "5": {
        "precision": 0.9076396807297605,
        "recall": 0.6768707482993197,
        "f1-score": 0.7754505601558694,
        "support": 1176.0
    },
    "6": {
        "precision": 0.6498079385403329,
        "recall": 0.8630952380952381,
        "f1-score": 0.7414170927684441,
        "support": 1176.0
    },
    "7": {
        "precision": 0.7439824945295405,
        "recall": 0.5782312925170068,
        "f1-score": 0.6507177033492823,
        "support": 1176.0
    },
    "8": {
        "precision": 0.4916247906197655,
        "recall": 0.4991496598639456,
        "f1-score": 0.49535864978902955,
        "support": 1176.0
    },
    "9": {
        "precision": 0.6367713004484304,
        "recall": 0.7244897959183674,
        "f1-score": 0.6778042959427207,
        "support": 1176.0
    },
    "micro avg": {
        "precision": 0.776524422688092,
        "recall": 0.7756164965986394,
        "f1-score": 0.7760701940973146,
        "support": 9408.0
    },
    "macro avg": {
        "precision": 0.7882817446453049,
        "recall": 0.7756164965986394,
        "f1-score": 0.7762071322075283,
        "support": 9408.0
    },
    "weighted avg": {
        "precision": 0.7882817446453048,
        "recall": 0.7756164965986394,
        "f1-score": 0.7762071322075283,
        "support": 9408.0
    },
    "accuracy": 0.7756164965986394
}