{
    "2": {
        "precision": 1.0,
        "recall": 0.16326530612244897,
        "f1-score": 0.2807017543859649,
        "support": 49.0
    },
    "3": {
        "precision": 0.4367816091954023,
        "recall": 0.7755102040816326,
        "f1-score": 0.5588235294117647,
        "support": 49.0
    },
    "4": {
        "precision": 0.5769230769230769,
        "recall": 0.6122448979591837,
        "f1-score": 0.594059405940594,
        "support": 49.0
    },
    "5": {
        "precision": 0.5,
        "recall": 0.3877551020408163,
        "f1-score": 0.4367816091954023,
        "support": 49.0
    },
    "6": {
        "precision": 0.17777777777777778,
        "recall": 0.16326530612244897,
        "f1-score": 0.1702127659574468,
        "support": 49.0
    },
    "7": {
        "precision": 0.3333333333333333,
        "recall": 0.02040816326530612,
        "f1-score": 0.038461538461538464,
        "support": 49.0
    },
    "8": {
        "precision": 0.2689075630252101,
        "recall": 0.6530612244897959,
        "f1-score": 0.38095238095238093,
        "support": 49.0
    },
    "9": {
        "precision": 0.325,
        "recall": 0.2653061224489796,
        "f1-score": 0.29213483146067415,
        "support": 49.0
    },
    "accuracy": 0.38010204081632654,
    "macro avg": {
        "precision": 0.45234042003185004,
        "recall": 0.3801020408163265,
        "f1-score": 0.3440159769707208,
        "support": 392.0
    },
    "weighted avg": {
        "precision": 0.45234042003185004,
        "recall": 0.38010204081632654,
        "f1-score": 0.3440159769707208,
        "support": 392.0
    }
}