{
    "2": {
        "precision": 1.0,
        "recall": 1.0,
        "f1-score": 1.0,
        "support": 49.0
    },
    "3": {
        "precision": 1.0,
        "recall": 1.0,
        "f1-score": 1.0,
        "support": 49.0
    },
    "4": {
        "precision": 0.9591836734693877,
        "recall": 0.9591836734693877,
        "f1-score": 0.9591836734693877,
        "support": 49.0
    },
    "5": {
        "precision": 0.8775510204081632,
        "recall": 0.8775510204081632,
        "f1-score": 0.8775510204081632,
        "support": 49.0
    },
    "6": {
        "precision": 0.8372093023255814,
        "recall": 0.7346938775510204,
        "f1-score": 0.782608695652174,
        "support": 49.0
    },
    "7": {
        "precision": 0.5774647887323944,
        "recall": 0.8367346938775511,
        "f1-score": 0.6833333333333333,
        "support": 49.0
    },
    "8": {
        "precision": 0.6578947368421053,
        "recall": 0.5102040816326531,
        "f1-score": 0.5747126436781609,
        "support": 49.0
    },
    "9": {
        "precision": 0.9090909090909091,
        "recall": 0.8163265306122449,
        "f1-score": 0.8602150537634409,
        "support": 49.0
    },
    "accuracy": 0.8418367346938775,
    "macro avg": {
        "precision": 0.8522993038585677,
        "recall": 0.8418367346938775,
        "f1-score": 0.8422005525380825,
        "support": 392.0
    },
    "weighted avg": {
        "precision": 0.8522993038585677,
        "recall": 0.8418367346938775,
        "f1-score": 0.8422005525380825,
        "support": 392.0
    }
}