{
    "1": {
        "precision": 1.0,
        "recall": 1.0,
        "f1-score": 1.0,
        "support": 81.0
    },
    "2": {
        "precision": 0.8953488372093024,
        "recall": 0.9506172839506173,
        "f1-score": 0.9221556886227545,
        "support": 81.0
    },
    "3": {
        "precision": 0.7241379310344828,
        "recall": 0.7777777777777778,
        "f1-score": 0.75,
        "support": 81.0
    },
    "4": {
        "precision": 0.6417910447761194,
        "recall": 0.5308641975308642,
        "f1-score": 0.581081081081081,
        "support": 81.0
    },
    "5": {
        "precision": 0.5714285714285714,
        "recall": 0.24691358024691357,
        "f1-score": 0.3448275862068966,
        "support": 81.0
    },
    "6": {
        "precision": 0.3333333333333333,
        "recall": 0.09876543209876543,
        "f1-score": 0.1523809523809524,
        "support": 81.0
    },
    "7": {
        "precision": 0.0,
        "recall": 0.0,
        "f1-score": 0.0,
        "support": 81.0
    },
    "8": {
        "precision": 0.2233502538071066,
        "recall": 0.5432098765432098,
        "f1-score": 0.31654676258992803,
        "support": 81.0
    },
    "9": {
        "precision": 0.26666666666666666,
        "recall": 0.49382716049382713,
        "f1-score": 0.3463203463203463,
        "support": 81.0
    },
    "accuracy": 0.5157750342935528,
    "macro avg": {
        "precision": 0.5173396264728425,
        "recall": 0.515775034293553,
        "f1-score": 0.4903680463557732,
        "support": 729.0
    },
    "weighted avg": {
        "precision": 0.5173396264728425,
        "recall": 0.5157750342935528,
        "f1-score": 0.49036804635577314,
        "support": 729.0
    }
}