{
    "2": {
        "precision": 1.0,
        "recall": 0.9183673469387755,
        "f1-score": 0.9574468085106383,
        "support": 49.0
    },
    "3": {
        "precision": 0.9111111111111111,
        "recall": 0.8367346938775511,
        "f1-score": 0.8723404255319149,
        "support": 49.0
    },
    "4": {
        "precision": 0.7948717948717948,
        "recall": 0.6326530612244898,
        "f1-score": 0.7045454545454546,
        "support": 49.0
    },
    "5": {
        "precision": 0.6078431372549019,
        "recall": 0.6326530612244898,
        "f1-score": 0.62,
        "support": 49.0
    },
    "6": {
        "precision": 0.5675675675675675,
        "recall": 0.42857142857142855,
        "f1-score": 0.4883720930232558,
        "support": 49.0
    },
    "7": {
        "precision": 0.484375,
        "recall": 0.6326530612244898,
        "f1-score": 0.5486725663716814,
        "support": 49.0
    },
    "8": {
        "precision": 0.4883720930232558,
        "recall": 0.42857142857142855,
        "f1-score": 0.45652173913043476,
        "support": 49.0
    },
    "9": {
        "precision": 0.6470588235294118,
        "recall": 0.8979591836734694,
        "f1-score": 0.7521367521367521,
        "support": 49.0
    },
    "accuracy": 0.6760204081632653,
    "macro avg": {
        "precision": 0.6876499409197554,
        "recall": 0.6760204081632653,
        "f1-score": 0.6750044799062666,
        "support": 392.0
    },
    "weighted avg": {
        "precision": 0.6876499409197554,
        "recall": 0.6760204081632653,
        "f1-score": 0.6750044799062664,
        "support": 392.0
    }
}