{
    "1": {
        "precision": 1.0,
        "recall": 1.0,
        "f1-score": 1.0,
        "support": 81.0
    },
    "2": {
        "precision": 1.0,
        "recall": 0.9629629629629629,
        "f1-score": 0.9811320754716981,
        "support": 81.0
    },
    "3": {
        "precision": 0.9230769230769231,
        "recall": 0.8888888888888888,
        "f1-score": 0.9056603773584906,
        "support": 81.0
    },
    "4": {
        "precision": 0.6086956521739131,
        "recall": 0.1728395061728395,
        "f1-score": 0.2692307692307692,
        "support": 81.0
    },
    "5": {
        "precision": 0.2236842105263158,
        "recall": 0.20987654320987653,
        "f1-score": 0.21656050955414013,
        "support": 81.0
    },
    "6": {
        "precision": 0.1,
        "recall": 0.037037037037037035,
        "f1-score": 0.05405405405405406,
        "support": 81.0
    },
    "7": {
        "precision": 0.043478260869565216,
        "recall": 0.012345679012345678,
        "f1-score": 0.019230769230769232,
        "support": 81.0
    },
    "8": {
        "precision": 0.01282051282051282,
        "recall": 0.012345679012345678,
        "f1-score": 0.012578616352201259,
        "support": 81.0
    },
    "9": {
        "precision": 0.1,
        "recall": 0.012345679012345678,
        "f1-score": 0.02197802197802198,
        "support": 81.0
    },
    "micro avg": {
        "precision": 0.5618448637316562,
        "recall": 0.3676268861454047,
        "f1-score": 0.4444444444444444,
        "support": 729.0
    },
    "macro avg": {
        "precision": 0.4457506177185811,
        "recall": 0.3676268861454046,
        "f1-score": 0.3867139103589049,
        "support": 729.0
    },
    "weighted avg": {
        "precision": 0.4457506177185811,
        "recall": 0.3676268861454047,
        "f1-score": 0.38671391035890496,
        "support": 729.0
    },
    "accuracy": 0.3676268861454047
}