{
    "2": {
        "precision": 1.0,
        "recall": 0.9387755102040817,
        "f1-score": 0.968421052631579,
        "support": 49.0
    },
    "3": {
        "precision": 0.8518518518518519,
        "recall": 0.9387755102040817,
        "f1-score": 0.8932038834951457,
        "support": 49.0
    },
    "4": {
        "precision": 0.8222222222222222,
        "recall": 0.7551020408163265,
        "f1-score": 0.7872340425531915,
        "support": 49.0
    },
    "5": {
        "precision": 0.6,
        "recall": 0.673469387755102,
        "f1-score": 0.6346153846153846,
        "support": 49.0
    },
    "6": {
        "precision": 0.37142857142857144,
        "recall": 0.2653061224489796,
        "f1-score": 0.30952380952380953,
        "support": 49.0
    },
    "7": {
        "precision": 1.0,
        "recall": 0.02040816326530612,
        "f1-score": 0.04,
        "support": 49.0
    },
    "8": {
        "precision": 0.28431372549019607,
        "recall": 0.5918367346938775,
        "f1-score": 0.3841059602649007,
        "support": 49.0
    },
    "9": {
        "precision": 0.3333333333333333,
        "recall": 0.3673469387755102,
        "f1-score": 0.34951456310679613,
        "support": 49.0
    },
    "accuracy": 0.5688775510204082,
    "macro avg": {
        "precision": 0.6578937130407718,
        "recall": 0.5688775510204082,
        "f1-score": 0.5458273370238509,
        "support": 392.0
    },
    "weighted avg": {
        "precision": 0.6578937130407719,
        "recall": 0.5688775510204082,
        "f1-score": 0.545827337023851,
        "support": 392.0
    }
}