{
    "2": {
        "precision": 1.0,
        "recall": 0.9795918367346939,
        "f1-score": 0.9896907216494846,
        "support": 49.0
    },
    "3": {
        "precision": 0.9791666666666666,
        "recall": 0.9591836734693877,
        "f1-score": 0.9690721649484536,
        "support": 49.0
    },
    "4": {
        "precision": 0.8070175438596491,
        "recall": 0.9387755102040817,
        "f1-score": 0.8679245283018868,
        "support": 49.0
    },
    "5": {
        "precision": 0.7017543859649122,
        "recall": 0.8163265306122449,
        "f1-score": 0.7547169811320755,
        "support": 49.0
    },
    "6": {
        "precision": 0.6666666666666666,
        "recall": 0.6938775510204082,
        "f1-score": 0.68,
        "support": 49.0
    },
    "7": {
        "precision": 0.3855421686746988,
        "recall": 0.6530612244897959,
        "f1-score": 0.48484848484848486,
        "support": 49.0
    },
    "8": {
        "precision": 0.14285714285714285,
        "recall": 0.12244897959183673,
        "f1-score": 0.13186813186813187,
        "support": 49.0
    },
    "9": {
        "precision": 1.0,
        "recall": 0.12244897959183673,
        "f1-score": 0.21818181818181817,
        "support": 49.0
    },
    "accuracy": 0.6607142857142857,
    "macro avg": {
        "precision": 0.710375571836217,
        "recall": 0.6607142857142858,
        "f1-score": 0.637037853866292,
        "support": 392.0
    },
    "weighted avg": {
        "precision": 0.710375571836217,
        "recall": 0.6607142857142857,
        "f1-score": 0.6370378538662919,
        "support": 392.0
    }
}