{
    "1": {
        "precision": 1.0,
        "recall": 0.6790123456790124,
        "f1-score": 0.8088235294117647,
        "support": 81.0
    },
    "2": {
        "precision": 0.7142857142857143,
        "recall": 0.8024691358024691,
        "f1-score": 0.7558139534883721,
        "support": 81.0
    },
    "3": {
        "precision": 0.8846153846153846,
        "recall": 0.8518518518518519,
        "f1-score": 0.8679245283018868,
        "support": 81.0
    },
    "4": {
        "precision": 0.8192771084337349,
        "recall": 0.8395061728395061,
        "f1-score": 0.8292682926829268,
        "support": 81.0
    },
    "5": {
        "precision": 0.8125,
        "recall": 0.8024691358024691,
        "f1-score": 0.8074534161490683,
        "support": 81.0
    },
    "6": {
        "precision": 0.7010309278350515,
        "recall": 0.8395061728395061,
        "f1-score": 0.7640449438202247,
        "support": 81.0
    },
    "7": {
        "precision": 0.59375,
        "recall": 0.7037037037037037,
        "f1-score": 0.6440677966101694,
        "support": 81.0
    },
    "8": {
        "precision": 0.4205607476635514,
        "recall": 0.5555555555555556,
        "f1-score": 0.4787234042553192,
        "support": 81.0
    },
    "9": {
        "precision": 0.7575757575757576,
        "recall": 0.30864197530864196,
        "f1-score": 0.43859649122807015,
        "support": 81.0
    },
    "micro avg": {
        "precision": 0.7180555555555556,
        "recall": 0.7091906721536351,
        "f1-score": 0.7135955831608005,
        "support": 729.0
    },
    "macro avg": {
        "precision": 0.744843960045466,
        "recall": 0.7091906721536351,
        "f1-score": 0.7105240395497558,
        "support": 729.0
    },
    "weighted avg": {
        "precision": 0.744843960045466,
        "recall": 0.7091906721536351,
        "f1-score": 0.7105240395497557,
        "support": 729.0
    },
    "accuracy": 0.7091906721536351
}