{
    "2": {
        "precision": 1.0,
        "recall": 0.8163265306122449,
        "f1-score": 0.898876404494382,
        "support": 49.0
    },
    "3": {
        "precision": 0.7567567567567568,
        "recall": 0.5714285714285714,
        "f1-score": 0.6511627906976745,
        "support": 49.0
    },
    "4": {
        "precision": 0.5121951219512195,
        "recall": 0.42857142857142855,
        "f1-score": 0.4666666666666667,
        "support": 49.0
    },
    "5": {
        "precision": 0.42857142857142855,
        "recall": 0.42857142857142855,
        "f1-score": 0.42857142857142855,
        "support": 49.0
    },
    "6": {
        "precision": 0.2222222222222222,
        "recall": 0.16326530612244897,
        "f1-score": 0.18823529411764706,
        "support": 49.0
    },
    "7": {
        "precision": 0.36486486486486486,
        "recall": 0.5510204081632653,
        "f1-score": 0.43902439024390244,
        "support": 49.0
    },
    "8": {
        "precision": 0.46774193548387094,
        "recall": 0.5918367346938775,
        "f1-score": 0.5225225225225225,
        "support": 49.0
    },
    "9": {
        "precision": 0.6981132075471698,
        "recall": 0.7551020408163265,
        "f1-score": 0.7254901960784313,
        "support": 49.0
    },
    "accuracy": 0.5382653061224489,
    "macro avg": {
        "precision": 0.5563081921746915,
        "recall": 0.5382653061224489,
        "f1-score": 0.5400687116740819,
        "support": 392.0
    },
    "weighted avg": {
        "precision": 0.5563081921746915,
        "recall": 0.5382653061224489,
        "f1-score": 0.5400687116740819,
        "support": 392.0
    }
}