{
    "1": {
        "precision": 1.0,
        "recall": 1.0,
        "f1-score": 1.0,
        "support": 81.0
    },
    "2": {
        "precision": 1.0,
        "recall": 1.0,
        "f1-score": 1.0,
        "support": 81.0
    },
    "3": {
        "precision": 1.0,
        "recall": 1.0,
        "f1-score": 1.0,
        "support": 81.0
    },
    "4": {
        "precision": 0.9875,
        "recall": 0.9753086419753086,
        "f1-score": 0.9813664596273292,
        "support": 81.0
    },
    "5": {
        "precision": 0.9529411764705882,
        "recall": 1.0,
        "f1-score": 0.9759036144578314,
        "support": 81.0
    },
    "6": {
        "precision": 0.9024390243902439,
        "recall": 0.9135802469135802,
        "f1-score": 0.9079754601226994,
        "support": 81.0
    },
    "7": {
        "precision": 0.8985507246376812,
        "recall": 0.7654320987654321,
        "f1-score": 0.8266666666666667,
        "support": 81.0
    },
    "8": {
        "precision": 0.47368421052631576,
        "recall": 0.1111111111111111,
        "f1-score": 0.18,
        "support": 81.0
    },
    "9": {
        "precision": 0.0,
        "recall": 0.0,
        "f1-score": 0.0,
        "support": 81.0
    },
    "micro avg": {
        "precision": 0.9480968858131488,
        "recall": 0.7517146776406035,
        "f1-score": 0.8385615914307575,
        "support": 729.0
    },
    "macro avg": {
        "precision": 0.8016794595583143,
        "recall": 0.7517146776406035,
        "f1-score": 0.7635458000971695,
        "support": 729.0
    },
    "weighted avg": {
        "precision": 0.8016794595583144,
        "recall": 0.7517146776406035,
        "f1-score": 0.7635458000971697,
        "support": 729.0
    },
    "accuracy": 0.7517146776406035
}