{
    "1": {
        "precision": 0.1111111111111111,
        "recall": 1.0,
        "f1-score": 0.2,
        "support": 81.0
    },
    "2": {
        "precision": 0.0,
        "recall": 0.0,
        "f1-score": 0.0,
        "support": 81.0
    },
    "3": {
        "precision": 0.0,
        "recall": 0.0,
        "f1-score": 0.0,
        "support": 81.0
    },
    "4": {
        "precision": 0.0,
        "recall": 0.0,
        "f1-score": 0.0,
        "support": 81.0
    },
    "5": {
        "precision": 0.0,
        "recall": 0.0,
        "f1-score": 0.0,
        "support": 81.0
    },
    "6": {
        "precision": 0.0,
        "recall": 0.0,
        "f1-score": 0.0,
        "support": 81.0
    },
    "7": {
        "precision": 0.0,
        "recall": 0.0,
        "f1-score": 0.0,
        "support": 81.0
    },
    "8": {
        "precision": 0.0,
        "recall": 0.0,
        "f1-score": 0.0,
        "support": 81.0
    },
    "9": {
        "precision": 0.0,
        "recall": 0.0,
        "f1-score": 0.0,
        "support": 81.0
    },
    "accuracy": 0.1111111111111111,
    "macro avg": {
        "precision": 0.012345679012345678,
        "recall": 0.1111111111111111,
        "f1-score": 0.022222222222222223,
        "support": 729.0
    },
    "weighted avg": {
        "precision": 0.012345679012345678,
        "recall": 0.1111111111111111,
        "f1-score": 0.02222222222222222,
        "support": 729.0
    }
}