{
    "1": {
        "precision": 1.0,
        "recall": 1.0,
        "f1-score": 1.0,
        "support": 81.0
    },
    "2": {
        "precision": 1.0,
        "recall": 0.8271604938271605,
        "f1-score": 0.9054054054054054,
        "support": 81.0
    },
    "3": {
        "precision": 0.8181818181818182,
        "recall": 0.7777777777777778,
        "f1-score": 0.7974683544303798,
        "support": 81.0
    },
    "4": {
        "precision": 0.76,
        "recall": 0.7037037037037037,
        "f1-score": 0.7307692307692307,
        "support": 81.0
    },
    "5": {
        "precision": 0.6794871794871795,
        "recall": 0.654320987654321,
        "f1-score": 0.6666666666666666,
        "support": 81.0
    },
    "6": {
        "precision": 0.5571428571428572,
        "recall": 0.48148148148148145,
        "f1-score": 0.5165562913907285,
        "support": 81.0
    },
    "7": {
        "precision": 0.5108695652173914,
        "recall": 0.5802469135802469,
        "f1-score": 0.5433526011560693,
        "support": 81.0
    },
    "8": {
        "precision": 0.532608695652174,
        "recall": 0.6049382716049383,
        "f1-score": 0.5664739884393064,
        "support": 81.0
    },
    "9": {
        "precision": 0.6578947368421053,
        "recall": 0.6172839506172839,
        "f1-score": 0.6369426751592356,
        "support": 81.0
    },
    "micro avg": {
        "precision": 0.7146892655367232,
        "recall": 0.6941015089163237,
        "f1-score": 0.7042449547668754,
        "support": 729.0
    },
    "macro avg": {
        "precision": 0.7240205391692807,
        "recall": 0.6941015089163237,
        "f1-score": 0.707070579268558,
        "support": 729.0
    },
    "weighted avg": {
        "precision": 0.7240205391692807,
        "recall": 0.6941015089163237,
        "f1-score": 0.7070705792685581,
        "support": 729.0
    },
    "accuracy": 0.6941015089163237
}