{
    "2": {
        "precision": 1.0,
        "recall": 0.16326530612244897,
        "f1-score": 0.2807017543859649,
        "support": 49.0
    },
    "3": {
        "precision": 0.35185185185185186,
        "recall": 0.3877551020408163,
        "f1-score": 0.36893203883495146,
        "support": 49.0
    },
    "4": {
        "precision": 0.39316239316239315,
        "recall": 0.9387755102040817,
        "f1-score": 0.5542168674698795,
        "support": 49.0
    },
    "5": {
        "precision": 0.0,
        "recall": 0.0,
        "f1-score": 0.0,
        "support": 49.0
    },
    "6": {
        "precision": 0.0,
        "recall": 0.0,
        "f1-score": 0.0,
        "support": 49.0
    },
    "7": {
        "precision": 0.2,
        "recall": 0.02040816326530612,
        "f1-score": 0.037037037037037035,
        "support": 49.0
    },
    "8": {
        "precision": 0.0,
        "recall": 0.0,
        "f1-score": 0.0,
        "support": 49.0
    },
    "9": {
        "precision": 0.23557692307692307,
        "recall": 1.0,
        "f1-score": 0.38132295719844356,
        "support": 49.0
    },
    "accuracy": 0.3137755102040816,
    "macro avg": {
        "precision": 0.27257389601139603,
        "recall": 0.3137755102040817,
        "f1-score": 0.20277633186578456,
        "support": 392.0
    },
    "weighted avg": {
        "precision": 0.272573896011396,
        "recall": 0.3137755102040816,
        "f1-score": 0.20277633186578456,
        "support": 392.0
    }
}