{
    "2": {
        "precision": 1.0,
        "recall": 0.8775510204081632,
        "f1-score": 0.9347826086956522,
        "support": 49.0
    },
    "3": {
        "precision": 0.8285714285714286,
        "recall": 0.5918367346938775,
        "f1-score": 0.6904761904761905,
        "support": 49.0
    },
    "4": {
        "precision": 0.5217391304347826,
        "recall": 0.4897959183673469,
        "f1-score": 0.5052631578947369,
        "support": 49.0
    },
    "5": {
        "precision": 0.5806451612903226,
        "recall": 0.7346938775510204,
        "f1-score": 0.6486486486486487,
        "support": 49.0
    },
    "6": {
        "precision": 0.6333333333333333,
        "recall": 0.3877551020408163,
        "f1-score": 0.4810126582278481,
        "support": 49.0
    },
    "7": {
        "precision": 0.41346153846153844,
        "recall": 0.8775510204081632,
        "f1-score": 0.5620915032679739,
        "support": 49.0
    },
    "8": {
        "precision": 0.4067796610169492,
        "recall": 0.4897959183673469,
        "f1-score": 0.4444444444444444,
        "support": 49.0
    },
    "9": {
        "precision": 0.9230769230769231,
        "recall": 0.24489795918367346,
        "f1-score": 0.3870967741935484,
        "support": 49.0
    },
    "accuracy": 0.5867346938775511,
    "macro avg": {
        "precision": 0.6634508970231597,
        "recall": 0.5867346938775511,
        "f1-score": 0.5817269982311304,
        "support": 392.0
    },
    "weighted avg": {
        "precision": 0.6634508970231597,
        "recall": 0.5867346938775511,
        "f1-score": 0.5817269982311304,
        "support": 392.0
    }
}