{
    "1": {
        "precision": 0.38953488372093026,
        "recall": 0.8271604938271605,
        "f1-score": 0.5296442687747036,
        "support": 81.0
    },
    "2": {
        "precision": 0.8275862068965517,
        "recall": 0.8888888888888888,
        "f1-score": 0.8571428571428571,
        "support": 81.0
    },
    "3": {
        "precision": 0.7549019607843137,
        "recall": 0.9506172839506173,
        "f1-score": 0.8415300546448088,
        "support": 81.0
    },
    "4": {
        "precision": 0.8260869565217391,
        "recall": 0.4691358024691358,
        "f1-score": 0.5984251968503937,
        "support": 81.0
    },
    "5": {
        "precision": 0.5590551181102362,
        "recall": 0.8765432098765432,
        "f1-score": 0.6826923076923077,
        "support": 81.0
    },
    "6": {
        "precision": 0.0,
        "recall": 0.0,
        "f1-score": 0.0,
        "support": 81.0
    },
    "7": {
        "precision": 0.35195530726256985,
        "recall": 0.7777777777777778,
        "f1-score": 0.4846153846153846,
        "support": 81.0
    },
    "8": {
        "precision": 0.0,
        "recall": 0.0,
        "f1-score": 0.0,
        "support": 81.0
    },
    "9": {
        "precision": 0.6875,
        "recall": 0.13580246913580246,
        "f1-score": 0.2268041237113402,
        "support": 81.0
    },
    "accuracy": 0.5473251028806584,
    "macro avg": {
        "precision": 0.4885133814773713,
        "recall": 0.5473251028806584,
        "f1-score": 0.46898379927019956,
        "support": 729.0
    },
    "weighted avg": {
        "precision": 0.4885133814773713,
        "recall": 0.5473251028806584,
        "f1-score": 0.4689837992701996,
        "support": 729.0
    }
}