{
    "2": {
        "precision": 1.0,
        "recall": 1.0,
        "f1-score": 1.0,
        "support": 49.0
    },
    "3": {
        "precision": 1.0,
        "recall": 1.0,
        "f1-score": 1.0,
        "support": 49.0
    },
    "4": {
        "precision": 0.7538461538461538,
        "recall": 1.0,
        "f1-score": 0.8596491228070176,
        "support": 49.0
    },
    "5": {
        "precision": 0.4024390243902439,
        "recall": 0.673469387755102,
        "f1-score": 0.5038167938931297,
        "support": 49.0
    },
    "6": {
        "precision": 0.21428571428571427,
        "recall": 0.1836734693877551,
        "f1-score": 0.1978021978021978,
        "support": 49.0
    },
    "7": {
        "precision": 0.1875,
        "recall": 0.24489795918367346,
        "f1-score": 0.21238938053097345,
        "support": 49.0
    },
    "8": {
        "precision": 0.09090909090909091,
        "recall": 0.04081632653061224,
        "f1-score": 0.056338028169014086,
        "support": 49.0
    },
    "9": {
        "precision": 1.0,
        "recall": 0.3877551020408163,
        "f1-score": 0.5588235294117647,
        "support": 49.0
    },
    "accuracy": 0.5663265306122449,
    "macro avg": {
        "precision": 0.5811224979289004,
        "recall": 0.5663265306122449,
        "f1-score": 0.5486023815767622,
        "support": 392.0
    },
    "weighted avg": {
        "precision": 0.5811224979289004,
        "recall": 0.5663265306122449,
        "f1-score": 0.5486023815767622,
        "support": 392.0
    }
}