{
    "2": {
        "precision": 1.0,
        "recall": 0.9387755102040817,
        "f1-score": 0.968421052631579,
        "support": 49.0
    },
    "3": {
        "precision": 0.9230769230769231,
        "recall": 0.7346938775510204,
        "f1-score": 0.8181818181818182,
        "support": 49.0
    },
    "4": {
        "precision": 0.7111111111111111,
        "recall": 0.6530612244897959,
        "f1-score": 0.6808510638297872,
        "support": 49.0
    },
    "5": {
        "precision": 0.711864406779661,
        "recall": 0.8571428571428571,
        "f1-score": 0.7777777777777778,
        "support": 49.0
    },
    "6": {
        "precision": 0.7037037037037037,
        "recall": 0.3877551020408163,
        "f1-score": 0.5,
        "support": 49.0
    },
    "7": {
        "precision": 0.4482758620689655,
        "recall": 0.7959183673469388,
        "f1-score": 0.5735294117647058,
        "support": 49.0
    },
    "8": {
        "precision": 0.5087719298245614,
        "recall": 0.5918367346938775,
        "f1-score": 0.5471698113207547,
        "support": 49.0
    },
    "9": {
        "precision": 0.875,
        "recall": 0.5714285714285714,
        "f1-score": 0.691358024691358,
        "support": 49.0
    },
    "accuracy": 0.6913265306122449,
    "macro avg": {
        "precision": 0.7352254920706158,
        "recall": 0.6913265306122449,
        "f1-score": 0.6946611200247226,
        "support": 392.0
    },
    "weighted avg": {
        "precision": 0.7352254920706157,
        "recall": 0.6913265306122449,
        "f1-score": 0.6946611200247227,
        "support": 392.0
    }
}