{
    "2": {
        "precision": 0.98,
        "recall": 1.0,
        "f1-score": 0.98989898989899,
        "support": 49.0
    },
    "3": {
        "precision": 0.9791666666666666,
        "recall": 0.9591836734693877,
        "f1-score": 0.9690721649484536,
        "support": 49.0
    },
    "4": {
        "precision": 0.9361702127659575,
        "recall": 0.8979591836734694,
        "f1-score": 0.9166666666666666,
        "support": 49.0
    },
    "5": {
        "precision": 0.868421052631579,
        "recall": 0.673469387755102,
        "f1-score": 0.7586206896551724,
        "support": 49.0
    },
    "6": {
        "precision": 0.6811594202898551,
        "recall": 0.9591836734693877,
        "f1-score": 0.7966101694915254,
        "support": 49.0
    },
    "7": {
        "precision": 0.8823529411764706,
        "recall": 0.6122448979591837,
        "f1-score": 0.7228915662650602,
        "support": 49.0
    },
    "8": {
        "precision": 0.5,
        "recall": 0.42857142857142855,
        "f1-score": 0.46153846153846156,
        "support": 49.0
    },
    "9": {
        "precision": 0.625,
        "recall": 0.8163265306122449,
        "f1-score": 0.7079646017699115,
        "support": 49.0
    },
    "accuracy": 0.7933673469387755,
    "macro avg": {
        "precision": 0.806533786691316,
        "recall": 0.7933673469387755,
        "f1-score": 0.7904079137792802,
        "support": 392.0
    },
    "weighted avg": {
        "precision": 0.806533786691316,
        "recall": 0.7933673469387755,
        "f1-score": 0.7904079137792802,
        "support": 392.0
    }
}