{
    "1": {
        "precision": 0.1913265306122449,
        "recall": 0.9259259259259259,
        "f1-score": 0.3171247357293869,
        "support": 81.0
    },
    "2": {
        "precision": 0.8958333333333334,
        "recall": 0.5308641975308642,
        "f1-score": 0.6666666666666666,
        "support": 81.0
    },
    "3": {
        "precision": 0.0,
        "recall": 0.0,
        "f1-score": 0.0,
        "support": 81.0
    },
    "4": {
        "precision": 0.2871287128712871,
        "recall": 0.35802469135802467,
        "f1-score": 0.31868131868131866,
        "support": 81.0
    },
    "5": {
        "precision": 0.0,
        "recall": 0.0,
        "f1-score": 0.0,
        "support": 81.0
    },
    "6": {
        "precision": 0.28205128205128205,
        "recall": 0.13580246913580246,
        "f1-score": 0.18333333333333332,
        "support": 81.0
    },
    "7": {
        "precision": 0.2125984251968504,
        "recall": 0.3333333333333333,
        "f1-score": 0.25961538461538464,
        "support": 81.0
    },
    "8": {
        "precision": 0.0,
        "recall": 0.0,
        "f1-score": 0.0,
        "support": 81.0
    },
    "9": {
        "precision": 0.631578947368421,
        "recall": 0.14814814814814814,
        "f1-score": 0.24,
        "support": 81.0
    },
    "accuracy": 0.27023319615912206,
    "macro avg": {
        "precision": 0.2778352479370465,
        "recall": 0.2702331961591221,
        "f1-score": 0.22060238211401,
        "support": 729.0
    },
    "weighted avg": {
        "precision": 0.2778352479370465,
        "recall": 0.27023319615912206,
        "f1-score": 0.22060238211401004,
        "support": 729.0
    }
}