{
    "2": {
        "precision": 1.0,
        "recall": 0.9591836734693877,
        "f1-score": 0.9791666666666666,
        "support": 49.0
    },
    "3": {
        "precision": 0.5632183908045977,
        "recall": 1.0,
        "f1-score": 0.7205882352941176,
        "support": 49.0
    },
    "4": {
        "precision": 0.9285714285714286,
        "recall": 0.2653061224489796,
        "f1-score": 0.4126984126984127,
        "support": 49.0
    },
    "5": {
        "precision": 0.5274725274725275,
        "recall": 0.9795918367346939,
        "f1-score": 0.6857142857142857,
        "support": 49.0
    },
    "6": {
        "precision": 0.0,
        "recall": 0.0,
        "f1-score": 0.0,
        "support": 49.0
    },
    "7": {
        "precision": 0.4188034188034188,
        "recall": 1.0,
        "f1-score": 0.5903614457831325,
        "support": 49.0
    },
    "8": {
        "precision": 0.0,
        "recall": 0.0,
        "f1-score": 0.0,
        "support": 49.0
    },
    "9": {
        "precision": 0.8888888888888888,
        "recall": 0.6530612244897959,
        "f1-score": 0.7529411764705882,
        "support": 49.0
    },
    "accuracy": 0.6071428571428571,
    "macro avg": {
        "precision": 0.5408693318176077,
        "recall": 0.6071428571428571,
        "f1-score": 0.5176837778284005,
        "support": 392.0
    },
    "weighted avg": {
        "precision": 0.5408693318176077,
        "recall": 0.6071428571428571,
        "f1-score": 0.5176837778284005,
        "support": 392.0
    }
}