{
    "2": {
        "precision": 1.0,
        "recall": 0.9795918367346939,
        "f1-score": 0.9896907216494846,
        "support": 49.0
    },
    "3": {
        "precision": 0.9791666666666666,
        "recall": 0.9591836734693877,
        "f1-score": 0.9690721649484536,
        "support": 49.0
    },
    "4": {
        "precision": 0.9607843137254902,
        "recall": 1.0,
        "f1-score": 0.98,
        "support": 49.0
    },
    "5": {
        "precision": 1.0,
        "recall": 0.5306122448979592,
        "f1-score": 0.6933333333333334,
        "support": 49.0
    },
    "6": {
        "precision": 0.6901408450704225,
        "recall": 1.0,
        "f1-score": 0.8166666666666667,
        "support": 49.0
    },
    "7": {
        "precision": 0.8571428571428571,
        "recall": 0.6122448979591837,
        "f1-score": 0.7142857142857143,
        "support": 49.0
    },
    "8": {
        "precision": 0.375,
        "recall": 0.12244897959183673,
        "f1-score": 0.18461538461538463,
        "support": 49.0
    },
    "9": {
        "precision": 0.4948453608247423,
        "recall": 0.9795918367346939,
        "f1-score": 0.6575342465753424,
        "support": 49.0
    },
    "accuracy": 0.7729591836734694,
    "macro avg": {
        "precision": 0.7946350054287723,
        "recall": 0.7729591836734694,
        "f1-score": 0.7506497790092974,
        "support": 392.0
    },
    "weighted avg": {
        "precision": 0.7946350054287724,
        "recall": 0.7729591836734694,
        "f1-score": 0.7506497790092974,
        "support": 392.0
    }
}