{
    "1": {
        "precision": 1.0,
        "recall": 1.0,
        "f1-score": 1.0,
        "support": 81.0
    },
    "2": {
        "precision": 1.0,
        "recall": 0.9753086419753086,
        "f1-score": 0.9875,
        "support": 81.0
    },
    "3": {
        "precision": 0.95,
        "recall": 0.9382716049382716,
        "f1-score": 0.9440993788819876,
        "support": 81.0
    },
    "4": {
        "precision": 0.9125,
        "recall": 0.9012345679012346,
        "f1-score": 0.906832298136646,
        "support": 81.0
    },
    "5": {
        "precision": 0.8831168831168831,
        "recall": 0.8395061728395061,
        "f1-score": 0.8607594936708861,
        "support": 81.0
    },
    "6": {
        "precision": 0.8028169014084507,
        "recall": 0.7037037037037037,
        "f1-score": 0.75,
        "support": 81.0
    },
    "7": {
        "precision": 0.6447368421052632,
        "recall": 0.6049382716049383,
        "f1-score": 0.6242038216560509,
        "support": 81.0
    },
    "8": {
        "precision": 0.5396825396825397,
        "recall": 0.41975308641975306,
        "f1-score": 0.4722222222222222,
        "support": 81.0
    },
    "9": {
        "precision": 0.5543478260869565,
        "recall": 0.6296296296296297,
        "f1-score": 0.5895953757225434,
        "support": 81.0
    },
    "micro avg": {
        "precision": 0.8125894134477826,
        "recall": 0.7791495198902606,
        "f1-score": 0.7955182072829131,
        "support": 729.0
    },
    "macro avg": {
        "precision": 0.8096889991555659,
        "recall": 0.7791495198902606,
        "f1-score": 0.7928013989211485,
        "support": 729.0
    },
    "weighted avg": {
        "precision": 0.809688999155566,
        "recall": 0.7791495198902606,
        "f1-score": 0.7928013989211484,
        "support": 729.0
    },
    "accuracy": 0.7791495198902606
}