{
    "1": {
        "precision": 1.0,
        "recall": 1.0,
        "f1-score": 1.0,
        "support": 81.0
    },
    "2": {
        "precision": 0.9523809523809523,
        "recall": 0.9876543209876543,
        "f1-score": 0.9696969696969697,
        "support": 81.0
    },
    "3": {
        "precision": 0.9122807017543859,
        "recall": 0.6419753086419753,
        "f1-score": 0.7536231884057971,
        "support": 81.0
    },
    "4": {
        "precision": 0.35,
        "recall": 0.1728395061728395,
        "f1-score": 0.23140495867768596,
        "support": 81.0
    },
    "5": {
        "precision": 0.27058823529411763,
        "recall": 0.2839506172839506,
        "f1-score": 0.27710843373493976,
        "support": 81.0
    },
    "6": {
        "precision": 0.16981132075471697,
        "recall": 0.1111111111111111,
        "f1-score": 0.13432835820895522,
        "support": 81.0
    },
    "7": {
        "precision": 0.2,
        "recall": 0.14814814814814814,
        "f1-score": 0.1702127659574468,
        "support": 81.0
    },
    "8": {
        "precision": 0.17543859649122806,
        "recall": 0.24691358024691357,
        "f1-score": 0.20512820512820512,
        "support": 81.0
    },
    "9": {
        "precision": 0.2631578947368421,
        "recall": 0.06172839506172839,
        "f1-score": 0.1,
        "support": 81.0
    },
    "micro avg": {
        "precision": 0.4991568296795953,
        "recall": 0.4060356652949246,
        "f1-score": 0.44780635400907715,
        "support": 729.0
    },
    "macro avg": {
        "precision": 0.4770730779346937,
        "recall": 0.4060356652949245,
        "f1-score": 0.42683365331222217,
        "support": 729.0
    },
    "weighted avg": {
        "precision": 0.47707307793469367,
        "recall": 0.4060356652949246,
        "f1-score": 0.4268336533122222,
        "support": 729.0
    },
    "accuracy": 0.4060356652949246
}