{
    "1": {
        "precision": 0.17792792792792791,
        "recall": 0.9753086419753086,
        "f1-score": 0.30095238095238097,
        "support": 81.0
    },
    "2": {
        "precision": 0.971830985915493,
        "recall": 0.8518518518518519,
        "f1-score": 0.9078947368421053,
        "support": 81.0
    },
    "3": {
        "precision": 0.5673758865248227,
        "recall": 0.9876543209876543,
        "f1-score": 0.7207207207207207,
        "support": 81.0
    },
    "4": {
        "precision": 0.8571428571428571,
        "recall": 0.07407407407407407,
        "f1-score": 0.13636363636363635,
        "support": 81.0
    },
    "5": {
        "precision": 0.5806451612903226,
        "recall": 0.2222222222222222,
        "f1-score": 0.32142857142857145,
        "support": 81.0
    },
    "6": {
        "precision": 0.0,
        "recall": 0.0,
        "f1-score": 0.0,
        "support": 81.0
    },
    "7": {
        "precision": 0.4,
        "recall": 0.1728395061728395,
        "f1-score": 0.2413793103448276,
        "support": 81.0
    },
    "8": {
        "precision": 0.0,
        "recall": 0.0,
        "f1-score": 0.0,
        "support": 81.0
    },
    "9": {
        "precision": 0.0,
        "recall": 0.0,
        "f1-score": 0.0,
        "support": 81.0
    },
    "accuracy": 0.36488340192043894,
    "macro avg": {
        "precision": 0.39499142431126927,
        "recall": 0.36488340192043894,
        "f1-score": 0.292082150739138,
        "support": 729.0
    },
    "weighted avg": {
        "precision": 0.3949914243112693,
        "recall": 0.36488340192043894,
        "f1-score": 0.29208215073913807,
        "support": 729.0
    }
}