{
    "1": {
        "precision": 0.45348837209302323,
        "recall": 0.9629629629629629,
        "f1-score": 0.616600790513834,
        "support": 81.0
    },
    "2": {
        "precision": 0.0,
        "recall": 0.0,
        "f1-score": 0.0,
        "support": 81.0
    },
    "3": {
        "precision": 0.14035087719298245,
        "recall": 0.09876543209876543,
        "f1-score": 0.11594202898550725,
        "support": 81.0
    },
    "4": {
        "precision": 0.2028985507246377,
        "recall": 0.1728395061728395,
        "f1-score": 0.18666666666666668,
        "support": 81.0
    },
    "5": {
        "precision": 0.20588235294117646,
        "recall": 0.08641975308641975,
        "f1-score": 0.12173913043478261,
        "support": 81.0
    },
    "6": {
        "precision": 0.2345679012345679,
        "recall": 0.2345679012345679,
        "f1-score": 0.2345679012345679,
        "support": 81.0
    },
    "7": {
        "precision": 0.0,
        "recall": 0.0,
        "f1-score": 0.0,
        "support": 81.0
    },
    "8": {
        "precision": 0.2,
        "recall": 0.012345679012345678,
        "f1-score": 0.023255813953488372,
        "support": 81.0
    },
    "9": {
        "precision": 0.24429967426710097,
        "recall": 0.9259259259259259,
        "f1-score": 0.3865979381443299,
        "support": 81.0
    },
    "accuracy": 0.27709190672153633,
    "macro avg": {
        "precision": 0.1868319698281654,
        "recall": 0.27709190672153633,
        "f1-score": 0.1872633633259085,
        "support": 729.0
    },
    "weighted avg": {
        "precision": 0.18683196982816538,
        "recall": 0.27709190672153633,
        "f1-score": 0.18726336332590854,
        "support": 729.0
    }
}