{
    "2": {
        "precision": 1.0,
        "recall": 0.9795918367346939,
        "f1-score": 0.9896907216494846,
        "support": 49.0
    },
    "3": {
        "precision": 0.967741935483871,
        "recall": 0.6122448979591837,
        "f1-score": 0.75,
        "support": 49.0
    },
    "4": {
        "precision": 0.6865671641791045,
        "recall": 0.9387755102040817,
        "f1-score": 0.7931034482758621,
        "support": 49.0
    },
    "5": {
        "precision": 1.0,
        "recall": 0.22448979591836735,
        "f1-score": 0.36666666666666664,
        "support": 49.0
    },
    "6": {
        "precision": 0.45454545454545453,
        "recall": 0.7142857142857143,
        "f1-score": 0.5555555555555556,
        "support": 49.0
    },
    "7": {
        "precision": 0.0,
        "recall": 0.0,
        "f1-score": 0.0,
        "support": 49.0
    },
    "8": {
        "precision": 0.21666666666666667,
        "recall": 0.2653061224489796,
        "f1-score": 0.23853211009174313,
        "support": 49.0
    },
    "9": {
        "precision": 0.43157894736842106,
        "recall": 0.8367346938775511,
        "f1-score": 0.5694444444444444,
        "support": 49.0
    },
    "micro avg": {
        "precision": 0.5728900255754475,
        "recall": 0.5714285714285714,
        "f1-score": 0.5721583652618135,
        "support": 392.0
    },
    "macro avg": {
        "precision": 0.5946375210304397,
        "recall": 0.5714285714285714,
        "f1-score": 0.5328741183354695,
        "support": 392.0
    },
    "weighted avg": {
        "precision": 0.5946375210304397,
        "recall": 0.5714285714285714,
        "f1-score": 0.5328741183354695,
        "support": 392.0
    },
    "accuracy": 0.5714285714285714
}