{
    "1": {
        "precision": 1.0,
        "recall": 0.9876543209876543,
        "f1-score": 0.9937888198757764,
        "support": 81.0
    },
    "2": {
        "precision": 0.9830508474576272,
        "recall": 0.7160493827160493,
        "f1-score": 0.8285714285714286,
        "support": 81.0
    },
    "3": {
        "precision": 0.6567164179104478,
        "recall": 0.5432098765432098,
        "f1-score": 0.5945945945945946,
        "support": 81.0
    },
    "4": {
        "precision": 0.4675324675324675,
        "recall": 0.4444444444444444,
        "f1-score": 0.45569620253164556,
        "support": 81.0
    },
    "5": {
        "precision": 0.4819277108433735,
        "recall": 0.49382716049382713,
        "f1-score": 0.4878048780487805,
        "support": 81.0
    },
    "6": {
        "precision": 0.3888888888888889,
        "recall": 0.1728395061728395,
        "f1-score": 0.23931623931623933,
        "support": 81.0
    },
    "7": {
        "precision": 0.3068181818181818,
        "recall": 0.6666666666666666,
        "f1-score": 0.42023346303501946,
        "support": 81.0
    },
    "8": {
        "precision": 0.3826086956521739,
        "recall": 0.5432098765432098,
        "f1-score": 0.4489795918367347,
        "support": 81.0
    },
    "9": {
        "precision": 0.7777777777777778,
        "recall": 0.345679012345679,
        "f1-score": 0.47863247863247865,
        "support": 81.0
    },
    "accuracy": 0.5459533607681756,
    "macro avg": {
        "precision": 0.6050356653201042,
        "recall": 0.5459533607681756,
        "f1-score": 0.5497352996047442,
        "support": 729.0
    },
    "weighted avg": {
        "precision": 0.6050356653201042,
        "recall": 0.5459533607681756,
        "f1-score": 0.5497352996047442,
        "support": 729.0
    }
}