{
    "2": {
        "precision": 1.0,
        "recall": 0.9591836734693877,
        "f1-score": 0.9791666666666666,
        "support": 49.0
    },
    "3": {
        "precision": 0.9795918367346939,
        "recall": 0.9795918367346939,
        "f1-score": 0.9795918367346939,
        "support": 49.0
    },
    "4": {
        "precision": 0.9019607843137255,
        "recall": 0.9387755102040817,
        "f1-score": 0.92,
        "support": 49.0
    },
    "5": {
        "precision": 1.0,
        "recall": 0.30612244897959184,
        "f1-score": 0.46875,
        "support": 49.0
    },
    "6": {
        "precision": 0.45901639344262296,
        "recall": 0.5714285714285714,
        "f1-score": 0.509090909090909,
        "support": 49.0
    },
    "7": {
        "precision": 0.5,
        "recall": 0.061224489795918366,
        "f1-score": 0.10909090909090909,
        "support": 49.0
    },
    "8": {
        "precision": 0.09433962264150944,
        "recall": 0.10204081632653061,
        "f1-score": 0.09803921568627451,
        "support": 49.0
    },
    "9": {
        "precision": 0.39090909090909093,
        "recall": 0.8775510204081632,
        "f1-score": 0.5408805031446541,
        "support": 49.0
    },
    "accuracy": 0.5994897959183674,
    "macro avg": {
        "precision": 0.6657272160052052,
        "recall": 0.5994897959183674,
        "f1-score": 0.5755762550517634,
        "support": 392.0
    },
    "weighted avg": {
        "precision": 0.6657272160052053,
        "recall": 0.5994897959183674,
        "f1-score": 0.5755762550517635,
        "support": 392.0
    }
}