{
    "1": {
        "precision": 0.9759036144578314,
        "recall": 1.0,
        "f1-score": 0.9878048780487805,
        "support": 81.0
    },
    "2": {
        "precision": 1.0,
        "recall": 0.9506172839506173,
        "f1-score": 0.9746835443037974,
        "support": 81.0
    },
    "3": {
        "precision": 0.8850574712643678,
        "recall": 0.9506172839506173,
        "f1-score": 0.9166666666666666,
        "support": 81.0
    },
    "4": {
        "precision": 0.9333333333333333,
        "recall": 0.8641975308641975,
        "f1-score": 0.8974358974358975,
        "support": 81.0
    },
    "5": {
        "precision": 0.8021978021978022,
        "recall": 0.9012345679012346,
        "f1-score": 0.8488372093023255,
        "support": 81.0
    },
    "6": {
        "precision": 0.7681159420289855,
        "recall": 0.654320987654321,
        "f1-score": 0.7066666666666667,
        "support": 81.0
    },
    "7": {
        "precision": 0.5206611570247934,
        "recall": 0.7777777777777778,
        "f1-score": 0.6237623762376238,
        "support": 81.0
    },
    "8": {
        "precision": 0.36,
        "recall": 0.2222222222222222,
        "f1-score": 0.2748091603053435,
        "support": 81.0
    },
    "9": {
        "precision": 0.6447368421052632,
        "recall": 0.6049382716049383,
        "f1-score": 0.6242038216560509,
        "support": 81.0
    },
    "accuracy": 0.7695473251028807,
    "macro avg": {
        "precision": 0.7655562402680419,
        "recall": 0.7695473251028806,
        "f1-score": 0.7616522467359059,
        "support": 729.0
    },
    "weighted avg": {
        "precision": 0.7655562402680419,
        "recall": 0.7695473251028807,
        "f1-score": 0.7616522467359059,
        "support": 729.0
    }
}