{
    "2": {
        "precision": 1.0,
        "recall": 0.32653061224489793,
        "f1-score": 0.49230769230769234,
        "support": 49.0
    },
    "3": {
        "precision": 0.5588235294117647,
        "recall": 0.7755102040816326,
        "f1-score": 0.6495726495726496,
        "support": 49.0
    },
    "4": {
        "precision": 0.8392857142857143,
        "recall": 0.9591836734693877,
        "f1-score": 0.8952380952380953,
        "support": 49.0
    },
    "5": {
        "precision": 0.8666666666666667,
        "recall": 0.2653061224489796,
        "f1-score": 0.40625,
        "support": 49.0
    },
    "6": {
        "precision": 0.5106382978723404,
        "recall": 0.4897959183673469,
        "f1-score": 0.5,
        "support": 49.0
    },
    "7": {
        "precision": 0.0,
        "recall": 0.0,
        "f1-score": 0.0,
        "support": 49.0
    },
    "8": {
        "precision": 0.17391304347826086,
        "recall": 0.32653061224489793,
        "f1-score": 0.22695035460992907,
        "support": 49.0
    },
    "9": {
        "precision": 0.24742268041237114,
        "recall": 0.4897959183673469,
        "f1-score": 0.3287671232876712,
        "support": 49.0
    },
    "accuracy": 0.45408163265306123,
    "macro avg": {
        "precision": 0.5245937415158898,
        "recall": 0.45408163265306123,
        "f1-score": 0.43738573937700465,
        "support": 392.0
    },
    "weighted avg": {
        "precision": 0.5245937415158898,
        "recall": 0.45408163265306123,
        "f1-score": 0.4373857393770047,
        "support": 392.0
    }
}