{
    "1": {
        "precision": 1.0,
        "recall": 1.0,
        "f1-score": 1.0,
        "support": 81.0
    },
    "2": {
        "precision": 1.0,
        "recall": 1.0,
        "f1-score": 1.0,
        "support": 81.0
    },
    "3": {
        "precision": 1.0,
        "recall": 1.0,
        "f1-score": 1.0,
        "support": 81.0
    },
    "4": {
        "precision": 0.9878048780487805,
        "recall": 1.0,
        "f1-score": 0.9938650306748467,
        "support": 81.0
    },
    "5": {
        "precision": 0.8333333333333334,
        "recall": 0.9876543209876543,
        "f1-score": 0.903954802259887,
        "support": 81.0
    },
    "6": {
        "precision": 0.66,
        "recall": 0.8148148148148148,
        "f1-score": 0.7292817679558011,
        "support": 81.0
    },
    "7": {
        "precision": 0.6891891891891891,
        "recall": 0.6296296296296297,
        "f1-score": 0.6580645161290323,
        "support": 81.0
    },
    "8": {
        "precision": 0.7166666666666667,
        "recall": 0.5308641975308642,
        "f1-score": 0.6099290780141844,
        "support": 81.0
    },
    "9": {
        "precision": 0.8181818181818182,
        "recall": 0.5555555555555556,
        "f1-score": 0.6617647058823529,
        "support": 81.0
    },
    "micro avg": {
        "precision": 0.8577464788732394,
        "recall": 0.8353909465020576,
        "f1-score": 0.846421125781793,
        "support": 729.0
    },
    "macro avg": {
        "precision": 0.856130653935532,
        "recall": 0.8353909465020576,
        "f1-score": 0.8396511001017894,
        "support": 729.0
    },
    "weighted avg": {
        "precision": 0.856130653935532,
        "recall": 0.8353909465020576,
        "f1-score": 0.8396511001017894,
        "support": 729.0
    },
    "accuracy": 0.8353909465020576
}