{
    "1": {
        "precision": 0.975609756097561,
        "recall": 0.9876543209876543,
        "f1-score": 0.9815950920245399,
        "support": 81.0
    },
    "2": {
        "precision": 1.0,
        "recall": 0.9382716049382716,
        "f1-score": 0.9681528662420382,
        "support": 81.0
    },
    "3": {
        "precision": 0.851063829787234,
        "recall": 0.9876543209876543,
        "f1-score": 0.9142857142857143,
        "support": 81.0
    },
    "4": {
        "precision": 0.9420289855072463,
        "recall": 0.8024691358024691,
        "f1-score": 0.8666666666666667,
        "support": 81.0
    },
    "5": {
        "precision": 0.9180327868852459,
        "recall": 0.691358024691358,
        "f1-score": 0.7887323943661971,
        "support": 81.0
    },
    "6": {
        "precision": 0.5228758169934641,
        "recall": 0.9876543209876543,
        "f1-score": 0.6837606837606838,
        "support": 81.0
    },
    "7": {
        "precision": 0.5675675675675675,
        "recall": 0.25925925925925924,
        "f1-score": 0.3559322033898305,
        "support": 81.0
    },
    "8": {
        "precision": 0.4074074074074074,
        "recall": 0.5432098765432098,
        "f1-score": 0.4656084656084656,
        "support": 81.0
    },
    "9": {
        "precision": 0.5714285714285714,
        "recall": 0.345679012345679,
        "f1-score": 0.4307692307692308,
        "support": 81.0
    },
    "accuracy": 0.7270233196159122,
    "macro avg": {
        "precision": 0.7506683024082553,
        "recall": 0.727023319615912,
        "f1-score": 0.7172781463459297,
        "support": 729.0
    },
    "weighted avg": {
        "precision": 0.7506683024082553,
        "recall": 0.7270233196159122,
        "f1-score": 0.7172781463459296,
        "support": 729.0
    }
}