{
    "2": {
        "precision": 1.0,
        "recall": 1.0,
        "f1-score": 1.0,
        "support": 49.0
    },
    "3": {
        "precision": 1.0,
        "recall": 0.8979591836734694,
        "f1-score": 0.946236559139785,
        "support": 49.0
    },
    "4": {
        "precision": 0.8909090909090909,
        "recall": 1.0,
        "f1-score": 0.9423076923076923,
        "support": 49.0
    },
    "5": {
        "precision": 1.0,
        "recall": 0.061224489795918366,
        "f1-score": 0.11538461538461539,
        "support": 49.0
    },
    "6": {
        "precision": 0.30158730158730157,
        "recall": 0.3877551020408163,
        "f1-score": 0.3392857142857143,
        "support": 49.0
    },
    "7": {
        "precision": 0.0,
        "recall": 0.0,
        "f1-score": 0.0,
        "support": 49.0
    },
    "8": {
        "precision": 0.05263157894736842,
        "recall": 0.04081632653061224,
        "f1-score": 0.04597701149425287,
        "support": 49.0
    },
    "9": {
        "precision": 0.35251798561151076,
        "recall": 1.0,
        "f1-score": 0.5212765957446809,
        "support": 49.0
    },
    "accuracy": 0.548469387755102,
    "macro avg": {
        "precision": 0.5747057446319089,
        "recall": 0.5484693877551021,
        "f1-score": 0.4888085235445926,
        "support": 392.0
    },
    "weighted avg": {
        "precision": 0.5747057446319089,
        "recall": 0.548469387755102,
        "f1-score": 0.4888085235445926,
        "support": 392.0
    }
}