{
    "2": {
        "precision": 1.0,
        "recall": 0.8571428571428571,
        "f1-score": 0.9230769230769231,
        "support": 49.0
    },
    "3": {
        "precision": 0.8055555555555556,
        "recall": 0.5918367346938775,
        "f1-score": 0.6823529411764706,
        "support": 49.0
    },
    "4": {
        "precision": 0.5652173913043478,
        "recall": 0.5306122448979592,
        "f1-score": 0.5473684210526316,
        "support": 49.0
    },
    "5": {
        "precision": 0.5892857142857143,
        "recall": 0.673469387755102,
        "f1-score": 0.6285714285714286,
        "support": 49.0
    },
    "6": {
        "precision": 0.43333333333333335,
        "recall": 0.2653061224489796,
        "f1-score": 0.3291139240506329,
        "support": 49.0
    },
    "7": {
        "precision": 0.4567901234567901,
        "recall": 0.7551020408163265,
        "f1-score": 0.5692307692307692,
        "support": 49.0
    },
    "8": {
        "precision": 0.5238095238095238,
        "recall": 0.673469387755102,
        "f1-score": 0.5892857142857143,
        "support": 49.0
    },
    "9": {
        "precision": 0.7894736842105263,
        "recall": 0.6122448979591837,
        "f1-score": 0.6896551724137931,
        "support": 49.0
    },
    "accuracy": 0.6198979591836735,
    "macro avg": {
        "precision": 0.6454331657444738,
        "recall": 0.6198979591836734,
        "f1-score": 0.6198319117322955,
        "support": 392.0
    },
    "weighted avg": {
        "precision": 0.645433165744474,
        "recall": 0.6198979591836735,
        "f1-score": 0.6198319117322955,
        "support": 392.0
    }
}