{
    "2": {
        "precision": 1.0,
        "recall": 1.0,
        "f1-score": 1.0,
        "support": 49.0
    },
    "3": {
        "precision": 1.0,
        "recall": 1.0,
        "f1-score": 1.0,
        "support": 49.0
    },
    "4": {
        "precision": 1.0,
        "recall": 1.0,
        "f1-score": 1.0,
        "support": 49.0
    },
    "5": {
        "precision": 1.0,
        "recall": 0.7755102040816326,
        "f1-score": 0.8735632183908046,
        "support": 49.0
    },
    "6": {
        "precision": 0.9722222222222222,
        "recall": 0.7142857142857143,
        "f1-score": 0.8235294117647058,
        "support": 49.0
    },
    "7": {
        "precision": 0.6730769230769231,
        "recall": 0.7142857142857143,
        "f1-score": 0.693069306930693,
        "support": 49.0
    },
    "8": {
        "precision": 0.19047619047619047,
        "recall": 0.08163265306122448,
        "f1-score": 0.11428571428571428,
        "support": 49.0
    },
    "9": {
        "precision": 0.5,
        "recall": 1.0,
        "f1-score": 0.6666666666666666,
        "support": 49.0
    },
    "accuracy": 0.7857142857142857,
    "macro avg": {
        "precision": 0.7919719169719169,
        "recall": 0.7857142857142858,
        "f1-score": 0.7713892897548231,
        "support": 392.0
    },
    "weighted avg": {
        "precision": 0.7919719169719169,
        "recall": 0.7857142857142857,
        "f1-score": 0.771389289754823,
        "support": 392.0
    }
}