{
    "2": {
        "precision": 1.0,
        "recall": 0.5918367346938775,
        "f1-score": 0.7435897435897436,
        "support": 49.0
    },
    "3": {
        "precision": 0.6363636363636364,
        "recall": 0.7142857142857143,
        "f1-score": 0.6730769230769231,
        "support": 49.0
    },
    "4": {
        "precision": 0.5454545454545454,
        "recall": 0.24489795918367346,
        "f1-score": 0.3380281690140845,
        "support": 49.0
    },
    "5": {
        "precision": 0.4230769230769231,
        "recall": 0.4489795918367347,
        "f1-score": 0.43564356435643564,
        "support": 49.0
    },
    "6": {
        "precision": 0.2777777777777778,
        "recall": 0.20408163265306123,
        "f1-score": 0.23529411764705882,
        "support": 49.0
    },
    "7": {
        "precision": 0.0,
        "recall": 0.0,
        "f1-score": 0.0,
        "support": 49.0
    },
    "8": {
        "precision": 0.22857142857142856,
        "recall": 0.4897959183673469,
        "f1-score": 0.3116883116883117,
        "support": 49.0
    },
    "9": {
        "precision": 0.27956989247311825,
        "recall": 0.5306122448979592,
        "f1-score": 0.36619718309859156,
        "support": 49.0
    },
    "accuracy": 0.4030612244897959,
    "macro avg": {
        "precision": 0.42385177546467867,
        "recall": 0.4030612244897959,
        "f1-score": 0.38793975155889365,
        "support": 392.0
    },
    "weighted avg": {
        "precision": 0.42385177546467867,
        "recall": 0.4030612244897959,
        "f1-score": 0.38793975155889365,
        "support": 392.0
    }
}