{
    "1": {
        "precision": 1.0,
        "recall": 1.0,
        "f1-score": 1.0,
        "support": 81.0
    },
    "2": {
        "precision": 0.7777777777777778,
        "recall": 0.25925925925925924,
        "f1-score": 0.3888888888888889,
        "support": 81.0
    },
    "3": {
        "precision": 0.4066666666666667,
        "recall": 0.7530864197530864,
        "f1-score": 0.5281385281385281,
        "support": 81.0
    },
    "4": {
        "precision": 0.4788732394366197,
        "recall": 0.41975308641975306,
        "f1-score": 0.4473684210526316,
        "support": 81.0
    },
    "5": {
        "precision": 0.2857142857142857,
        "recall": 0.12345679012345678,
        "f1-score": 0.1724137931034483,
        "support": 81.0
    },
    "6": {
        "precision": 0.23255813953488372,
        "recall": 0.12345679012345678,
        "f1-score": 0.16129032258064516,
        "support": 81.0
    },
    "7": {
        "precision": 0.0,
        "recall": 0.0,
        "f1-score": 0.0,
        "support": 81.0
    },
    "8": {
        "precision": 0.23469387755102042,
        "recall": 0.5679012345679012,
        "f1-score": 0.33212996389891697,
        "support": 81.0
    },
    "9": {
        "precision": 0.23809523809523808,
        "recall": 0.37037037037037035,
        "f1-score": 0.2898550724637681,
        "support": 81.0
    },
    "accuracy": 0.401920438957476,
    "macro avg": {
        "precision": 0.40604213608627693,
        "recall": 0.401920438957476,
        "f1-score": 0.3688983322363141,
        "support": 729.0
    },
    "weighted avg": {
        "precision": 0.40604213608627693,
        "recall": 0.401920438957476,
        "f1-score": 0.3688983322363141,
        "support": 729.0
    }
}