{
    "2": {
        "precision": 1.0,
        "recall": 0.08163265306122448,
        "f1-score": 0.1509433962264151,
        "support": 49.0
    },
    "3": {
        "precision": 0.0,
        "recall": 0.0,
        "f1-score": 0.0,
        "support": 49.0
    },
    "4": {
        "precision": 0.18081180811808117,
        "recall": 1.0,
        "f1-score": 0.30625,
        "support": 49.0
    },
    "5": {
        "precision": 0.0,
        "recall": 0.0,
        "f1-score": 0.0,
        "support": 49.0
    },
    "6": {
        "precision": 0.057692307692307696,
        "recall": 0.12244897959183673,
        "f1-score": 0.0784313725490196,
        "support": 49.0
    },
    "7": {
        "precision": 0.0,
        "recall": 0.0,
        "f1-score": 0.0,
        "support": 49.0
    },
    "8": {
        "precision": 0.125,
        "recall": 0.02040816326530612,
        "f1-score": 0.03508771929824561,
        "support": 49.0
    },
    "9": {
        "precision": 0.0,
        "recall": 0.0,
        "f1-score": 0.0,
        "support": 49.0
    },
    "accuracy": 0.15306122448979592,
    "macro avg": {
        "precision": 0.1704380144762986,
        "recall": 0.15306122448979592,
        "f1-score": 0.07133906100921003,
        "support": 392.0
    },
    "weighted avg": {
        "precision": 0.1704380144762986,
        "recall": 0.15306122448979592,
        "f1-score": 0.07133906100921004,
        "support": 392.0
    }
}