{
    "1": {
        "precision": 0.9968976215098242,
        "recall": 0.9917695473251029,
        "f1-score": 0.9943269726663229,
        "support": 1944.0
    },
    "2": {
        "precision": 0.8566644340254521,
        "recall": 0.6579218106995884,
        "f1-score": 0.7442537096304918,
        "support": 1944.0
    },
    "3": {
        "precision": 0.509453781512605,
        "recall": 0.7484567901234568,
        "f1-score": 0.60625,
        "support": 1944.0
    },
    "4": {
        "precision": 0.4594594594594595,
        "recall": 0.3497942386831276,
        "f1-score": 0.397196261682243,
        "support": 1944.0
    },
    "5": {
        "precision": 0.3875562218890555,
        "recall": 0.26594650205761317,
        "f1-score": 0.31543624161073824,
        "support": 1944.0
    },
    "6": {
        "precision": 0.2992299229922992,
        "recall": 0.13991769547325103,
        "f1-score": 0.19067648089730108,
        "support": 1944.0
    },
    "7": {
        "precision": 0.2982456140350877,
        "recall": 0.00874485596707819,
        "f1-score": 0.01699150424787606,
        "support": 1944.0
    },
    "8": {
        "precision": 0.23743016759776536,
        "recall": 0.5246913580246914,
        "f1-score": 0.3269230769230769,
        "support": 1944.0
    },
    "9": {
        "precision": 0.26172997127353975,
        "recall": 0.4218106995884774,
        "f1-score": 0.3230254087059287,
        "support": 1944.0
    },
    "micro avg": {
        "precision": 0.4566659044134461,
        "recall": 0.45656149977137633,
        "f1-score": 0.4566136961243855,
        "support": 17496.0
    },
    "macro avg": {
        "precision": 0.4785185771438987,
        "recall": 0.45656149977137633,
        "f1-score": 0.4350088507071087,
        "support": 17496.0
    },
    "weighted avg": {
        "precision": 0.47851857714389867,
        "recall": 0.45656149977137633,
        "f1-score": 0.43500885070710876,
        "support": 17496.0
    },
    "accuracy": 0.45656149977137633
}