{
    "2": {
        "precision": 1.0,
        "recall": 0.7551020408163265,
        "f1-score": 0.8604651162790697,
        "support": 49.0
    },
    "3": {
        "precision": 0.6666666666666666,
        "recall": 0.32653061224489793,
        "f1-score": 0.4383561643835616,
        "support": 49.0
    },
    "4": {
        "precision": 0.44871794871794873,
        "recall": 0.7142857142857143,
        "f1-score": 0.5511811023622047,
        "support": 49.0
    },
    "5": {
        "precision": 1.0,
        "recall": 0.04081632653061224,
        "f1-score": 0.0784313725490196,
        "support": 49.0
    },
    "6": {
        "precision": 0.29213483146067415,
        "recall": 0.5306122448979592,
        "f1-score": 0.37681159420289856,
        "support": 49.0
    },
    "7": {
        "precision": 0.0,
        "recall": 0.0,
        "f1-score": 0.0,
        "support": 49.0
    },
    "8": {
        "precision": 0.14285714285714285,
        "recall": 0.14285714285714285,
        "f1-score": 0.14285714285714285,
        "support": 49.0
    },
    "9": {
        "precision": 0.415929203539823,
        "recall": 0.9591836734693877,
        "f1-score": 0.5802469135802469,
        "support": 49.0
    },
    "accuracy": 0.4336734693877551,
    "macro avg": {
        "precision": 0.4957882241552819,
        "recall": 0.4336734693877551,
        "f1-score": 0.37854367577676806,
        "support": 392.0
    },
    "weighted avg": {
        "precision": 0.4957882241552819,
        "recall": 0.4336734693877551,
        "f1-score": 0.378543675776768,
        "support": 392.0
    }
}