{
    "2": {
        "precision": 1.0,
        "recall": 0.9591836734693877,
        "f1-score": 0.9791666666666666,
        "support": 49.0
    },
    "3": {
        "precision": 0.7419354838709677,
        "recall": 0.9387755102040817,
        "f1-score": 0.8288288288288288,
        "support": 49.0
    },
    "4": {
        "precision": 0.7872340425531915,
        "recall": 0.7551020408163265,
        "f1-score": 0.7708333333333334,
        "support": 49.0
    },
    "5": {
        "precision": 0.5384615384615384,
        "recall": 0.5714285714285714,
        "f1-score": 0.5544554455445545,
        "support": 49.0
    },
    "6": {
        "precision": 0.23076923076923078,
        "recall": 0.12244897959183673,
        "f1-score": 0.16,
        "support": 49.0
    },
    "7": {
        "precision": 0.3333333333333333,
        "recall": 0.02040816326530612,
        "f1-score": 0.038461538461538464,
        "support": 49.0
    },
    "8": {
        "precision": 0.26732673267326734,
        "recall": 0.5510204081632653,
        "f1-score": 0.36,
        "support": 49.0
    },
    "9": {
        "precision": 0.3148148148148148,
        "recall": 0.3469387755102041,
        "f1-score": 0.3300970873786408,
        "support": 49.0
    },
    "accuracy": 0.5331632653061225,
    "macro avg": {
        "precision": 0.5267343970595431,
        "recall": 0.5331632653061225,
        "f1-score": 0.5027303625266953,
        "support": 392.0
    },
    "weighted avg": {
        "precision": 0.526734397059543,
        "recall": 0.5331632653061225,
        "f1-score": 0.5027303625266953,
        "support": 392.0
    }
}