{
    "2": {
        "precision": 1.0,
        "recall": 0.4897959183673469,
        "f1-score": 0.6575342465753424,
        "support": 49.0
    },
    "3": {
        "precision": 0.07692307692307693,
        "recall": 0.04081632653061224,
        "f1-score": 0.05333333333333334,
        "support": 49.0
    },
    "4": {
        "precision": 0.38271604938271603,
        "recall": 0.6326530612244898,
        "f1-score": 0.47692307692307695,
        "support": 49.0
    },
    "5": {
        "precision": 0.0,
        "recall": 0.0,
        "f1-score": 0.0,
        "support": 49.0
    },
    "6": {
        "precision": 0.25925925925925924,
        "recall": 0.2857142857142857,
        "f1-score": 0.27184466019417475,
        "support": 49.0
    },
    "7": {
        "precision": 0.0,
        "recall": 0.0,
        "f1-score": 0.0,
        "support": 49.0
    },
    "8": {
        "precision": 0.2318840579710145,
        "recall": 0.9795918367346939,
        "f1-score": 0.375,
        "support": 49.0
    },
    "9": {
        "precision": 0.0,
        "recall": 0.0,
        "f1-score": 0.0,
        "support": 49.0
    },
    "accuracy": 0.30357142857142855,
    "macro avg": {
        "precision": 0.24384780544200832,
        "recall": 0.3035714285714286,
        "f1-score": 0.2293294146282409,
        "support": 392.0
    },
    "weighted avg": {
        "precision": 0.24384780544200832,
        "recall": 0.30357142857142855,
        "f1-score": 0.22932941462824094,
        "support": 392.0
    }
}