{
    "2": {
        "precision": 1.0,
        "recall": 1.0,
        "f1-score": 1.0,
        "support": 49.0
    },
    "3": {
        "precision": 0.98,
        "recall": 1.0,
        "f1-score": 0.98989898989899,
        "support": 49.0
    },
    "4": {
        "precision": 0.6153846153846154,
        "recall": 0.9795918367346939,
        "f1-score": 0.7559055118110236,
        "support": 49.0
    },
    "5": {
        "precision": 0.1743119266055046,
        "recall": 0.3877551020408163,
        "f1-score": 0.24050632911392406,
        "support": 49.0
    },
    "6": {
        "precision": 0.0,
        "recall": 0.0,
        "f1-score": 0.0,
        "support": 49.0
    },
    "7": {
        "precision": 0.018867924528301886,
        "recall": 0.02040816326530612,
        "f1-score": 0.0196078431372549,
        "support": 49.0
    },
    "8": {
        "precision": 0.08333333333333333,
        "recall": 0.02040816326530612,
        "f1-score": 0.03278688524590164,
        "support": 49.0
    },
    "9": {
        "precision": 1.0,
        "recall": 0.16326530612244897,
        "f1-score": 0.2807017543859649,
        "support": 49.0
    },
    "accuracy": 0.44642857142857145,
    "macro avg": {
        "precision": 0.4839872249814694,
        "recall": 0.4464285714285714,
        "f1-score": 0.4149259141991324,
        "support": 392.0
    },
    "weighted avg": {
        "precision": 0.4839872249814694,
        "recall": 0.44642857142857145,
        "f1-score": 0.41492591419913233,
        "support": 392.0
    }
}