{
    "1": {
        "precision": 1.0,
        "recall": 1.0,
        "f1-score": 1.0,
        "support": 81.0
    },
    "2": {
        "precision": 1.0,
        "recall": 0.6419753086419753,
        "f1-score": 0.7819548872180451,
        "support": 81.0
    },
    "3": {
        "precision": 0.6,
        "recall": 0.7407407407407407,
        "f1-score": 0.6629834254143646,
        "support": 81.0
    },
    "4": {
        "precision": 0.3888888888888889,
        "recall": 0.1728395061728395,
        "f1-score": 0.23931623931623933,
        "support": 81.0
    },
    "5": {
        "precision": 0.3904761904761905,
        "recall": 0.5061728395061729,
        "f1-score": 0.44086021505376344,
        "support": 81.0
    },
    "6": {
        "precision": 0.3235294117647059,
        "recall": 0.13580246913580246,
        "f1-score": 0.19130434782608696,
        "support": 81.0
    },
    "7": {
        "precision": 0.4,
        "recall": 0.024691358024691357,
        "f1-score": 0.046511627906976744,
        "support": 81.0
    },
    "8": {
        "precision": 0.2677165354330709,
        "recall": 0.41975308641975306,
        "f1-score": 0.3269230769230769,
        "support": 81.0
    },
    "9": {
        "precision": 0.25925925925925924,
        "recall": 0.6049382716049383,
        "f1-score": 0.362962962962963,
        "support": 81.0
    },
    "accuracy": 0.4718792866941015,
    "macro avg": {
        "precision": 0.5144300317580128,
        "recall": 0.47187928669410145,
        "f1-score": 0.4503129758468351,
        "support": 729.0
    },
    "weighted avg": {
        "precision": 0.5144300317580128,
        "recall": 0.4718792866941015,
        "f1-score": 0.4503129758468351,
        "support": 729.0
    }
}