{
    "1": {
        "precision": 1.0,
        "recall": 1.0,
        "f1-score": 1.0,
        "support": 81.0
    },
    "2": {
        "precision": 1.0,
        "recall": 0.9753086419753086,
        "f1-score": 0.9875,
        "support": 81.0
    },
    "3": {
        "precision": 0.9746835443037974,
        "recall": 0.9506172839506173,
        "f1-score": 0.9625,
        "support": 81.0
    },
    "4": {
        "precision": 0.9047619047619048,
        "recall": 0.9382716049382716,
        "f1-score": 0.9212121212121213,
        "support": 81.0
    },
    "5": {
        "precision": 0.7777777777777778,
        "recall": 0.9506172839506173,
        "f1-score": 0.8555555555555555,
        "support": 81.0
    },
    "6": {
        "precision": 0.7349397590361446,
        "recall": 0.7530864197530864,
        "f1-score": 0.7439024390243902,
        "support": 81.0
    },
    "7": {
        "precision": 0.6082474226804123,
        "recall": 0.7283950617283951,
        "f1-score": 0.6629213483146067,
        "support": 81.0
    },
    "8": {
        "precision": 0.47,
        "recall": 0.5802469135802469,
        "f1-score": 0.5193370165745856,
        "support": 81.0
    },
    "9": {
        "precision": 1.0,
        "recall": 0.3333333333333333,
        "f1-score": 0.5,
        "support": 81.0
    },
    "accuracy": 0.8010973936899863,
    "macro avg": {
        "precision": 0.8300456009511152,
        "recall": 0.8010973936899862,
        "f1-score": 0.7947698311868066,
        "support": 729.0
    },
    "weighted avg": {
        "precision": 0.8300456009511153,
        "recall": 0.8010973936899863,
        "f1-score": 0.7947698311868068,
        "support": 729.0
    }
}