{
    "1": {
        "precision": 0.043532338308457715,
        "recall": 0.1440329218106996,
        "f1-score": 0.06685768863419293,
        "support": 243.0
    },
    "2": {
        "precision": 0.3360323886639676,
        "recall": 0.34156378600823045,
        "f1-score": 0.33877551020408164,
        "support": 243.0
    },
    "3": {
        "precision": 0.21621621621621623,
        "recall": 0.1646090534979424,
        "f1-score": 0.18691588785046728,
        "support": 243.0
    },
    "4": {
        "precision": 0.3,
        "recall": 0.024691358024691357,
        "f1-score": 0.045627376425855515,
        "support": 243.0
    },
    "5": {
        "precision": 0.15813953488372093,
        "recall": 0.41975308641975306,
        "f1-score": 0.22972972972972974,
        "support": 243.0
    },
    "6": {
        "precision": 0.0,
        "recall": 0.0,
        "f1-score": 0.0,
        "support": 243.0
    },
    "7": {
        "precision": 0.15384615384615385,
        "recall": 0.00823045267489712,
        "f1-score": 0.015625,
        "support": 243.0
    },
    "8": {
        "precision": 0.3333333333333333,
        "recall": 0.012345679012345678,
        "f1-score": 0.023809523809523808,
        "support": 243.0
    },
    "9": {
        "precision": 0.36363636363636365,
        "recall": 0.3950617283950617,
        "f1-score": 0.378698224852071,
        "support": 243.0
    },
    "accuracy": 0.1678097850937357,
    "macro avg": {
        "precision": 0.21163736987646814,
        "recall": 0.1678097850937357,
        "f1-score": 0.14289321572288022,
        "support": 2187.0
    },
    "weighted avg": {
        "precision": 0.21163736987646814,
        "recall": 0.1678097850937357,
        "f1-score": 0.14289321572288022,
        "support": 2187.0
    }
}