{
    "1": {
        "precision": 0.9918032786885246,
        "recall": 0.9958847736625515,
        "f1-score": 0.9938398357289527,
        "support": 243.0
    },
    "2": {
        "precision": 0.6292428198433421,
        "recall": 0.9917695473251029,
        "f1-score": 0.7699680511182109,
        "support": 243.0
    },
    "3": {
        "precision": 0.9809523809523809,
        "recall": 0.42386831275720166,
        "f1-score": 0.5919540229885057,
        "support": 243.0
    },
    "4": {
        "precision": 0.7727272727272727,
        "recall": 0.06995884773662552,
        "f1-score": 0.12830188679245283,
        "support": 243.0
    },
    "5": {
        "precision": 0.3475609756097561,
        "recall": 0.2345679012345679,
        "f1-score": 0.2800982800982801,
        "support": 243.0
    },
    "6": {
        "precision": 0.2387295081967213,
        "recall": 0.9588477366255144,
        "f1-score": 0.3822805578342904,
        "support": 243.0
    },
    "7": {
        "precision": 0.2807017543859649,
        "recall": 0.06584362139917696,
        "f1-score": 0.10666666666666667,
        "support": 243.0
    },
    "8": {
        "precision": 0.0,
        "recall": 0.0,
        "f1-score": 0.0,
        "support": 243.0
    },
    "9": {
        "precision": 0.7198275862068966,
        "recall": 0.6872427983539094,
        "f1-score": 0.7031578947368421,
        "support": 243.0
    },
    "accuracy": 0.4919981710105167,
    "macro avg": {
        "precision": 0.551282841845651,
        "recall": 0.4919981710105167,
        "f1-score": 0.4395852439960224,
        "support": 2187.0
    },
    "weighted avg": {
        "precision": 0.551282841845651,
        "recall": 0.4919981710105167,
        "f1-score": 0.43958524399602233,
        "support": 2187.0
    }
}