{
    "1": {
        "precision": 1.0,
        "recall": 0.2839506172839506,
        "f1-score": 0.4423076923076923,
        "support": 81.0
    },
    "2": {
        "precision": 0.2564102564102564,
        "recall": 0.24691358024691357,
        "f1-score": 0.25157232704402516,
        "support": 81.0
    },
    "3": {
        "precision": 0.2916666666666667,
        "recall": 0.25925925925925924,
        "f1-score": 0.27450980392156865,
        "support": 81.0
    },
    "4": {
        "precision": 0.5476190476190477,
        "recall": 0.2839506172839506,
        "f1-score": 0.37398373983739835,
        "support": 81.0
    },
    "5": {
        "precision": 0.3013698630136986,
        "recall": 0.2716049382716049,
        "f1-score": 0.2857142857142857,
        "support": 81.0
    },
    "6": {
        "precision": 0.3956043956043956,
        "recall": 0.4444444444444444,
        "f1-score": 0.4186046511627907,
        "support": 81.0
    },
    "7": {
        "precision": 0.42105263157894735,
        "recall": 0.2962962962962963,
        "f1-score": 0.34782608695652173,
        "support": 81.0
    },
    "8": {
        "precision": 0.25757575757575757,
        "recall": 0.41975308641975306,
        "f1-score": 0.3192488262910798,
        "support": 81.0
    },
    "9": {
        "precision": 0.4090909090909091,
        "recall": 0.3333333333333333,
        "f1-score": 0.3673469387755102,
        "support": 81.0
    },
    "micro avg": {
        "precision": 0.3627760252365931,
        "recall": 0.31550068587105623,
        "f1-score": 0.3374908290535583,
        "support": 729.0
    },
    "macro avg": {
        "precision": 0.43115439195107547,
        "recall": 0.31550068587105623,
        "f1-score": 0.34234603911231914,
        "support": 729.0
    },
    "weighted avg": {
        "precision": 0.43115439195107547,
        "recall": 0.31550068587105623,
        "f1-score": 0.34234603911231914,
        "support": 729.0
    },
    "accuracy": 0.31550068587105623
}