{
    "1": {
        "precision": 0.13602941176470587,
        "recall": 0.4567901234567901,
        "f1-score": 0.2096317280453258,
        "support": 81.0
    },
    "2": {
        "precision": 0.11764705882352941,
        "recall": 0.07407407407407407,
        "f1-score": 0.09090909090909091,
        "support": 81.0
    },
    "3": {
        "precision": 0.18181818181818182,
        "recall": 0.09876543209876543,
        "f1-score": 0.128,
        "support": 81.0
    },
    "4": {
        "precision": 0.3090909090909091,
        "recall": 0.20987654320987653,
        "f1-score": 0.25,
        "support": 81.0
    },
    "5": {
        "precision": 0.3157894736842105,
        "recall": 0.07407407407407407,
        "f1-score": 0.12,
        "support": 81.0
    },
    "6": {
        "precision": 0.30303030303030304,
        "recall": 0.12345679012345678,
        "f1-score": 0.17543859649122806,
        "support": 81.0
    },
    "7": {
        "precision": 0.4,
        "recall": 0.12345679012345678,
        "f1-score": 0.18867924528301888,
        "support": 81.0
    },
    "8": {
        "precision": 0.20652173913043478,
        "recall": 0.2345679012345679,
        "f1-score": 0.21965317919075145,
        "support": 81.0
    },
    "9": {
        "precision": 0.427536231884058,
        "recall": 0.7283950617283951,
        "f1-score": 0.5388127853881278,
        "support": 81.0
    },
    "accuracy": 0.23593964334705075,
    "macro avg": {
        "precision": 0.2663848121362592,
        "recall": 0.23593964334705075,
        "f1-score": 0.2134582917008381,
        "support": 729.0
    },
    "weighted avg": {
        "precision": 0.2663848121362592,
        "recall": 0.23593964334705075,
        "f1-score": 0.21345829170083808,
        "support": 729.0
    }
}