{
    "1": {
        "precision": 0.975609756097561,
        "recall": 0.9876543209876543,
        "f1-score": 0.9815950920245399,
        "support": 81.0
    },
    "2": {
        "precision": 1.0,
        "recall": 0.9506172839506173,
        "f1-score": 0.9746835443037974,
        "support": 81.0
    },
    "3": {
        "precision": 0.8850574712643678,
        "recall": 0.9506172839506173,
        "f1-score": 0.9166666666666666,
        "support": 81.0
    },
    "4": {
        "precision": 0.8902439024390244,
        "recall": 0.9012345679012346,
        "f1-score": 0.8957055214723927,
        "support": 81.0
    },
    "5": {
        "precision": 0.7717391304347826,
        "recall": 0.8765432098765432,
        "f1-score": 0.8208092485549133,
        "support": 81.0
    },
    "6": {
        "precision": 0.8333333333333334,
        "recall": 0.5555555555555556,
        "f1-score": 0.6666666666666666,
        "support": 81.0
    },
    "7": {
        "precision": 0.48026315789473684,
        "recall": 0.9012345679012346,
        "f1-score": 0.6266094420600858,
        "support": 81.0
    },
    "8": {
        "precision": 0.30952380952380953,
        "recall": 0.16049382716049382,
        "f1-score": 0.21138211382113822,
        "support": 81.0
    },
    "9": {
        "precision": 0.7377049180327869,
        "recall": 0.5555555555555556,
        "f1-score": 0.6338028169014085,
        "support": 81.0
    },
    "accuracy": 0.7599451303155007,
    "macro avg": {
        "precision": 0.7648306087800447,
        "recall": 0.7599451303155007,
        "f1-score": 0.7475467902746232,
        "support": 729.0
    },
    "weighted avg": {
        "precision": 0.7648306087800446,
        "recall": 0.7599451303155007,
        "f1-score": 0.7475467902746232,
        "support": 729.0
    }
}