{
    "1": {
        "precision": 0.8181818181818182,
        "recall": 0.07407407407407407,
        "f1-score": 0.13584905660377358,
        "support": 243.0
    },
    "2": {
        "precision": 0.0,
        "recall": 0.0,
        "f1-score": 0.0,
        "support": 243.0
    },
    "3": {
        "precision": 0.0,
        "recall": 0.0,
        "f1-score": 0.0,
        "support": 243.0
    },
    "4": {
        "precision": 0.0,
        "recall": 0.0,
        "f1-score": 0.0,
        "support": 243.0
    },
    "5": {
        "precision": 0.10738255033557047,
        "recall": 0.3292181069958848,
        "f1-score": 0.16194331983805668,
        "support": 243.0
    },
    "6": {
        "precision": 0.14838709677419354,
        "recall": 0.09465020576131687,
        "f1-score": 0.11557788944723618,
        "support": 243.0
    },
    "7": {
        "precision": 0.03102189781021898,
        "recall": 0.06995884773662552,
        "f1-score": 0.04298356510745891,
        "support": 243.0
    },
    "8": {
        "precision": 0.22707423580786026,
        "recall": 0.2139917695473251,
        "f1-score": 0.22033898305084745,
        "support": 243.0
    },
    "9": {
        "precision": 0.294238683127572,
        "recall": 0.588477366255144,
        "f1-score": 0.39231824417009603,
        "support": 243.0
    },
    "accuracy": 0.1522633744855967,
    "macro avg": {
        "precision": 0.18069847578191486,
        "recall": 0.15226337448559668,
        "f1-score": 0.11877900646860765,
        "support": 2187.0
    },
    "weighted avg": {
        "precision": 0.18069847578191484,
        "recall": 0.1522633744855967,
        "f1-score": 0.11877900646860766,
        "support": 2187.0
    }
}