{
    "1": {
        "precision": 1.0,
        "recall": 1.0,
        "f1-score": 1.0,
        "support": 81.0
    },
    "2": {
        "precision": 1.0,
        "recall": 0.7654320987654321,
        "f1-score": 0.8671328671328671,
        "support": 81.0
    },
    "3": {
        "precision": 0.6481481481481481,
        "recall": 0.43209876543209874,
        "f1-score": 0.5185185185185185,
        "support": 81.0
    },
    "4": {
        "precision": 0.4125,
        "recall": 0.4074074074074074,
        "f1-score": 0.40993788819875776,
        "support": 81.0
    },
    "5": {
        "precision": 0.43478260869565216,
        "recall": 0.49382716049382713,
        "f1-score": 0.4624277456647399,
        "support": 81.0
    },
    "6": {
        "precision": 0.3333333333333333,
        "recall": 0.2839506172839506,
        "f1-score": 0.30666666666666664,
        "support": 81.0
    },
    "7": {
        "precision": 0.34146341463414637,
        "recall": 0.345679012345679,
        "f1-score": 0.34355828220858897,
        "support": 81.0
    },
    "8": {
        "precision": 0.36585365853658536,
        "recall": 0.37037037037037035,
        "f1-score": 0.36809815950920244,
        "support": 81.0
    },
    "9": {
        "precision": 0.4864864864864865,
        "recall": 0.4444444444444444,
        "f1-score": 0.4645161290322581,
        "support": 81.0
    },
    "micro avg": {
        "precision": 0.5443786982248521,
        "recall": 0.50480109739369,
        "f1-score": 0.5238434163701068,
        "support": 729.0
    },
    "macro avg": {
        "precision": 0.5580630722038169,
        "recall": 0.5048010973936901,
        "f1-score": 0.5267618063257333,
        "support": 729.0
    },
    "weighted avg": {
        "precision": 0.5580630722038169,
        "recall": 0.50480109739369,
        "f1-score": 0.5267618063257332,
        "support": 729.0
    },
    "accuracy": 0.50480109739369
}