{
    "1": {
        "precision": 1.0,
        "recall": 1.0,
        "f1-score": 1.0,
        "support": 243.0
    },
    "2": {
        "precision": 1.0,
        "recall": 0.831275720164609,
        "f1-score": 0.9078651685393259,
        "support": 243.0
    },
    "3": {
        "precision": 0.8052434456928839,
        "recall": 0.8847736625514403,
        "f1-score": 0.8431372549019608,
        "support": 243.0
    },
    "4": {
        "precision": 0.7837837837837838,
        "recall": 0.7160493827160493,
        "f1-score": 0.7483870967741936,
        "support": 243.0
    },
    "5": {
        "precision": 0.594059405940594,
        "recall": 0.7407407407407407,
        "f1-score": 0.6593406593406593,
        "support": 243.0
    },
    "6": {
        "precision": 0.37684210526315787,
        "recall": 0.7366255144032922,
        "f1-score": 0.4986072423398329,
        "support": 243.0
    },
    "7": {
        "precision": 0.17027027027027028,
        "recall": 0.25925925925925924,
        "f1-score": 0.20554649265905384,
        "support": 243.0
    },
    "8": {
        "precision": 0.2891566265060241,
        "recall": 0.09876543209876543,
        "f1-score": 0.147239263803681,
        "support": 243.0
    },
    "9": {
        "precision": 0.9090909090909091,
        "recall": 0.0823045267489712,
        "f1-score": 0.1509433962264151,
        "support": 243.0
    },
    "accuracy": 0.594421582075903,
    "macro avg": {
        "precision": 0.6587162829497359,
        "recall": 0.5944215820759031,
        "f1-score": 0.5734518416205692,
        "support": 2187.0
    },
    "weighted avg": {
        "precision": 0.6587162829497359,
        "recall": 0.594421582075903,
        "f1-score": 0.5734518416205691,
        "support": 2187.0
    }
}