{
    "2": {
        "precision": 1.0,
        "recall": 1.0,
        "f1-score": 1.0,
        "support": 49.0
    },
    "3": {
        "precision": 0.7230769230769231,
        "recall": 0.9591836734693877,
        "f1-score": 0.8245614035087719,
        "support": 49.0
    },
    "4": {
        "precision": 0.8857142857142857,
        "recall": 0.6326530612244898,
        "f1-score": 0.7380952380952381,
        "support": 49.0
    },
    "5": {
        "precision": 1.0,
        "recall": 0.7755102040816326,
        "f1-score": 0.8735632183908046,
        "support": 49.0
    },
    "6": {
        "precision": 0.8048780487804879,
        "recall": 0.673469387755102,
        "f1-score": 0.7333333333333333,
        "support": 49.0
    },
    "7": {
        "precision": 0.65,
        "recall": 0.2653061224489796,
        "f1-score": 0.37681159420289856,
        "support": 49.0
    },
    "8": {
        "precision": 0.2777777777777778,
        "recall": 0.30612244897959184,
        "f1-score": 0.2912621359223301,
        "support": 49.0
    },
    "9": {
        "precision": 0.43333333333333335,
        "recall": 0.7959183673469388,
        "f1-score": 0.5611510791366906,
        "support": 49.0
    },
    "accuracy": 0.6760204081632653,
    "macro avg": {
        "precision": 0.7218475460853511,
        "recall": 0.6760204081632653,
        "f1-score": 0.6748472503237584,
        "support": 392.0
    },
    "weighted avg": {
        "precision": 0.7218475460853511,
        "recall": 0.6760204081632653,
        "f1-score": 0.6748472503237584,
        "support": 392.0
    }
}