{
    "2": {
        "precision": 1.0,
        "recall": 0.9591836734693877,
        "f1-score": 0.9791666666666666,
        "support": 49.0
    },
    "3": {
        "precision": 0.9487179487179487,
        "recall": 0.7551020408163265,
        "f1-score": 0.8409090909090909,
        "support": 49.0
    },
    "4": {
        "precision": 0.8,
        "recall": 0.8979591836734694,
        "f1-score": 0.8461538461538461,
        "support": 49.0
    },
    "5": {
        "precision": 0.875,
        "recall": 0.7142857142857143,
        "f1-score": 0.7865168539325843,
        "support": 49.0
    },
    "6": {
        "precision": 0.5609756097560976,
        "recall": 0.9387755102040817,
        "f1-score": 0.7022900763358778,
        "support": 49.0
    },
    "7": {
        "precision": 0.7272727272727273,
        "recall": 0.16326530612244897,
        "f1-score": 0.26666666666666666,
        "support": 49.0
    },
    "8": {
        "precision": 0.5172413793103449,
        "recall": 0.30612244897959184,
        "f1-score": 0.38461538461538464,
        "support": 49.0
    },
    "9": {
        "precision": 0.4606741573033708,
        "recall": 0.8367346938775511,
        "f1-score": 0.5942028985507246,
        "support": 49.0
    },
    "accuracy": 0.6964285714285714,
    "macro avg": {
        "precision": 0.7362352277950612,
        "recall": 0.6964285714285714,
        "f1-score": 0.6750651854788552,
        "support": 392.0
    },
    "weighted avg": {
        "precision": 0.7362352277950611,
        "recall": 0.6964285714285714,
        "f1-score": 0.6750651854788553,
        "support": 392.0
    }
}