{
    "1": {
        "precision": 1.0,
        "recall": 0.7983539094650206,
        "f1-score": 0.8878718535469108,
        "support": 243.0
    },
    "2": {
        "precision": 0.8178694158075601,
        "recall": 0.9794238683127572,
        "f1-score": 0.8913857677902621,
        "support": 243.0
    },
    "3": {
        "precision": 0.8597122302158273,
        "recall": 0.9835390946502057,
        "f1-score": 0.9174664107485605,
        "support": 243.0
    },
    "4": {
        "precision": 0.9658536585365853,
        "recall": 0.8148148148148148,
        "f1-score": 0.8839285714285714,
        "support": 243.0
    },
    "5": {
        "precision": 0.9285714285714286,
        "recall": 0.5349794238683128,
        "f1-score": 0.6788511749347258,
        "support": 243.0
    },
    "6": {
        "precision": 0.4351851851851852,
        "recall": 0.9670781893004116,
        "f1-score": 0.6002554278416348,
        "support": 243.0
    },
    "7": {
        "precision": 0.3670886075949367,
        "recall": 0.35802469135802467,
        "f1-score": 0.3625,
        "support": 243.0
    },
    "8": {
        "precision": 0.39473684210526316,
        "recall": 0.18518518518518517,
        "f1-score": 0.25210084033613445,
        "support": 243.0
    },
    "9": {
        "precision": 0.7287234042553191,
        "recall": 0.5637860082304527,
        "f1-score": 0.6357308584686775,
        "support": 243.0
    },
    "accuracy": 0.6872427983539094,
    "macro avg": {
        "precision": 0.7219711969191229,
        "recall": 0.6872427983539094,
        "f1-score": 0.678898989455053,
        "support": 2187.0
    },
    "weighted avg": {
        "precision": 0.7219711969191229,
        "recall": 0.6872427983539094,
        "f1-score": 0.678898989455053,
        "support": 2187.0
    }
}