{
    "1": {
        "precision": 1.0,
        "recall": 1.0,
        "f1-score": 1.0,
        "support": 81.0
    },
    "2": {
        "precision": 0.9878048780487805,
        "recall": 1.0,
        "f1-score": 0.9938650306748467,
        "support": 81.0
    },
    "3": {
        "precision": 0.8901098901098901,
        "recall": 1.0,
        "f1-score": 0.9418604651162791,
        "support": 81.0
    },
    "4": {
        "precision": 0.958904109589041,
        "recall": 0.8641975308641975,
        "f1-score": 0.9090909090909091,
        "support": 81.0
    },
    "5": {
        "precision": 0.9672131147540983,
        "recall": 0.7283950617283951,
        "f1-score": 0.8309859154929577,
        "support": 81.0
    },
    "6": {
        "precision": 0.541095890410959,
        "recall": 0.9753086419753086,
        "f1-score": 0.6960352422907489,
        "support": 81.0
    },
    "7": {
        "precision": 0.43902439024390244,
        "recall": 0.4444444444444444,
        "f1-score": 0.44171779141104295,
        "support": 81.0
    },
    "8": {
        "precision": 0.4230769230769231,
        "recall": 0.13580246913580246,
        "f1-score": 0.205607476635514,
        "support": 81.0
    },
    "9": {
        "precision": 0.6896551724137931,
        "recall": 0.7407407407407407,
        "f1-score": 0.7142857142857143,
        "support": 81.0
    },
    "accuracy": 0.7654320987654321,
    "macro avg": {
        "precision": 0.7663204854052653,
        "recall": 0.7654320987654321,
        "f1-score": 0.7481609494442236,
        "support": 729.0
    },
    "weighted avg": {
        "precision": 0.7663204854052653,
        "recall": 0.7654320987654321,
        "f1-score": 0.7481609494442236,
        "support": 729.0
    }
}