{
    "2": {
        "precision": 1.0,
        "recall": 1.0,
        "f1-score": 1.0,
        "support": 49.0
    },
    "3": {
        "precision": 0.9423076923076923,
        "recall": 1.0,
        "f1-score": 0.9702970297029703,
        "support": 49.0
    },
    "4": {
        "precision": 0.92,
        "recall": 0.9387755102040817,
        "f1-score": 0.9292929292929293,
        "support": 49.0
    },
    "5": {
        "precision": 0.926829268292683,
        "recall": 0.7755102040816326,
        "f1-score": 0.8444444444444444,
        "support": 49.0
    },
    "6": {
        "precision": 0.7540983606557377,
        "recall": 0.9387755102040817,
        "f1-score": 0.8363636363636363,
        "support": 49.0
    },
    "7": {
        "precision": 0.9166666666666666,
        "recall": 0.673469387755102,
        "f1-score": 0.7764705882352941,
        "support": 49.0
    },
    "8": {
        "precision": 0.5522388059701493,
        "recall": 0.7551020408163265,
        "f1-score": 0.6379310344827587,
        "support": 49.0
    },
    "9": {
        "precision": 0.75,
        "recall": 0.5510204081632653,
        "f1-score": 0.6352941176470588,
        "support": 49.0
    },
    "accuracy": 0.8290816326530612,
    "macro avg": {
        "precision": 0.8452675992366161,
        "recall": 0.8290816326530612,
        "f1-score": 0.8287617225211366,
        "support": 392.0
    },
    "weighted avg": {
        "precision": 0.8452675992366161,
        "recall": 0.8290816326530612,
        "f1-score": 0.8287617225211364,
        "support": 392.0
    }
}