{
    "1": {
        "precision": 0.05750431282346176,
        "recall": 0.411522633744856,
        "f1-score": 0.10090817356205853,
        "support": 243.0
    },
    "2": {
        "precision": 0.0,
        "recall": 0.0,
        "f1-score": 0.0,
        "support": 243.0
    },
    "3": {
        "precision": 0.0,
        "recall": 0.0,
        "f1-score": 0.0,
        "support": 243.0
    },
    "4": {
        "precision": 0.0,
        "recall": 0.0,
        "f1-score": 0.0,
        "support": 243.0
    },
    "5": {
        "precision": 0.0,
        "recall": 0.0,
        "f1-score": 0.0,
        "support": 243.0
    },
    "6": {
        "precision": 0.0,
        "recall": 0.0,
        "f1-score": 0.0,
        "support": 243.0
    },
    "7": {
        "precision": 0.016611295681063124,
        "recall": 0.0205761316872428,
        "f1-score": 0.01838235294117647,
        "support": 243.0
    },
    "8": {
        "precision": 0.0,
        "recall": 0.0,
        "f1-score": 0.0,
        "support": 243.0
    },
    "9": {
        "precision": 0.09090909090909091,
        "recall": 0.00411522633744856,
        "f1-score": 0.007874015748031496,
        "support": 243.0
    },
    "accuracy": 0.04846822130772748,
    "macro avg": {
        "precision": 0.01833607771262398,
        "recall": 0.04846822130772748,
        "f1-score": 0.014129393583474056,
        "support": 2187.0
    },
    "weighted avg": {
        "precision": 0.018336077712623976,
        "recall": 0.04846822130772748,
        "f1-score": 0.014129393583474056,
        "support": 2187.0
    }
}