{
    "2": {
        "precision": 1.0,
        "recall": 0.9387755102040817,
        "f1-score": 0.968421052631579,
        "support": 49.0
    },
    "3": {
        "precision": 1.0,
        "recall": 0.9183673469387755,
        "f1-score": 0.9574468085106383,
        "support": 49.0
    },
    "4": {
        "precision": 0.7692307692307693,
        "recall": 0.8163265306122449,
        "f1-score": 0.7920792079207921,
        "support": 49.0
    },
    "5": {
        "precision": 0.6458333333333334,
        "recall": 0.6326530612244898,
        "f1-score": 0.6391752577319587,
        "support": 49.0
    },
    "6": {
        "precision": 0.39344262295081966,
        "recall": 0.4897959183673469,
        "f1-score": 0.43636363636363634,
        "support": 49.0
    },
    "7": {
        "precision": 0.4393939393939394,
        "recall": 0.5918367346938775,
        "f1-score": 0.5043478260869565,
        "support": 49.0
    },
    "8": {
        "precision": 0.25396825396825395,
        "recall": 0.32653061224489793,
        "f1-score": 0.2857142857142857,
        "support": 49.0
    },
    "9": {
        "precision": 0.8181818181818182,
        "recall": 0.1836734693877551,
        "f1-score": 0.3,
        "support": 49.0
    },
    "accuracy": 0.6122448979591837,
    "macro avg": {
        "precision": 0.6650063421323668,
        "recall": 0.6122448979591837,
        "f1-score": 0.6104435093699808,
        "support": 392.0
    },
    "weighted avg": {
        "precision": 0.6650063421323666,
        "recall": 0.6122448979591837,
        "f1-score": 0.6104435093699809,
        "support": 392.0
    }
}