{
    "2": {
        "precision": 0.48863636363636365,
        "recall": 0.8775510204081632,
        "f1-score": 0.6277372262773723,
        "support": 49.0
    },
    "3": {
        "precision": 0.76,
        "recall": 0.3877551020408163,
        "f1-score": 0.5135135135135135,
        "support": 49.0
    },
    "4": {
        "precision": 0.2,
        "recall": 0.061224489795918366,
        "f1-score": 0.09375,
        "support": 49.0
    },
    "5": {
        "precision": 0.3069306930693069,
        "recall": 0.6326530612244898,
        "f1-score": 0.41333333333333333,
        "support": 49.0
    },
    "6": {
        "precision": 0.38461538461538464,
        "recall": 0.20408163265306123,
        "f1-score": 0.26666666666666666,
        "support": 49.0
    },
    "7": {
        "precision": 0.0,
        "recall": 0.0,
        "f1-score": 0.0,
        "support": 49.0
    },
    "8": {
        "precision": 0.0,
        "recall": 0.0,
        "f1-score": 0.0,
        "support": 49.0
    },
    "9": {
        "precision": 0.35036496350364965,
        "recall": 0.9795918367346939,
        "f1-score": 0.5161290322580645,
        "support": 49.0
    },
    "accuracy": 0.39285714285714285,
    "macro avg": {
        "precision": 0.3113184256030881,
        "recall": 0.39285714285714285,
        "f1-score": 0.3038912215061188,
        "support": 392.0
    },
    "weighted avg": {
        "precision": 0.3113184256030881,
        "recall": 0.39285714285714285,
        "f1-score": 0.3038912215061188,
        "support": 392.0
    }
}