{
    "1": {
        "precision": 0.8,
        "recall": 0.01646090534979424,
        "f1-score": 0.03225806451612903,
        "support": 243.0
    },
    "2": {
        "precision": 0.0,
        "recall": 0.0,
        "f1-score": 0.0,
        "support": 243.0
    },
    "3": {
        "precision": 0.0,
        "recall": 0.0,
        "f1-score": 0.0,
        "support": 243.0
    },
    "4": {
        "precision": 0.0,
        "recall": 0.0,
        "f1-score": 0.0,
        "support": 243.0
    },
    "5": {
        "precision": 0.11643835616438356,
        "recall": 0.06995884773662552,
        "f1-score": 0.08740359897172237,
        "support": 243.0
    },
    "6": {
        "precision": 0.07186358099878197,
        "recall": 0.24279835390946503,
        "f1-score": 0.11090225563909774,
        "support": 243.0
    },
    "7": {
        "precision": 0.058823529411764705,
        "recall": 0.037037037037037035,
        "f1-score": 0.045454545454545456,
        "support": 243.0
    },
    "8": {
        "precision": 0.0,
        "recall": 0.0,
        "f1-score": 0.0,
        "support": 243.0
    },
    "9": {
        "precision": 0.2184557438794727,
        "recall": 0.9547325102880658,
        "f1-score": 0.35555555555555557,
        "support": 243.0
    },
    "accuracy": 0.1467764060356653,
    "macro avg": {
        "precision": 0.14062013449493369,
        "recall": 0.1467764060356653,
        "f1-score": 0.0701748911263389,
        "support": 2187.0
    },
    "weighted avg": {
        "precision": 0.14062013449493366,
        "recall": 0.1467764060356653,
        "f1-score": 0.07017489112633891,
        "support": 2187.0
    }
}