{
    "1": {
        "precision": 1.0,
        "recall": 1.0,
        "f1-score": 1.0,
        "support": 1944.0
    },
    "2": {
        "precision": 1.0,
        "recall": 1.0,
        "f1-score": 1.0,
        "support": 1944.0
    },
    "3": {
        "precision": 0.9994853319608852,
        "recall": 0.9989711934156379,
        "f1-score": 0.9992281965526113,
        "support": 1944.0
    },
    "4": {
        "precision": 0.9953464322647363,
        "recall": 0.9902263374485597,
        "f1-score": 0.9927797833935018,
        "support": 1944.0
    },
    "5": {
        "precision": 0.935948361469712,
        "recall": 0.9696502057613169,
        "f1-score": 0.9525012632642749,
        "support": 1944.0
    },
    "6": {
        "precision": 0.8166894664842681,
        "recall": 0.9212962962962963,
        "f1-score": 0.8658448150833937,
        "support": 1944.0
    },
    "7": {
        "precision": 0.7655555555555555,
        "recall": 0.7088477366255144,
        "f1-score": 0.7361111111111112,
        "support": 1944.0
    },
    "8": {
        "precision": 0.6961678832116789,
        "recall": 0.3924897119341564,
        "f1-score": 0.5019736842105263,
        "support": 1944.0
    },
    "9": {
        "precision": 0.46878824969400246,
        "recall": 0.1970164609053498,
        "f1-score": 0.2774357116986599,
        "support": 1944.0
    },
    "micro avg": {
        "precision": 0.889703538412496,
        "recall": 0.7976108824874257,
        "f1-score": 0.8411440282089148,
        "support": 17496.0
    },
    "macro avg": {
        "precision": 0.8531090311823153,
        "recall": 0.7976108824874257,
        "f1-score": 0.8139860628126754,
        "support": 17496.0
    },
    "weighted avg": {
        "precision": 0.8531090311823154,
        "recall": 0.7976108824874257,
        "f1-score": 0.8139860628126755,
        "support": 17496.0
    },
    "accuracy": 0.7976108824874257
}