{
    "1": {
        "precision": 1.0,
        "recall": 1.0,
        "f1-score": 1.0,
        "support": 81.0
    },
    "2": {
        "precision": 1.0,
        "recall": 0.7160493827160493,
        "f1-score": 0.8345323741007195,
        "support": 81.0
    },
    "3": {
        "precision": 0.7088607594936709,
        "recall": 0.691358024691358,
        "f1-score": 0.7,
        "support": 81.0
    },
    "4": {
        "precision": 0.576271186440678,
        "recall": 0.41975308641975306,
        "f1-score": 0.4857142857142857,
        "support": 81.0
    },
    "5": {
        "precision": 0.41975308641975306,
        "recall": 0.41975308641975306,
        "f1-score": 0.41975308641975306,
        "support": 81.0
    },
    "6": {
        "precision": 0.2,
        "recall": 0.1111111111111111,
        "f1-score": 0.14285714285714285,
        "support": 81.0
    },
    "7": {
        "precision": 0.3673469387755102,
        "recall": 0.6666666666666666,
        "f1-score": 0.47368421052631576,
        "support": 81.0
    },
    "8": {
        "precision": 0.43283582089552236,
        "recall": 0.35802469135802467,
        "f1-score": 0.3918918918918919,
        "support": 81.0
    },
    "9": {
        "precision": 0.5818181818181818,
        "recall": 0.7901234567901234,
        "f1-score": 0.6701570680628273,
        "support": 81.0
    },
    "micro avg": {
        "precision": 0.5763411279229711,
        "recall": 0.5747599451303155,
        "f1-score": 0.5755494505494505,
        "support": 729.0
    },
    "macro avg": {
        "precision": 0.5874317748714797,
        "recall": 0.5747599451303155,
        "f1-score": 0.5687322288414374,
        "support": 729.0
    },
    "weighted avg": {
        "precision": 0.5874317748714796,
        "recall": 0.5747599451303155,
        "f1-score": 0.5687322288414374,
        "support": 729.0
    },
    "accuracy": 0.5747599451303155
}