{
    "2": {
        "precision": 1.0,
        "recall": 0.9795918367346939,
        "f1-score": 0.9896907216494846,
        "support": 49.0
    },
    "3": {
        "precision": 0.9782608695652174,
        "recall": 0.9183673469387755,
        "f1-score": 0.9473684210526315,
        "support": 49.0
    },
    "4": {
        "precision": 0.8979591836734694,
        "recall": 0.8979591836734694,
        "f1-score": 0.8979591836734694,
        "support": 49.0
    },
    "5": {
        "precision": 0.7222222222222222,
        "recall": 0.7959183673469388,
        "f1-score": 0.7572815533980582,
        "support": 49.0
    },
    "6": {
        "precision": 0.71875,
        "recall": 0.46938775510204084,
        "f1-score": 0.5679012345679012,
        "support": 49.0
    },
    "7": {
        "precision": 0.5,
        "recall": 0.7142857142857143,
        "f1-score": 0.5882352941176471,
        "support": 49.0
    },
    "8": {
        "precision": 0.4909090909090909,
        "recall": 0.5510204081632653,
        "f1-score": 0.5192307692307693,
        "support": 49.0
    },
    "9": {
        "precision": 0.8421052631578947,
        "recall": 0.6530612244897959,
        "f1-score": 0.735632183908046,
        "support": 49.0
    },
    "accuracy": 0.7474489795918368,
    "macro avg": {
        "precision": 0.7687758286909868,
        "recall": 0.7474489795918366,
        "f1-score": 0.7504124201997509,
        "support": 392.0
    },
    "weighted avg": {
        "precision": 0.7687758286909868,
        "recall": 0.7474489795918368,
        "f1-score": 0.7504124201997509,
        "support": 392.0
    }
}