{
    "1": {
        "precision": 0.9676113360323887,
        "recall": 0.9835390946502057,
        "f1-score": 0.9755102040816327,
        "support": 243.0
    },
    "2": {
        "precision": 0.7222222222222222,
        "recall": 0.8559670781893004,
        "f1-score": 0.783427495291902,
        "support": 243.0
    },
    "3": {
        "precision": 0.4725274725274725,
        "recall": 0.35390946502057613,
        "f1-score": 0.4047058823529412,
        "support": 243.0
    },
    "4": {
        "precision": 0.25806451612903225,
        "recall": 0.1646090534979424,
        "f1-score": 0.20100502512562815,
        "support": 243.0
    },
    "5": {
        "precision": 0.23376623376623376,
        "recall": 0.07407407407407407,
        "f1-score": 0.1125,
        "support": 243.0
    },
    "6": {
        "precision": 0.11290322580645161,
        "recall": 0.08641975308641975,
        "f1-score": 0.0979020979020979,
        "support": 243.0
    },
    "7": {
        "precision": 0.14285714285714285,
        "recall": 0.00823045267489712,
        "f1-score": 0.01556420233463035,
        "support": 243.0
    },
    "8": {
        "precision": 0.172782874617737,
        "recall": 0.46502057613168724,
        "f1-score": 0.25195094760312153,
        "support": 243.0
    },
    "9": {
        "precision": 0.2689295039164491,
        "recall": 0.42386831275720166,
        "f1-score": 0.329073482428115,
        "support": 243.0
    },
    "micro avg": {
        "precision": 0.3796889295516926,
        "recall": 0.3795153177869227,
        "f1-score": 0.37960210381888865,
        "support": 2187.0
    },
    "macro avg": {
        "precision": 0.3724071697639033,
        "recall": 0.3795153177869227,
        "f1-score": 0.35240437079111875,
        "support": 2187.0
    },
    "weighted avg": {
        "precision": 0.37240716976390337,
        "recall": 0.3795153177869227,
        "f1-score": 0.3524043707911188,
        "support": 2187.0
    },
    "accuracy": 0.3795153177869227
}