{
    "1": {
        "precision": 1.0,
        "recall": 0.49382716049382713,
        "f1-score": 0.6611570247933884,
        "support": 81.0
    },
    "2": {
        "precision": 0.5494505494505495,
        "recall": 0.6172839506172839,
        "f1-score": 0.5813953488372093,
        "support": 81.0
    },
    "3": {
        "precision": 0.6956521739130435,
        "recall": 0.5925925925925926,
        "f1-score": 0.64,
        "support": 81.0
    },
    "4": {
        "precision": 0.6666666666666666,
        "recall": 0.6419753086419753,
        "f1-score": 0.6540880503144654,
        "support": 81.0
    },
    "5": {
        "precision": 0.5949367088607594,
        "recall": 0.5802469135802469,
        "f1-score": 0.5875,
        "support": 81.0
    },
    "6": {
        "precision": 0.5894736842105263,
        "recall": 0.691358024691358,
        "f1-score": 0.6363636363636364,
        "support": 81.0
    },
    "7": {
        "precision": 0.6555555555555556,
        "recall": 0.7283950617283951,
        "f1-score": 0.6900584795321637,
        "support": 81.0
    },
    "8": {
        "precision": 0.5689655172413793,
        "recall": 0.8148148148148148,
        "f1-score": 0.6700507614213198,
        "support": 81.0
    },
    "9": {
        "precision": 0.828125,
        "recall": 0.654320987654321,
        "f1-score": 0.7310344827586207,
        "support": 81.0
    },
    "micro avg": {
        "precision": 0.6523545706371191,
        "recall": 0.6460905349794238,
        "f1-score": 0.6492074431426602,
        "support": 729.0
    },
    "macro avg": {
        "precision": 0.6832028728776088,
        "recall": 0.6460905349794239,
        "f1-score": 0.6501830871134227,
        "support": 729.0
    },
    "weighted avg": {
        "precision": 0.683202872877609,
        "recall": 0.6460905349794238,
        "f1-score": 0.6501830871134227,
        "support": 729.0
    },
    "accuracy": 0.6460905349794238
}