{
    "2": {
        "precision": 1.0,
        "recall": 0.7551020408163265,
        "f1-score": 0.8604651162790697,
        "support": 49.0
    },
    "3": {
        "precision": 0.75,
        "recall": 0.7346938775510204,
        "f1-score": 0.7422680412371134,
        "support": 49.0
    },
    "4": {
        "precision": 0.6176470588235294,
        "recall": 0.42857142857142855,
        "f1-score": 0.5060240963855421,
        "support": 49.0
    },
    "5": {
        "precision": 0.4716981132075472,
        "recall": 0.5102040816326531,
        "f1-score": 0.49019607843137253,
        "support": 49.0
    },
    "6": {
        "precision": 0.42857142857142855,
        "recall": 0.30612244897959184,
        "f1-score": 0.35714285714285715,
        "support": 49.0
    },
    "7": {
        "precision": 0.3709677419354839,
        "recall": 0.46938775510204084,
        "f1-score": 0.4144144144144144,
        "support": 49.0
    },
    "8": {
        "precision": 0.4358974358974359,
        "recall": 0.3469387755102041,
        "f1-score": 0.38636363636363635,
        "support": 49.0
    },
    "9": {
        "precision": 0.5301204819277109,
        "recall": 0.8979591836734694,
        "f1-score": 0.6666666666666666,
        "support": 49.0
    },
    "micro avg": {
        "precision": 0.5575447570332481,
        "recall": 0.5561224489795918,
        "f1-score": 0.5568326947637292,
        "support": 392.0
    },
    "macro avg": {
        "precision": 0.575612782545392,
        "recall": 0.5561224489795918,
        "f1-score": 0.5529426133650841,
        "support": 392.0
    },
    "weighted avg": {
        "precision": 0.5756127825453919,
        "recall": 0.5561224489795918,
        "f1-score": 0.5529426133650841,
        "support": 392.0
    },
    "accuracy": 0.5561224489795918
}