{
    "2": {
        "precision": 1.0,
        "recall": 1.0,
        "f1-score": 1.0,
        "support": 49.0
    },
    "3": {
        "precision": 1.0,
        "recall": 0.7346938775510204,
        "f1-score": 0.8470588235294118,
        "support": 49.0
    },
    "4": {
        "precision": 0.7796610169491526,
        "recall": 0.9387755102040817,
        "f1-score": 0.8518518518518519,
        "support": 49.0
    },
    "5": {
        "precision": 0.7692307692307693,
        "recall": 0.20408163265306123,
        "f1-score": 0.3225806451612903,
        "support": 49.0
    },
    "6": {
        "precision": 0.5135135135135135,
        "recall": 0.3877551020408163,
        "f1-score": 0.4418604651162791,
        "support": 49.0
    },
    "7": {
        "precision": 0.1509433962264151,
        "recall": 0.16326530612244897,
        "f1-score": 0.1568627450980392,
        "support": 49.0
    },
    "8": {
        "precision": 0.24489795918367346,
        "recall": 0.24489795918367346,
        "f1-score": 0.24489795918367346,
        "support": 49.0
    },
    "9": {
        "precision": 0.4270833333333333,
        "recall": 0.8367346938775511,
        "f1-score": 0.5655172413793104,
        "support": 49.0
    },
    "accuracy": 0.5637755102040817,
    "macro avg": {
        "precision": 0.6106662485546072,
        "recall": 0.5637755102040816,
        "f1-score": 0.553828716414982,
        "support": 392.0
    },
    "weighted avg": {
        "precision": 0.6106662485546072,
        "recall": 0.5637755102040817,
        "f1-score": 0.553828716414982,
        "support": 392.0
    }
}