{
    "1": {
        "precision": 0.9642857142857143,
        "recall": 1.0,
        "f1-score": 0.9818181818181818,
        "support": 81.0
    },
    "2": {
        "precision": 1.0,
        "recall": 0.9012345679012346,
        "f1-score": 0.948051948051948,
        "support": 81.0
    },
    "3": {
        "precision": 0.8247422680412371,
        "recall": 0.9876543209876543,
        "f1-score": 0.898876404494382,
        "support": 81.0
    },
    "4": {
        "precision": 0.9444444444444444,
        "recall": 0.8395061728395061,
        "f1-score": 0.8888888888888888,
        "support": 81.0
    },
    "5": {
        "precision": 0.96,
        "recall": 0.5925925925925926,
        "f1-score": 0.732824427480916,
        "support": 81.0
    },
    "6": {
        "precision": 0.5602836879432624,
        "recall": 0.9753086419753086,
        "f1-score": 0.7117117117117117,
        "support": 81.0
    },
    "7": {
        "precision": 0.6785714285714286,
        "recall": 0.4691358024691358,
        "f1-score": 0.5547445255474452,
        "support": 81.0
    },
    "8": {
        "precision": 0.45054945054945056,
        "recall": 0.5061728395061729,
        "f1-score": 0.47674418604651164,
        "support": 81.0
    },
    "9": {
        "precision": 0.6615384615384615,
        "recall": 0.5308641975308642,
        "f1-score": 0.589041095890411,
        "support": 81.0
    },
    "accuracy": 0.7558299039780522,
    "macro avg": {
        "precision": 0.7827128283748889,
        "recall": 0.755829903978052,
        "f1-score": 0.7536334855478217,
        "support": 729.0
    },
    "weighted avg": {
        "precision": 0.7827128283748888,
        "recall": 0.7558299039780522,
        "f1-score": 0.7536334855478218,
        "support": 729.0
    }
}