{
    "2": {
        "precision": 1.0,
        "recall": 1.0,
        "f1-score": 1.0,
        "support": 49.0
    },
    "3": {
        "precision": 0.9387755102040817,
        "recall": 0.9387755102040817,
        "f1-score": 0.9387755102040817,
        "support": 49.0
    },
    "4": {
        "precision": 0.9111111111111111,
        "recall": 0.8367346938775511,
        "f1-score": 0.8723404255319149,
        "support": 49.0
    },
    "5": {
        "precision": 0.5324675324675324,
        "recall": 0.8367346938775511,
        "f1-score": 0.6507936507936508,
        "support": 49.0
    },
    "6": {
        "precision": 1.0,
        "recall": 0.02040816326530612,
        "f1-score": 0.04,
        "support": 49.0
    },
    "7": {
        "precision": 0.30625,
        "recall": 1.0,
        "f1-score": 0.4688995215311005,
        "support": 49.0
    },
    "8": {
        "precision": 0.0,
        "recall": 0.0,
        "f1-score": 0.0,
        "support": 49.0
    },
    "9": {
        "precision": 1.0,
        "recall": 0.22448979591836735,
        "f1-score": 0.36666666666666664,
        "support": 49.0
    },
    "accuracy": 0.6071428571428571,
    "macro avg": {
        "precision": 0.7110755192228406,
        "recall": 0.6071428571428572,
        "f1-score": 0.5421844718409268,
        "support": 392.0
    },
    "weighted avg": {
        "precision": 0.7110755192228406,
        "recall": 0.6071428571428571,
        "f1-score": 0.5421844718409269,
        "support": 392.0
    }
}