{
    "1": {
        "precision": 0.8363636363636363,
        "recall": 0.9465020576131687,
        "f1-score": 0.888030888030888,
        "support": 243.0
    },
    "2": {
        "precision": 0.5946843853820598,
        "recall": 0.7366255144032922,
        "f1-score": 0.6580882352941176,
        "support": 243.0
    },
    "3": {
        "precision": 0.26519337016574585,
        "recall": 0.5925925925925926,
        "f1-score": 0.366412213740458,
        "support": 243.0
    },
    "4": {
        "precision": 0.13011152416356878,
        "recall": 0.1440329218106996,
        "f1-score": 0.13671875,
        "support": 243.0
    },
    "5": {
        "precision": 0.19827586206896552,
        "recall": 0.09465020576131687,
        "f1-score": 0.12813370473537605,
        "support": 243.0
    },
    "6": {
        "precision": 0.1574585635359116,
        "recall": 0.2345679012345679,
        "f1-score": 0.1884297520661157,
        "support": 243.0
    },
    "7": {
        "precision": 0.26595744680851063,
        "recall": 0.205761316872428,
        "f1-score": 0.23201856148491878,
        "support": 243.0
    },
    "8": {
        "precision": 0.32,
        "recall": 0.13168724279835392,
        "f1-score": 0.18658892128279883,
        "support": 243.0
    },
    "9": {
        "precision": 0.5757575757575758,
        "recall": 0.07818930041152264,
        "f1-score": 0.13768115942028986,
        "support": 243.0
    },
    "accuracy": 0.35162322816643804,
    "macro avg": {
        "precision": 0.37153359602733044,
        "recall": 0.3516232281664381,
        "f1-score": 0.3246780206727737,
        "support": 2187.0
    },
    "weighted avg": {
        "precision": 0.3715335960273305,
        "recall": 0.35162322816643804,
        "f1-score": 0.3246780206727736,
        "support": 2187.0
    }
}