{
    "1": {
        "precision": 1.0,
        "recall": 0.9465020576131687,
        "f1-score": 0.9725158562367865,
        "support": 243.0
    },
    "2": {
        "precision": 0.9121621621621622,
        "recall": 0.5555555555555556,
        "f1-score": 0.690537084398977,
        "support": 243.0
    },
    "3": {
        "precision": 0.42780748663101603,
        "recall": 0.3292181069958848,
        "f1-score": 0.37209302325581395,
        "support": 243.0
    },
    "4": {
        "precision": 0.3093220338983051,
        "recall": 0.3004115226337449,
        "f1-score": 0.3048016701461378,
        "support": 243.0
    },
    "5": {
        "precision": 0.32677165354330706,
        "recall": 0.34156378600823045,
        "f1-score": 0.33400402414486924,
        "support": 243.0
    },
    "6": {
        "precision": 0.37339055793991416,
        "recall": 0.35802469135802467,
        "f1-score": 0.36554621848739494,
        "support": 243.0
    },
    "7": {
        "precision": 0.38660907127429806,
        "recall": 0.7366255144032922,
        "f1-score": 0.5070821529745042,
        "support": 243.0
    },
    "8": {
        "precision": 0.4268292682926829,
        "recall": 0.5761316872427984,
        "f1-score": 0.4903677758318739,
        "support": 243.0
    },
    "9": {
        "precision": 0.8425925925925926,
        "recall": 0.37448559670781895,
        "f1-score": 0.5185185185185185,
        "support": 243.0
    },
    "accuracy": 0.5020576131687243,
    "macro avg": {
        "precision": 0.5561649807038087,
        "recall": 0.5020576131687243,
        "f1-score": 0.5061629248883195,
        "support": 2187.0
    },
    "weighted avg": {
        "precision": 0.5561649807038086,
        "recall": 0.5020576131687243,
        "f1-score": 0.5061629248883196,
        "support": 2187.0
    }
}