{
    "2": {
        "precision": 1.0,
        "recall": 0.12244897959183673,
        "f1-score": 0.21818181818181817,
        "support": 49.0
    },
    "3": {
        "precision": 0.058823529411764705,
        "recall": 0.02040816326530612,
        "f1-score": 0.030303030303030304,
        "support": 49.0
    },
    "4": {
        "precision": 0.11688311688311688,
        "recall": 0.1836734693877551,
        "f1-score": 0.14285714285714285,
        "support": 49.0
    },
    "5": {
        "precision": 0.0,
        "recall": 0.0,
        "f1-score": 0.0,
        "support": 49.0
    },
    "6": {
        "precision": 0.0,
        "recall": 0.0,
        "f1-score": 0.0,
        "support": 49.0
    },
    "7": {
        "precision": 0.056910569105691054,
        "recall": 0.14285714285714285,
        "f1-score": 0.08139534883720931,
        "support": 49.0
    },
    "8": {
        "precision": 0.0,
        "recall": 0.0,
        "f1-score": 0.0,
        "support": 49.0
    },
    "9": {
        "precision": 0.28994082840236685,
        "recall": 1.0,
        "f1-score": 0.44954128440366975,
        "support": 49.0
    },
    "accuracy": 0.1836734693877551,
    "macro avg": {
        "precision": 0.19031975547536742,
        "recall": 0.18367346938775508,
        "f1-score": 0.1152848280728588,
        "support": 392.0
    },
    "weighted avg": {
        "precision": 0.19031975547536745,
        "recall": 0.1836734693877551,
        "f1-score": 0.11528482807285878,
        "support": 392.0
    }
}