{
    "1": {
        "precision": 1.0,
        "recall": 0.4691358024691358,
        "f1-score": 0.6386554621848739,
        "support": 81.0
    },
    "2": {
        "precision": 0.5057471264367817,
        "recall": 0.5432098765432098,
        "f1-score": 0.5238095238095238,
        "support": 81.0
    },
    "3": {
        "precision": 0.6714285714285714,
        "recall": 0.5802469135802469,
        "f1-score": 0.6225165562913907,
        "support": 81.0
    },
    "4": {
        "precision": 0.6527777777777778,
        "recall": 0.5802469135802469,
        "f1-score": 0.6143790849673203,
        "support": 81.0
    },
    "5": {
        "precision": 0.45161290322580644,
        "recall": 0.345679012345679,
        "f1-score": 0.3916083916083916,
        "support": 81.0
    },
    "6": {
        "precision": 0.44144144144144143,
        "recall": 0.6049382716049383,
        "f1-score": 0.5104166666666666,
        "support": 81.0
    },
    "7": {
        "precision": 0.5875,
        "recall": 0.5802469135802469,
        "f1-score": 0.5838509316770186,
        "support": 81.0
    },
    "8": {
        "precision": 0.5178571428571429,
        "recall": 0.7160493827160493,
        "f1-score": 0.6010362694300518,
        "support": 81.0
    },
    "9": {
        "precision": 0.6794871794871795,
        "recall": 0.654320987654321,
        "f1-score": 0.6666666666666666,
        "support": 81.0
    },
    "micro avg": {
        "precision": 0.5788732394366197,
        "recall": 0.5637860082304527,
        "f1-score": 0.5712300208478109,
        "support": 729.0
    },
    "macro avg": {
        "precision": 0.611983571406078,
        "recall": 0.5637860082304527,
        "f1-score": 0.5725488392557672,
        "support": 729.0
    },
    "weighted avg": {
        "precision": 0.611983571406078,
        "recall": 0.5637860082304527,
        "f1-score": 0.5725488392557672,
        "support": 729.0
    },
    "accuracy": 0.5637860082304527
}