{
    "1": {
        "precision": 1.0,
        "recall": 0.30864197530864196,
        "f1-score": 0.4716981132075472,
        "support": 81.0
    },
    "2": {
        "precision": 0.3170731707317073,
        "recall": 0.32098765432098764,
        "f1-score": 0.31901840490797545,
        "support": 81.0
    },
    "3": {
        "precision": 0.3561643835616438,
        "recall": 0.32098765432098764,
        "f1-score": 0.33766233766233766,
        "support": 81.0
    },
    "4": {
        "precision": 0.5957446808510638,
        "recall": 0.345679012345679,
        "f1-score": 0.4375,
        "support": 81.0
    },
    "5": {
        "precision": 0.359375,
        "recall": 0.2839506172839506,
        "f1-score": 0.31724137931034485,
        "support": 81.0
    },
    "6": {
        "precision": 0.40963855421686746,
        "recall": 0.41975308641975306,
        "f1-score": 0.4146341463414634,
        "support": 81.0
    },
    "7": {
        "precision": 0.3870967741935484,
        "recall": 0.2962962962962963,
        "f1-score": 0.3356643356643357,
        "support": 81.0
    },
    "8": {
        "precision": 0.3017241379310345,
        "recall": 0.43209876543209874,
        "f1-score": 0.3553299492385787,
        "support": 81.0
    },
    "9": {
        "precision": 0.34285714285714286,
        "recall": 0.2962962962962963,
        "f1-score": 0.31788079470198677,
        "support": 81.0
    },
    "micro avg": {
        "precision": 0.39389067524115756,
        "recall": 0.33607681755829905,
        "f1-score": 0.3626943005181347,
        "support": 729.0
    },
    "macro avg": {
        "precision": 0.45218598270477867,
        "recall": 0.336076817558299,
        "f1-score": 0.3674032734482855,
        "support": 729.0
    },
    "weighted avg": {
        "precision": 0.45218598270477867,
        "recall": 0.33607681755829905,
        "f1-score": 0.36740327344828555,
        "support": 729.0
    },
    "accuracy": 0.33607681755829905
}