{
    "1": {
        "precision": 1.0,
        "recall": 1.0,
        "f1-score": 1.0,
        "support": 81.0
    },
    "2": {
        "precision": 1.0,
        "recall": 0.9629629629629629,
        "f1-score": 0.9811320754716981,
        "support": 81.0
    },
    "3": {
        "precision": 0.9583333333333334,
        "recall": 0.8518518518518519,
        "f1-score": 0.9019607843137255,
        "support": 81.0
    },
    "4": {
        "precision": 0.8148148148148148,
        "recall": 0.8148148148148148,
        "f1-score": 0.8148148148148148,
        "support": 81.0
    },
    "5": {
        "precision": 0.6178861788617886,
        "recall": 0.9382716049382716,
        "f1-score": 0.7450980392156863,
        "support": 81.0
    },
    "6": {
        "precision": 0.7441860465116279,
        "recall": 0.3950617283950617,
        "f1-score": 0.5161290322580645,
        "support": 81.0
    },
    "7": {
        "precision": 0.43037974683544306,
        "recall": 0.8395061728395061,
        "f1-score": 0.5690376569037657,
        "support": 81.0
    },
    "8": {
        "precision": 0.2875,
        "recall": 0.2839506172839506,
        "f1-score": 0.2857142857142857,
        "support": 81.0
    },
    "9": {
        "precision": 0.9230769230769231,
        "recall": 0.14814814814814814,
        "f1-score": 0.2553191489361702,
        "support": 81.0
    },
    "accuracy": 0.6927297668038409,
    "macro avg": {
        "precision": 0.7529085603815479,
        "recall": 0.6927297668038408,
        "f1-score": 0.6743562041809122,
        "support": 729.0
    },
    "weighted avg": {
        "precision": 0.7529085603815479,
        "recall": 0.6927297668038409,
        "f1-score": 0.6743562041809122,
        "support": 729.0
    }
}