{
    "2": {
        "precision": 1.0,
        "recall": 0.12244897959183673,
        "f1-score": 0.21818181818181817,
        "support": 49.0
    },
    "3": {
        "precision": 0.23076923076923078,
        "recall": 0.12244897959183673,
        "f1-score": 0.16,
        "support": 49.0
    },
    "4": {
        "precision": 0.34507042253521125,
        "recall": 1.0,
        "f1-score": 0.5130890052356021,
        "support": 49.0
    },
    "5": {
        "precision": 1.0,
        "recall": 0.04081632653061224,
        "f1-score": 0.0784313725490196,
        "support": 49.0
    },
    "6": {
        "precision": 0.46153846153846156,
        "recall": 0.12244897959183673,
        "f1-score": 0.1935483870967742,
        "support": 49.0
    },
    "7": {
        "precision": 0.0,
        "recall": 0.0,
        "f1-score": 0.0,
        "support": 49.0
    },
    "8": {
        "precision": 0.0,
        "recall": 0.0,
        "f1-score": 0.0,
        "support": 49.0
    },
    "9": {
        "precision": 0.24257425742574257,
        "recall": 1.0,
        "f1-score": 0.3904382470119522,
        "support": 49.0
    },
    "accuracy": 0.3010204081632653,
    "macro avg": {
        "precision": 0.40999404653358074,
        "recall": 0.3010204081632653,
        "f1-score": 0.19421110375939576,
        "support": 392.0
    },
    "weighted avg": {
        "precision": 0.4099940465335808,
        "recall": 0.3010204081632653,
        "f1-score": 0.1942111037593958,
        "support": 392.0
    }
}