{
    "1": {
        "precision": 0.008464328899637243,
        "recall": 0.02880658436213992,
        "f1-score": 0.013084112149532711,
        "support": 243.0
    },
    "2": {
        "precision": 0.0,
        "recall": 0.0,
        "f1-score": 0.0,
        "support": 243.0
    },
    "3": {
        "precision": 0.0,
        "recall": 0.0,
        "f1-score": 0.0,
        "support": 243.0
    },
    "4": {
        "precision": 0.0,
        "recall": 0.0,
        "f1-score": 0.0,
        "support": 243.0
    },
    "5": {
        "precision": 0.0,
        "recall": 0.0,
        "f1-score": 0.0,
        "support": 243.0
    },
    "6": {
        "precision": 0.0,
        "recall": 0.0,
        "f1-score": 0.0,
        "support": 243.0
    },
    "7": {
        "precision": 0.0,
        "recall": 0.0,
        "f1-score": 0.0,
        "support": 243.0
    },
    "8": {
        "precision": 0.0,
        "recall": 0.0,
        "f1-score": 0.0,
        "support": 243.0
    },
    "9": {
        "precision": 0.054365733113673806,
        "recall": 0.2716049382716049,
        "f1-score": 0.09059711736444749,
        "support": 243.0
    },
    "accuracy": 0.03337905807041609,
    "macro avg": {
        "precision": 0.006981118001479006,
        "recall": 0.03337905807041609,
        "f1-score": 0.011520136612664468,
        "support": 2187.0
    },
    "weighted avg": {
        "precision": 0.006981118001479006,
        "recall": 0.03337905807041609,
        "f1-score": 0.011520136612664465,
        "support": 2187.0
    }
}