{
    "1": {
        "precision": 0.9644670050761421,
        "recall": 0.7818930041152263,
        "f1-score": 0.8636363636363636,
        "support": 243.0
    },
    "2": {
        "precision": 0.6666666666666666,
        "recall": 0.5020576131687243,
        "f1-score": 0.5727699530516432,
        "support": 243.0
    },
    "3": {
        "precision": 0.5270758122743683,
        "recall": 0.6008230452674898,
        "f1-score": 0.5615384615384615,
        "support": 243.0
    },
    "4": {
        "precision": 0.5258620689655172,
        "recall": 0.7530864197530864,
        "f1-score": 0.6192893401015228,
        "support": 243.0
    },
    "5": {
        "precision": 0.5481927710843374,
        "recall": 0.37448559670781895,
        "f1-score": 0.4449877750611247,
        "support": 243.0
    },
    "6": {
        "precision": 0.4305555555555556,
        "recall": 0.5102880658436214,
        "f1-score": 0.4670433145009416,
        "support": 243.0
    },
    "7": {
        "precision": 0.36024844720496896,
        "recall": 0.4773662551440329,
        "f1-score": 0.41061946902654867,
        "support": 243.0
    },
    "8": {
        "precision": 0.37583892617449666,
        "recall": 0.4609053497942387,
        "f1-score": 0.41404805914972276,
        "support": 243.0
    },
    "9": {
        "precision": 0.7129629629629629,
        "recall": 0.3168724279835391,
        "f1-score": 0.43874643874643876,
        "support": 243.0
    },
    "accuracy": 0.5308641975308642,
    "macro avg": {
        "precision": 0.5679855795516684,
        "recall": 0.5308641975308642,
        "f1-score": 0.5325199083125297,
        "support": 2187.0
    },
    "weighted avg": {
        "precision": 0.5679855795516685,
        "recall": 0.5308641975308642,
        "f1-score": 0.5325199083125297,
        "support": 2187.0
    }
}