{
    "2": {
        "precision": 1.0,
        "recall": 0.8367346938775511,
        "f1-score": 0.9111111111111111,
        "support": 49.0
    },
    "3": {
        "precision": 0.7647058823529411,
        "recall": 0.5306122448979592,
        "f1-score": 0.6265060240963856,
        "support": 49.0
    },
    "4": {
        "precision": 0.46511627906976744,
        "recall": 0.40816326530612246,
        "f1-score": 0.43478260869565216,
        "support": 49.0
    },
    "5": {
        "precision": 0.532258064516129,
        "recall": 0.673469387755102,
        "f1-score": 0.5945945945945946,
        "support": 49.0
    },
    "6": {
        "precision": 0.5,
        "recall": 0.16326530612244897,
        "f1-score": 0.24615384615384617,
        "support": 49.0
    },
    "7": {
        "precision": 0.32673267326732675,
        "recall": 0.673469387755102,
        "f1-score": 0.44,
        "support": 49.0
    },
    "8": {
        "precision": 0.36764705882352944,
        "recall": 0.5102040816326531,
        "f1-score": 0.42735042735042733,
        "support": 49.0
    },
    "9": {
        "precision": 0.7407407407407407,
        "recall": 0.40816326530612246,
        "f1-score": 0.5263157894736842,
        "support": 49.0
    },
    "accuracy": 0.5255102040816326,
    "macro avg": {
        "precision": 0.5871500873463043,
        "recall": 0.5255102040816326,
        "f1-score": 0.5258518001844626,
        "support": 392.0
    },
    "weighted avg": {
        "precision": 0.5871500873463044,
        "recall": 0.5255102040816326,
        "f1-score": 0.5258518001844626,
        "support": 392.0
    }
}