{
    "2": {
        "precision": 1.0,
        "recall": 0.9591836734693877,
        "f1-score": 0.9791666666666666,
        "support": 49.0
    },
    "3": {
        "precision": 1.0,
        "recall": 0.9183673469387755,
        "f1-score": 0.9574468085106383,
        "support": 49.0
    },
    "4": {
        "precision": 0.8846153846153846,
        "recall": 0.9387755102040817,
        "f1-score": 0.9108910891089109,
        "support": 49.0
    },
    "5": {
        "precision": 0.9090909090909091,
        "recall": 0.20408163265306123,
        "f1-score": 0.3333333333333333,
        "support": 49.0
    },
    "6": {
        "precision": 0.3050847457627119,
        "recall": 0.3673469387755102,
        "f1-score": 0.3333333333333333,
        "support": 49.0
    },
    "7": {
        "precision": 0.2,
        "recall": 0.02040816326530612,
        "f1-score": 0.037037037037037035,
        "support": 49.0
    },
    "8": {
        "precision": 0.109375,
        "recall": 0.14285714285714285,
        "f1-score": 0.12389380530973451,
        "support": 49.0
    },
    "9": {
        "precision": 0.41284403669724773,
        "recall": 0.9183673469387755,
        "f1-score": 0.569620253164557,
        "support": 49.0
    },
    "accuracy": 0.5586734693877551,
    "macro avg": {
        "precision": 0.6026262595207816,
        "recall": 0.5586734693877551,
        "f1-score": 0.5305902908080264,
        "support": 392.0
    },
    "weighted avg": {
        "precision": 0.6026262595207816,
        "recall": 0.5586734693877551,
        "f1-score": 0.5305902908080264,
        "support": 392.0
    }
}