{
    "2": {
        "precision": 0.9230769230769231,
        "recall": 0.9795918367346939,
        "f1-score": 0.9504950495049505,
        "support": 49.0
    },
    "3": {
        "precision": 0.9166666666666666,
        "recall": 0.673469387755102,
        "f1-score": 0.7764705882352941,
        "support": 49.0
    },
    "4": {
        "precision": 0.47572815533980584,
        "recall": 1.0,
        "f1-score": 0.6447368421052632,
        "support": 49.0
    },
    "5": {
        "precision": 0.8,
        "recall": 0.16326530612244897,
        "f1-score": 0.2711864406779661,
        "support": 49.0
    },
    "6": {
        "precision": 0.581081081081081,
        "recall": 0.8775510204081632,
        "f1-score": 0.6991869918699187,
        "support": 49.0
    },
    "7": {
        "precision": 0.631578947368421,
        "recall": 0.24489795918367346,
        "f1-score": 0.35294117647058826,
        "support": 49.0
    },
    "8": {
        "precision": 0.3333333333333333,
        "recall": 0.04081632653061224,
        "f1-score": 0.07272727272727272,
        "support": 49.0
    },
    "9": {
        "precision": 0.5217391304347826,
        "recall": 0.9795918367346939,
        "f1-score": 0.6808510638297872,
        "support": 49.0
    },
    "accuracy": 0.6198979591836735,
    "macro avg": {
        "precision": 0.6479005296626268,
        "recall": 0.6198979591836735,
        "f1-score": 0.5560744281776301,
        "support": 392.0
    },
    "weighted avg": {
        "precision": 0.6479005296626267,
        "recall": 0.6198979591836735,
        "f1-score": 0.5560744281776301,
        "support": 392.0
    }
}