{
    "1": {
        "precision": 1.0,
        "recall": 1.0,
        "f1-score": 1.0,
        "support": 81.0
    },
    "2": {
        "precision": 1.0,
        "recall": 0.9753086419753086,
        "f1-score": 0.9875,
        "support": 81.0
    },
    "3": {
        "precision": 0.9733333333333334,
        "recall": 0.9012345679012346,
        "f1-score": 0.9358974358974359,
        "support": 81.0
    },
    "4": {
        "precision": 0.8783783783783784,
        "recall": 0.8024691358024691,
        "f1-score": 0.8387096774193549,
        "support": 81.0
    },
    "5": {
        "precision": 0.7564102564102564,
        "recall": 0.7283950617283951,
        "f1-score": 0.7421383647798742,
        "support": 81.0
    },
    "6": {
        "precision": 0.5538461538461539,
        "recall": 0.4444444444444444,
        "f1-score": 0.4931506849315068,
        "support": 81.0
    },
    "7": {
        "precision": 0.40816326530612246,
        "recall": 0.7407407407407407,
        "f1-score": 0.5263157894736842,
        "support": 81.0
    },
    "8": {
        "precision": 0.4945054945054945,
        "recall": 0.5555555555555556,
        "f1-score": 0.5232558139534884,
        "support": 81.0
    },
    "9": {
        "precision": 0.9230769230769231,
        "recall": 0.4444444444444444,
        "f1-score": 0.6,
        "support": 81.0
    },
    "accuracy": 0.7325102880658436,
    "macro avg": {
        "precision": 0.7764126449840736,
        "recall": 0.7325102880658436,
        "f1-score": 0.7385519740505937,
        "support": 729.0
    },
    "weighted avg": {
        "precision": 0.7764126449840736,
        "recall": 0.7325102880658436,
        "f1-score": 0.7385519740505938,
        "support": 729.0
    }
}