{
    "1": {
        "precision": 0.19946808510638298,
        "recall": 0.9259259259259259,
        "f1-score": 0.3282275711159737,
        "support": 243.0
    },
    "2": {
        "precision": 0.8472222222222222,
        "recall": 0.25102880658436216,
        "f1-score": 0.3873015873015873,
        "support": 243.0
    },
    "3": {
        "precision": 0.34831460674157305,
        "recall": 0.12757201646090535,
        "f1-score": 0.18674698795180722,
        "support": 243.0
    },
    "4": {
        "precision": 0.1111111111111111,
        "recall": 0.00411522633744856,
        "f1-score": 0.007936507936507936,
        "support": 243.0
    },
    "5": {
        "precision": 0.12040133779264214,
        "recall": 0.14814814814814814,
        "f1-score": 0.13284132841328414,
        "support": 243.0
    },
    "6": {
        "precision": 0.0,
        "recall": 0.0,
        "f1-score": 0.0,
        "support": 243.0
    },
    "7": {
        "precision": 0.19230769230769232,
        "recall": 0.43209876543209874,
        "f1-score": 0.2661596958174905,
        "support": 243.0
    },
    "8": {
        "precision": 0.0,
        "recall": 0.0,
        "f1-score": 0.0,
        "support": 243.0
    },
    "9": {
        "precision": 0.4090909090909091,
        "recall": 0.07407407407407407,
        "f1-score": 0.1254355400696864,
        "support": 243.0
    },
    "accuracy": 0.21810699588477367,
    "macro avg": {
        "precision": 0.24754621826361475,
        "recall": 0.21810699588477364,
        "f1-score": 0.1594054687340375,
        "support": 2187.0
    },
    "weighted avg": {
        "precision": 0.24754621826361478,
        "recall": 0.21810699588477367,
        "f1-score": 0.15940546873403746,
        "support": 2187.0
    }
}