{
    "2": {
        "precision": 1.0,
        "recall": 1.0,
        "f1-score": 1.0,
        "support": 49.0
    },
    "3": {
        "precision": 1.0,
        "recall": 0.6938775510204082,
        "f1-score": 0.8192771084337349,
        "support": 49.0
    },
    "4": {
        "precision": 0.7868852459016393,
        "recall": 0.9795918367346939,
        "f1-score": 0.8727272727272727,
        "support": 49.0
    },
    "5": {
        "precision": 0.8536585365853658,
        "recall": 0.7142857142857143,
        "f1-score": 0.7777777777777778,
        "support": 49.0
    },
    "6": {
        "precision": 0.4895833333333333,
        "recall": 0.9591836734693877,
        "f1-score": 0.6482758620689655,
        "support": 49.0
    },
    "7": {
        "precision": 0.75,
        "recall": 0.12244897959183673,
        "f1-score": 0.21052631578947367,
        "support": 49.0
    },
    "8": {
        "precision": 0.4186046511627907,
        "recall": 0.3673469387755102,
        "f1-score": 0.391304347826087,
        "support": 49.0
    },
    "9": {
        "precision": 0.55,
        "recall": 0.673469387755102,
        "f1-score": 0.6055045871559633,
        "support": 49.0
    },
    "accuracy": 0.6887755102040817,
    "macro avg": {
        "precision": 0.7310914708728912,
        "recall": 0.6887755102040816,
        "f1-score": 0.6656741589724093,
        "support": 392.0
    },
    "weighted avg": {
        "precision": 0.7310914708728912,
        "recall": 0.6887755102040817,
        "f1-score": 0.6656741589724093,
        "support": 392.0
    }
}