{
    "2": {
        "precision": 0.7575757575757576,
        "recall": 0.847457627118644,
        "f1-score": 0.8,
        "support": 59.0
    },
    "3": {
        "precision": 0.6029411764705882,
        "recall": 0.6833333333333333,
        "f1-score": 0.640625,
        "support": 60.0
    },
    "4": {
        "precision": 0.6170212765957447,
        "recall": 0.48333333333333334,
        "f1-score": 0.5420560747663551,
        "support": 60.0
    },
    "5": {
        "precision": 0.5333333333333333,
        "recall": 0.5333333333333333,
        "f1-score": 0.5333333333333333,
        "support": 60.0
    },
    "6": {
        "precision": 0.375,
        "recall": 0.3103448275862069,
        "f1-score": 0.33962264150943394,
        "support": 58.0
    },
    "7": {
        "precision": 0.42857142857142855,
        "recall": 0.32142857142857145,
        "f1-score": 0.3673469387755102,
        "support": 56.0
    },
    "8": {
        "precision": 0.3409090909090909,
        "recall": 0.2542372881355932,
        "f1-score": 0.2912621359223301,
        "support": 59.0
    },
    "9": {
        "precision": 0.4838709677419355,
        "recall": 0.2542372881355932,
        "f1-score": 0.3333333333333333,
        "support": 59.0
    },
    "micro avg": {
        "precision": 0.5369458128078818,
        "recall": 0.46284501061571126,
        "f1-score": 0.49714937286202965,
        "support": 471.0
    },
    "macro avg": {
        "precision": 0.5174028788997348,
        "recall": 0.4609632003005761,
        "f1-score": 0.480947432205037,
        "support": 471.0
    },
    "weighted avg": {
        "precision": 0.5186979625081958,
        "recall": 0.46284501061571126,
        "f1-score": 0.482551038112614,
        "support": 471.0
    },
    "accuracy": 0.46284501061571126
}