{
    "2": {
        "precision": 1.0,
        "recall": 1.0,
        "f1-score": 1.0,
        "support": 49.0
    },
    "3": {
        "precision": 0.9795918367346939,
        "recall": 0.9795918367346939,
        "f1-score": 0.9795918367346939,
        "support": 49.0
    },
    "4": {
        "precision": 0.9545454545454546,
        "recall": 0.8571428571428571,
        "f1-score": 0.9032258064516129,
        "support": 49.0
    },
    "5": {
        "precision": 0.8181818181818182,
        "recall": 0.3673469387755102,
        "f1-score": 0.5070422535211268,
        "support": 49.0
    },
    "6": {
        "precision": 0.5625,
        "recall": 0.9183673469387755,
        "f1-score": 0.6976744186046512,
        "support": 49.0
    },
    "7": {
        "precision": 0.8518518518518519,
        "recall": 0.46938775510204084,
        "f1-score": 0.6052631578947368,
        "support": 49.0
    },
    "8": {
        "precision": 0.37254901960784315,
        "recall": 0.3877551020408163,
        "f1-score": 0.38,
        "support": 49.0
    },
    "9": {
        "precision": 0.5652173913043478,
        "recall": 0.7959183673469388,
        "f1-score": 0.6610169491525424,
        "support": 49.0
    },
    "micro avg": {
        "precision": 0.7237851662404092,
        "recall": 0.7219387755102041,
        "f1-score": 0.722860791826309,
        "support": 392.0
    },
    "macro avg": {
        "precision": 0.7630546715282511,
        "recall": 0.721938775510204,
        "f1-score": 0.7167268027949204,
        "support": 392.0
    },
    "weighted avg": {
        "precision": 0.7630546715282511,
        "recall": 0.7219387755102041,
        "f1-score": 0.7167268027949205,
        "support": 392.0
    },
    "accuracy": 0.7219387755102041
}