{
    "1": {
        "precision": 1.0,
        "recall": 1.0,
        "f1-score": 1.0,
        "support": 81.0
    },
    "2": {
        "precision": 0.9759036144578314,
        "recall": 1.0,
        "f1-score": 0.9878048780487805,
        "support": 81.0
    },
    "3": {
        "precision": 0.8850574712643678,
        "recall": 0.9506172839506173,
        "f1-score": 0.9166666666666666,
        "support": 81.0
    },
    "4": {
        "precision": 0.71,
        "recall": 0.8765432098765432,
        "f1-score": 0.7845303867403315,
        "support": 81.0
    },
    "5": {
        "precision": 0.5625,
        "recall": 0.6666666666666666,
        "f1-score": 0.6101694915254238,
        "support": 81.0
    },
    "6": {
        "precision": 0.5301204819277109,
        "recall": 0.5432098765432098,
        "f1-score": 0.5365853658536586,
        "support": 81.0
    },
    "7": {
        "precision": 0.4943820224719101,
        "recall": 0.5432098765432098,
        "f1-score": 0.5176470588235295,
        "support": 81.0
    },
    "8": {
        "precision": 0.6923076923076923,
        "recall": 0.4444444444444444,
        "f1-score": 0.5413533834586466,
        "support": 81.0
    },
    "9": {
        "precision": 0.9038461538461539,
        "recall": 0.5802469135802469,
        "f1-score": 0.706766917293233,
        "support": 81.0
    },
    "micro avg": {
        "precision": 0.739972337482711,
        "recall": 0.7338820301783264,
        "f1-score": 0.7369146005509641,
        "support": 729.0
    },
    "macro avg": {
        "precision": 0.7504574929195185,
        "recall": 0.7338820301783264,
        "f1-score": 0.7335026831566966,
        "support": 729.0
    },
    "weighted avg": {
        "precision": 0.7504574929195185,
        "recall": 0.7338820301783264,
        "f1-score": 0.7335026831566966,
        "support": 729.0
    },
    "accuracy": 0.7338820301783264
}