{
    "2": {
        "precision": 0.0,
        "recall": 0.0,
        "f1-score": 0.0,
        "support": 49.0
    },
    "3": {
        "precision": 0.27419354838709675,
        "recall": 0.3469387755102041,
        "f1-score": 0.3063063063063063,
        "support": 49.0
    },
    "4": {
        "precision": 0.25,
        "recall": 0.9795918367346939,
        "f1-score": 0.3983402489626556,
        "support": 49.0
    },
    "5": {
        "precision": 0.045454545454545456,
        "recall": 0.12244897959183673,
        "f1-score": 0.06629834254143646,
        "support": 49.0
    },
    "6": {
        "precision": 0.0,
        "recall": 0.0,
        "f1-score": 0.0,
        "support": 49.0
    },
    "7": {
        "precision": 0.0,
        "recall": 0.0,
        "f1-score": 0.0,
        "support": 49.0
    },
    "8": {
        "precision": 0.25,
        "recall": 0.02040816326530612,
        "f1-score": 0.03773584905660377,
        "support": 49.0
    },
    "9": {
        "precision": 0.0,
        "recall": 0.0,
        "f1-score": 0.0,
        "support": 49.0
    },
    "accuracy": 0.1836734693877551,
    "macro avg": {
        "precision": 0.10245601173020527,
        "recall": 0.18367346938775508,
        "f1-score": 0.10108509335837526,
        "support": 392.0
    },
    "weighted avg": {
        "precision": 0.10245601173020526,
        "recall": 0.1836734693877551,
        "f1-score": 0.10108509335837526,
        "support": 392.0
    }
}