{
    "2": {
        "precision": 1.0,
        "recall": 0.5008503401360545,
        "f1-score": 0.6674220963172804,
        "support": 1176.0
    },
    "3": {
        "precision": 0.6585365853658537,
        "recall": 0.7346938775510204,
        "f1-score": 0.6945337620578779,
        "support": 1176.0
    },
    "4": {
        "precision": 0.6861244019138756,
        "recall": 0.6096938775510204,
        "f1-score": 0.6456551103106709,
        "support": 1176.0
    },
    "5": {
        "precision": 0.7446327683615819,
        "recall": 0.560374149659864,
        "f1-score": 0.6394953905870936,
        "support": 1176.0
    },
    "6": {
        "precision": 0.4926052332195677,
        "recall": 0.7363945578231292,
        "f1-score": 0.5903203817314246,
        "support": 1176.0
    },
    "7": {
        "precision": 0.45603395997574286,
        "recall": 0.6394557823129252,
        "f1-score": 0.5323893805309734,
        "support": 1176.0
    },
    "8": {
        "precision": 0.3300099700897308,
        "recall": 0.5629251700680272,
        "f1-score": 0.41609050911376494,
        "support": 1176.0
    },
    "9": {
        "precision": 0.4695121951219512,
        "recall": 0.06547619047619048,
        "f1-score": 0.11492537313432835,
        "support": 1176.0
    },
    "accuracy": 0.5512329931972789,
    "macro avg": {
        "precision": 0.6046818892560379,
        "recall": 0.5512329931972789,
        "f1-score": 0.5376040004729268,
        "support": 9408.0
    },
    "weighted avg": {
        "precision": 0.604681889256038,
        "recall": 0.5512329931972789,
        "f1-score": 0.5376040004729267,
        "support": 9408.0
    }
}