{
    "2": {
        "precision": 1.0,
        "recall": 0.9795918367346939,
        "f1-score": 0.9896907216494846,
        "support": 49.0
    },
    "3": {
        "precision": 0.9056603773584906,
        "recall": 0.9795918367346939,
        "f1-score": 0.9411764705882353,
        "support": 49.0
    },
    "4": {
        "precision": 0.9545454545454546,
        "recall": 0.8571428571428571,
        "f1-score": 0.9032258064516129,
        "support": 49.0
    },
    "5": {
        "precision": 0.9047619047619048,
        "recall": 0.7755102040816326,
        "f1-score": 0.8351648351648352,
        "support": 49.0
    },
    "6": {
        "precision": 0.6811594202898551,
        "recall": 0.9591836734693877,
        "f1-score": 0.7966101694915254,
        "support": 49.0
    },
    "7": {
        "precision": 0.9166666666666666,
        "recall": 0.4489795918367347,
        "f1-score": 0.6027397260273972,
        "support": 49.0
    },
    "8": {
        "precision": 0.45569620253164556,
        "recall": 0.7346938775510204,
        "f1-score": 0.5625,
        "support": 49.0
    },
    "9": {
        "precision": 0.6666666666666666,
        "recall": 0.4489795918367347,
        "f1-score": 0.5365853658536586,
        "support": 49.0
    },
    "accuracy": 0.7729591836734694,
    "macro avg": {
        "precision": 0.8106445866025854,
        "recall": 0.7729591836734694,
        "f1-score": 0.7709616369033436,
        "support": 392.0
    },
    "weighted avg": {
        "precision": 0.8106445866025855,
        "recall": 0.7729591836734694,
        "f1-score": 0.7709616369033436,
        "support": 392.0
    }
}