{
    "1": {
        "precision": 1.0,
        "recall": 1.0,
        "f1-score": 1.0,
        "support": 81.0
    },
    "2": {
        "precision": 0.8620689655172413,
        "recall": 0.30864197530864196,
        "f1-score": 0.45454545454545453,
        "support": 81.0
    },
    "3": {
        "precision": 0.36,
        "recall": 0.7777777777777778,
        "f1-score": 0.4921875,
        "support": 81.0
    },
    "4": {
        "precision": 0.4594594594594595,
        "recall": 0.41975308641975306,
        "f1-score": 0.43870967741935485,
        "support": 81.0
    },
    "5": {
        "precision": 0.3684210526315789,
        "recall": 0.1728395061728395,
        "f1-score": 0.23529411764705882,
        "support": 81.0
    },
    "6": {
        "precision": 0.2558139534883721,
        "recall": 0.13580246913580246,
        "f1-score": 0.1774193548387097,
        "support": 81.0
    },
    "7": {
        "precision": 0.0,
        "recall": 0.0,
        "f1-score": 0.0,
        "support": 81.0
    },
    "8": {
        "precision": 0.23497267759562843,
        "recall": 0.5308641975308642,
        "f1-score": 0.32575757575757575,
        "support": 81.0
    },
    "9": {
        "precision": 0.2761904761904762,
        "recall": 0.35802469135802467,
        "f1-score": 0.3118279569892473,
        "support": 81.0
    },
    "accuracy": 0.411522633744856,
    "macro avg": {
        "precision": 0.4241029538758619,
        "recall": 0.4115226337448559,
        "f1-score": 0.38174907079971127,
        "support": 729.0
    },
    "weighted avg": {
        "precision": 0.42410295387586183,
        "recall": 0.411522633744856,
        "f1-score": 0.3817490707997112,
        "support": 729.0
    }
}