{
    "1": {
        "precision": 0.9759036144578314,
        "recall": 1.0,
        "f1-score": 0.9878048780487805,
        "support": 81.0
    },
    "2": {
        "precision": 1.0,
        "recall": 0.9876543209876543,
        "f1-score": 0.9937888198757764,
        "support": 81.0
    },
    "3": {
        "precision": 0.9195402298850575,
        "recall": 0.9876543209876543,
        "f1-score": 0.9523809523809523,
        "support": 81.0
    },
    "4": {
        "precision": 0.8152173913043478,
        "recall": 0.9259259259259259,
        "f1-score": 0.8670520231213873,
        "support": 81.0
    },
    "5": {
        "precision": 0.84375,
        "recall": 0.6666666666666666,
        "f1-score": 0.7448275862068966,
        "support": 81.0
    },
    "6": {
        "precision": 0.6542056074766355,
        "recall": 0.8641975308641975,
        "f1-score": 0.7446808510638298,
        "support": 81.0
    },
    "7": {
        "precision": 0.5813953488372093,
        "recall": 0.6172839506172839,
        "f1-score": 0.5988023952095808,
        "support": 81.0
    },
    "8": {
        "precision": 0.4268292682926829,
        "recall": 0.43209876543209874,
        "f1-score": 0.4294478527607362,
        "support": 81.0
    },
    "9": {
        "precision": 0.75,
        "recall": 0.4444444444444444,
        "f1-score": 0.5581395348837209,
        "support": 81.0
    },
    "accuracy": 0.7695473251028807,
    "macro avg": {
        "precision": 0.7740934955837516,
        "recall": 0.7695473251028806,
        "f1-score": 0.7641027659501846,
        "support": 729.0
    },
    "weighted avg": {
        "precision": 0.7740934955837516,
        "recall": 0.7695473251028807,
        "f1-score": 0.7641027659501846,
        "support": 729.0
    }
}