{
    "2": {
        "precision": 1.0,
        "recall": 0.8979591836734694,
        "f1-score": 0.946236559139785,
        "support": 49.0
    },
    "3": {
        "precision": 0.6885245901639344,
        "recall": 0.8571428571428571,
        "f1-score": 0.7636363636363637,
        "support": 49.0
    },
    "4": {
        "precision": 0.7608695652173914,
        "recall": 0.7142857142857143,
        "f1-score": 0.7368421052631579,
        "support": 49.0
    },
    "5": {
        "precision": 0.6111111111111112,
        "recall": 0.673469387755102,
        "f1-score": 0.6407766990291263,
        "support": 49.0
    },
    "6": {
        "precision": 0.26666666666666666,
        "recall": 0.16326530612244897,
        "f1-score": 0.20253164556962025,
        "support": 49.0
    },
    "7": {
        "precision": 0.25,
        "recall": 0.02040816326530612,
        "f1-score": 0.03773584905660377,
        "support": 49.0
    },
    "8": {
        "precision": 0.297029702970297,
        "recall": 0.6122448979591837,
        "f1-score": 0.4,
        "support": 49.0
    },
    "9": {
        "precision": 0.34615384615384615,
        "recall": 0.3673469387755102,
        "f1-score": 0.3564356435643564,
        "support": 49.0
    },
    "accuracy": 0.5382653061224489,
    "macro avg": {
        "precision": 0.5275444352854058,
        "recall": 0.5382653061224489,
        "f1-score": 0.5105243581573766,
        "support": 392.0
    },
    "weighted avg": {
        "precision": 0.5275444352854058,
        "recall": 0.5382653061224489,
        "f1-score": 0.5105243581573766,
        "support": 392.0
    }
}