{
    "2": {
        "precision": 1.0,
        "recall": 0.9591836734693877,
        "f1-score": 0.9791666666666666,
        "support": 49.0
    },
    "3": {
        "precision": 0.9545454545454546,
        "recall": 0.8571428571428571,
        "f1-score": 0.9032258064516129,
        "support": 49.0
    },
    "4": {
        "precision": 0.8867924528301887,
        "recall": 0.9591836734693877,
        "f1-score": 0.9215686274509803,
        "support": 49.0
    },
    "5": {
        "precision": 0.9024390243902439,
        "recall": 0.7551020408163265,
        "f1-score": 0.8222222222222222,
        "support": 49.0
    },
    "6": {
        "precision": 0.5108695652173914,
        "recall": 0.9591836734693877,
        "f1-score": 0.6666666666666666,
        "support": 49.0
    },
    "7": {
        "precision": 0.5,
        "recall": 0.1836734693877551,
        "f1-score": 0.26865671641791045,
        "support": 49.0
    },
    "8": {
        "precision": 0.5625,
        "recall": 0.1836734693877551,
        "f1-score": 0.27692307692307694,
        "support": 49.0
    },
    "9": {
        "precision": 0.5061728395061729,
        "recall": 0.8367346938775511,
        "f1-score": 0.6307692307692307,
        "support": 49.0
    },
    "accuracy": 0.7117346938775511,
    "macro avg": {
        "precision": 0.7279149170611814,
        "recall": 0.7117346938775511,
        "f1-score": 0.6836498766960459,
        "support": 392.0
    },
    "weighted avg": {
        "precision": 0.7279149170611813,
        "recall": 0.7117346938775511,
        "f1-score": 0.6836498766960459,
        "support": 392.0
    }
}