{
    "2": {
        "precision": 0.8717948717948718,
        "recall": 0.6938775510204082,
        "f1-score": 0.7727272727272727,
        "support": 49.0
    },
    "3": {
        "precision": 0.6363636363636364,
        "recall": 0.42857142857142855,
        "f1-score": 0.5121951219512195,
        "support": 49.0
    },
    "4": {
        "precision": 0.5882352941176471,
        "recall": 0.8163265306122449,
        "f1-score": 0.6837606837606838,
        "support": 49.0
    },
    "5": {
        "precision": 0.9166666666666666,
        "recall": 0.22448979591836735,
        "f1-score": 0.36065573770491804,
        "support": 49.0
    },
    "6": {
        "precision": 0.5,
        "recall": 0.4897959183673469,
        "f1-score": 0.4948453608247423,
        "support": 49.0
    },
    "7": {
        "precision": 0.0,
        "recall": 0.0,
        "f1-score": 0.0,
        "support": 49.0
    },
    "8": {
        "precision": 0.23275862068965517,
        "recall": 0.5510204081632653,
        "f1-score": 0.32727272727272727,
        "support": 49.0
    },
    "9": {
        "precision": 0.28378378378378377,
        "recall": 0.42857142857142855,
        "f1-score": 0.34146341463414637,
        "support": 49.0
    },
    "micro avg": {
        "precision": 0.45524296675191817,
        "recall": 0.45408163265306123,
        "f1-score": 0.454661558109834,
        "support": 392.0
    },
    "macro avg": {
        "precision": 0.5037003591770326,
        "recall": 0.45408163265306123,
        "f1-score": 0.4366150398594637,
        "support": 392.0
    },
    "weighted avg": {
        "precision": 0.5037003591770325,
        "recall": 0.45408163265306123,
        "f1-score": 0.4366150398594637,
        "support": 392.0
    },
    "accuracy": 0.45408163265306123
}