{
    "1": {
        "precision": 1.0,
        "recall": 1.0,
        "f1-score": 1.0,
        "support": 81.0
    },
    "2": {
        "precision": 1.0,
        "recall": 1.0,
        "f1-score": 1.0,
        "support": 81.0
    },
    "3": {
        "precision": 1.0,
        "recall": 1.0,
        "f1-score": 1.0,
        "support": 81.0
    },
    "4": {
        "precision": 0.963855421686747,
        "recall": 0.9876543209876543,
        "f1-score": 0.975609756097561,
        "support": 81.0
    },
    "5": {
        "precision": 0.9493670886075949,
        "recall": 0.9259259259259259,
        "f1-score": 0.9375,
        "support": 81.0
    },
    "6": {
        "precision": 0.7,
        "recall": 0.9506172839506173,
        "f1-score": 0.806282722513089,
        "support": 81.0
    },
    "7": {
        "precision": 0.8166666666666667,
        "recall": 0.6049382716049383,
        "f1-score": 0.6950354609929078,
        "support": 81.0
    },
    "8": {
        "precision": 0.8181818181818182,
        "recall": 0.2222222222222222,
        "f1-score": 0.34951456310679613,
        "support": 81.0
    },
    "9": {
        "precision": 0.0,
        "recall": 0.0,
        "f1-score": 0.0,
        "support": 81.0
    },
    "micro avg": {
        "precision": 0.8784440842787682,
        "recall": 0.7434842249657064,
        "f1-score": 0.8053491827637445,
        "support": 729.0
    },
    "macro avg": {
        "precision": 0.8053412216825363,
        "recall": 0.7434842249657064,
        "f1-score": 0.751549166967817,
        "support": 729.0
    },
    "weighted avg": {
        "precision": 0.8053412216825364,
        "recall": 0.7434842249657064,
        "f1-score": 0.7515491669678172,
        "support": 729.0
    },
    "accuracy": 0.7434842249657064
}