{
    "2": {
        "precision": 1.0,
        "recall": 0.7755102040816326,
        "f1-score": 0.8735632183908046,
        "support": 49.0
    },
    "3": {
        "precision": 0.7441860465116279,
        "recall": 0.6530612244897959,
        "f1-score": 0.6956521739130435,
        "support": 49.0
    },
    "4": {
        "precision": 0.6382978723404256,
        "recall": 0.6122448979591837,
        "f1-score": 0.625,
        "support": 49.0
    },
    "5": {
        "precision": 0.6666666666666666,
        "recall": 0.7755102040816326,
        "f1-score": 0.7169811320754716,
        "support": 49.0
    },
    "6": {
        "precision": 0.5769230769230769,
        "recall": 0.30612244897959184,
        "f1-score": 0.4,
        "support": 49.0
    },
    "7": {
        "precision": 0.4574468085106383,
        "recall": 0.8775510204081632,
        "f1-score": 0.6013986013986014,
        "support": 49.0
    },
    "8": {
        "precision": 0.5192307692307693,
        "recall": 0.5510204081632653,
        "f1-score": 0.5346534653465347,
        "support": 49.0
    },
    "9": {
        "precision": 0.8,
        "recall": 0.5714285714285714,
        "f1-score": 0.6666666666666666,
        "support": 49.0
    },
    "accuracy": 0.6403061224489796,
    "macro avg": {
        "precision": 0.6753439050229006,
        "recall": 0.6403061224489796,
        "f1-score": 0.6392394072238903,
        "support": 392.0
    },
    "weighted avg": {
        "precision": 0.6753439050229005,
        "recall": 0.6403061224489796,
        "f1-score": 0.6392394072238903,
        "support": 392.0
    }
}