{
    "1": {
        "precision": 0.9529411764705882,
        "recall": 1.0,
        "f1-score": 0.9759036144578314,
        "support": 81.0
    },
    "2": {
        "precision": 1.0,
        "recall": 0.9012345679012346,
        "f1-score": 0.948051948051948,
        "support": 81.0
    },
    "3": {
        "precision": 0.8229166666666666,
        "recall": 0.9753086419753086,
        "f1-score": 0.8926553672316384,
        "support": 81.0
    },
    "4": {
        "precision": 0.9342105263157895,
        "recall": 0.8765432098765432,
        "f1-score": 0.9044585987261147,
        "support": 81.0
    },
    "5": {
        "precision": 0.9649122807017544,
        "recall": 0.6790123456790124,
        "f1-score": 0.7971014492753623,
        "support": 81.0
    },
    "6": {
        "precision": 0.5531914893617021,
        "recall": 0.9629629629629629,
        "f1-score": 0.7027027027027027,
        "support": 81.0
    },
    "7": {
        "precision": 0.6774193548387096,
        "recall": 0.25925925925925924,
        "f1-score": 0.375,
        "support": 81.0
    },
    "8": {
        "precision": 0.4434782608695652,
        "recall": 0.6296296296296297,
        "f1-score": 0.5204081632653061,
        "support": 81.0
    },
    "9": {
        "precision": 0.6545454545454545,
        "recall": 0.4444444444444444,
        "f1-score": 0.5294117647058824,
        "support": 81.0
    },
    "accuracy": 0.747599451303155,
    "macro avg": {
        "precision": 0.7781794677522478,
        "recall": 0.747599451303155,
        "f1-score": 0.7384104009351984,
        "support": 729.0
    },
    "weighted avg": {
        "precision": 0.7781794677522478,
        "recall": 0.747599451303155,
        "f1-score": 0.7384104009351985,
        "support": 729.0
    }
}