{
    "2": {
        "precision": 1.0,
        "recall": 0.9795918367346939,
        "f1-score": 0.9896907216494846,
        "support": 49.0
    },
    "3": {
        "precision": 0.9607843137254902,
        "recall": 1.0,
        "f1-score": 0.98,
        "support": 49.0
    },
    "4": {
        "precision": 1.0,
        "recall": 1.0,
        "f1-score": 1.0,
        "support": 49.0
    },
    "5": {
        "precision": 1.0,
        "recall": 0.4897959183673469,
        "f1-score": 0.6575342465753424,
        "support": 49.0
    },
    "6": {
        "precision": 0.4772727272727273,
        "recall": 0.8571428571428571,
        "f1-score": 0.6131386861313869,
        "support": 49.0
    },
    "7": {
        "precision": 0.3333333333333333,
        "recall": 0.02040816326530612,
        "f1-score": 0.038461538461538464,
        "support": 49.0
    },
    "8": {
        "precision": 0.3611111111111111,
        "recall": 0.2653061224489796,
        "f1-score": 0.3058823529411765,
        "support": 49.0
    },
    "9": {
        "precision": 0.3548387096774194,
        "recall": 0.673469387755102,
        "f1-score": 0.4647887323943662,
        "support": 49.0
    },
    "accuracy": 0.6607142857142857,
    "macro avg": {
        "precision": 0.6859175243900102,
        "recall": 0.6607142857142857,
        "f1-score": 0.6311870347691619,
        "support": 392.0
    },
    "weighted avg": {
        "precision": 0.6859175243900101,
        "recall": 0.6607142857142857,
        "f1-score": 0.6311870347691618,
        "support": 392.0
    }
}