{
    "1": {
        "precision": 1.0,
        "recall": 1.0,
        "f1-score": 1.0,
        "support": 81.0
    },
    "2": {
        "precision": 1.0,
        "recall": 1.0,
        "f1-score": 1.0,
        "support": 81.0
    },
    "3": {
        "precision": 1.0,
        "recall": 1.0,
        "f1-score": 1.0,
        "support": 81.0
    },
    "4": {
        "precision": 1.0,
        "recall": 0.9753086419753086,
        "f1-score": 0.9875,
        "support": 81.0
    },
    "5": {
        "precision": 0.9186046511627907,
        "recall": 0.9753086419753086,
        "f1-score": 0.9461077844311377,
        "support": 81.0
    },
    "6": {
        "precision": 0.872093023255814,
        "recall": 0.9259259259259259,
        "f1-score": 0.8982035928143712,
        "support": 81.0
    },
    "7": {
        "precision": 0.9302325581395349,
        "recall": 0.49382716049382713,
        "f1-score": 0.6451612903225806,
        "support": 81.0
    },
    "8": {
        "precision": 0.6304347826086957,
        "recall": 0.7160493827160493,
        "f1-score": 0.6705202312138728,
        "support": 81.0
    },
    "9": {
        "precision": 0.0,
        "recall": 0.0,
        "f1-score": 0.0,
        "support": 81.0
    },
    "micro avg": {
        "precision": 0.9053627760252366,
        "recall": 0.7873799725651578,
        "f1-score": 0.8422597212032281,
        "support": 729.0
    },
    "macro avg": {
        "precision": 0.8168183350185373,
        "recall": 0.7873799725651577,
        "f1-score": 0.7941658776424403,
        "support": 729.0
    },
    "weighted avg": {
        "precision": 0.8168183350185373,
        "recall": 0.7873799725651578,
        "f1-score": 0.7941658776424404,
        "support": 729.0
    },
    "accuracy": 0.7873799725651578
}