{
    "1": {
        "precision": 0.9994858611825193,
        "recall": 1.0,
        "f1-score": 0.999742864489586,
        "support": 1944.0
    },
    "2": {
        "precision": 0.9702863317125878,
        "recall": 0.9238683127572016,
        "f1-score": 0.9465085638998683,
        "support": 1944.0
    },
    "3": {
        "precision": 0.8460155781905333,
        "recall": 0.7263374485596708,
        "f1-score": 0.781621920841406,
        "support": 1944.0
    },
    "4": {
        "precision": 0.45240761478163494,
        "recall": 0.20781893004115226,
        "f1-score": 0.28480789566443426,
        "support": 1944.0
    },
    "5": {
        "precision": 0.25990675990675993,
        "recall": 0.2294238683127572,
        "f1-score": 0.24371584699453552,
        "support": 1944.0
    },
    "6": {
        "precision": 0.13270142180094788,
        "recall": 0.0720164609053498,
        "f1-score": 0.09336445481827275,
        "support": 1944.0
    },
    "7": {
        "precision": 0.11059907834101383,
        "recall": 0.07407407407407407,
        "f1-score": 0.08872458410351201,
        "support": 1944.0
    },
    "8": {
        "precision": 0.17143906020558003,
        "recall": 0.24022633744855967,
        "f1-score": 0.20008568980291344,
        "support": 1944.0
    },
    "9": {
        "precision": 0.31490384615384615,
        "recall": 0.13477366255144033,
        "f1-score": 0.18876080691642652,
        "support": 1944.0
    },
    "micro avg": {
        "precision": 0.501537141631515,
        "recall": 0.4009487882944673,
        "f1-score": 0.44563732808182194,
        "support": 17496.0
    },
    "macro avg": {
        "precision": 0.47308283914171373,
        "recall": 0.40094878829446734,
        "f1-score": 0.4252591808367728,
        "support": 17496.0
    },
    "weighted avg": {
        "precision": 0.4730828391417137,
        "recall": 0.4009487882944673,
        "f1-score": 0.4252591808367727,
        "support": 17496.0
    },
    "accuracy": 0.4009487882944673
}