{
    "1": {
        "precision": 1.0,
        "recall": 1.0,
        "f1-score": 1.0,
        "support": 81.0
    },
    "2": {
        "precision": 0.9878048780487805,
        "recall": 1.0,
        "f1-score": 0.9938650306748467,
        "support": 81.0
    },
    "3": {
        "precision": 0.9176470588235294,
        "recall": 0.9629629629629629,
        "f1-score": 0.9397590361445783,
        "support": 81.0
    },
    "4": {
        "precision": 0.8470588235294118,
        "recall": 0.8888888888888888,
        "f1-score": 0.8674698795180723,
        "support": 81.0
    },
    "5": {
        "precision": 0.7252747252747253,
        "recall": 0.8148148148148148,
        "f1-score": 0.7674418604651163,
        "support": 81.0
    },
    "6": {
        "precision": 0.59,
        "recall": 0.7283950617283951,
        "f1-score": 0.6519337016574586,
        "support": 81.0
    },
    "7": {
        "precision": 0.48863636363636365,
        "recall": 0.5308641975308642,
        "f1-score": 0.5088757396449705,
        "support": 81.0
    },
    "8": {
        "precision": 0.6,
        "recall": 0.37037037037037035,
        "f1-score": 0.4580152671755725,
        "support": 81.0
    },
    "9": {
        "precision": 0.7966101694915254,
        "recall": 0.5802469135802469,
        "f1-score": 0.6714285714285714,
        "support": 81.0
    },
    "micro avg": {
        "precision": 0.7725381414701803,
        "recall": 0.7640603566529492,
        "f1-score": 0.7682758620689655,
        "support": 729.0
    },
    "macro avg": {
        "precision": 0.7725591132004817,
        "recall": 0.7640603566529491,
        "f1-score": 0.7620876763010207,
        "support": 729.0
    },
    "weighted avg": {
        "precision": 0.7725591132004819,
        "recall": 0.7640603566529492,
        "f1-score": 0.7620876763010208,
        "support": 729.0
    },
    "accuracy": 0.7640603566529492
}