{
    "1": {
        "precision": 1.0,
        "recall": 0.8271604938271605,
        "f1-score": 0.9054054054054054,
        "support": 243.0
    },
    "2": {
        "precision": 0.65,
        "recall": 0.32098765432098764,
        "f1-score": 0.4297520661157025,
        "support": 243.0
    },
    "3": {
        "precision": 0.42066420664206644,
        "recall": 0.4691358024691358,
        "f1-score": 0.44357976653696496,
        "support": 243.0
    },
    "4": {
        "precision": 0.5374149659863946,
        "recall": 0.6502057613168725,
        "f1-score": 0.5884543761638734,
        "support": 243.0
    },
    "5": {
        "precision": 0.6413502109704642,
        "recall": 0.6255144032921811,
        "f1-score": 0.6333333333333333,
        "support": 243.0
    },
    "6": {
        "precision": 0.5231607629427792,
        "recall": 0.7901234567901234,
        "f1-score": 0.6295081967213115,
        "support": 243.0
    },
    "7": {
        "precision": 0.45,
        "recall": 0.6296296296296297,
        "f1-score": 0.5248713550600344,
        "support": 243.0
    },
    "8": {
        "precision": 0.37872340425531914,
        "recall": 0.3662551440329218,
        "f1-score": 0.3723849372384937,
        "support": 243.0
    },
    "9": {
        "precision": 0.7131147540983607,
        "recall": 0.35802469135802467,
        "f1-score": 0.4767123287671233,
        "support": 243.0
    },
    "accuracy": 0.5596707818930041,
    "macro avg": {
        "precision": 0.5904920338772649,
        "recall": 0.5596707818930041,
        "f1-score": 0.556000196149138,
        "support": 2187.0
    },
    "weighted avg": {
        "precision": 0.590492033877265,
        "recall": 0.5596707818930041,
        "f1-score": 0.5560001961491381,
        "support": 2187.0
    }
}