{
    "1": {
        "precision": 1.0,
        "recall": 1.0,
        "f1-score": 1.0,
        "support": 81.0
    },
    "2": {
        "precision": 1.0,
        "recall": 1.0,
        "f1-score": 1.0,
        "support": 81.0
    },
    "3": {
        "precision": 0.8602150537634409,
        "recall": 0.9876543209876543,
        "f1-score": 0.9195402298850575,
        "support": 81.0
    },
    "4": {
        "precision": 0.7582417582417582,
        "recall": 0.8518518518518519,
        "f1-score": 0.8023255813953488,
        "support": 81.0
    },
    "5": {
        "precision": 0.847457627118644,
        "recall": 0.6172839506172839,
        "f1-score": 0.7142857142857143,
        "support": 81.0
    },
    "6": {
        "precision": 0.5106382978723404,
        "recall": 0.8888888888888888,
        "f1-score": 0.6486486486486487,
        "support": 81.0
    },
    "7": {
        "precision": 0.28431372549019607,
        "recall": 0.35802469135802467,
        "f1-score": 0.31693989071038253,
        "support": 81.0
    },
    "8": {
        "precision": 0.28,
        "recall": 0.08641975308641975,
        "f1-score": 0.1320754716981132,
        "support": 81.0
    },
    "9": {
        "precision": 0.7321428571428571,
        "recall": 0.5061728395061729,
        "f1-score": 0.5985401459854015,
        "support": 81.0
    },
    "accuracy": 0.6995884773662552,
    "macro avg": {
        "precision": 0.6970010355143595,
        "recall": 0.6995884773662551,
        "f1-score": 0.6813728536231852,
        "support": 729.0
    },
    "weighted avg": {
        "precision": 0.6970010355143597,
        "recall": 0.6995884773662552,
        "f1-score": 0.6813728536231852,
        "support": 729.0
    }
}