{
    "1": {
        "precision": 0.5,
        "recall": 0.7777777777777778,
        "f1-score": 0.6086956521739131,
        "support": 81.0
    },
    "2": {
        "precision": 0.79,
        "recall": 0.9753086419753086,
        "f1-score": 0.8729281767955801,
        "support": 81.0
    },
    "3": {
        "precision": 0.8064516129032258,
        "recall": 0.9259259259259259,
        "f1-score": 0.8620689655172413,
        "support": 81.0
    },
    "4": {
        "precision": 0.8723404255319149,
        "recall": 0.5061728395061729,
        "f1-score": 0.640625,
        "support": 81.0
    },
    "5": {
        "precision": 0.49019607843137253,
        "recall": 0.9259259259259259,
        "f1-score": 0.6410256410256411,
        "support": 81.0
    },
    "6": {
        "precision": 0.0,
        "recall": 0.0,
        "f1-score": 0.0,
        "support": 81.0
    },
    "7": {
        "precision": 0.4322033898305085,
        "recall": 0.6296296296296297,
        "f1-score": 0.5125628140703518,
        "support": 81.0
    },
    "8": {
        "precision": 0.4,
        "recall": 0.024691358024691357,
        "f1-score": 0.046511627906976744,
        "support": 81.0
    },
    "9": {
        "precision": 0.5747126436781609,
        "recall": 0.6172839506172839,
        "f1-score": 0.5952380952380952,
        "support": 81.0
    },
    "accuracy": 0.598079561042524,
    "macro avg": {
        "precision": 0.5406560167083536,
        "recall": 0.598079561042524,
        "f1-score": 0.5310728858586443,
        "support": 729.0
    },
    "weighted avg": {
        "precision": 0.5406560167083536,
        "recall": 0.598079561042524,
        "f1-score": 0.5310728858586443,
        "support": 729.0
    }
}