{
    "2": {
        "precision": 1.0,
        "recall": 0.9387755102040817,
        "f1-score": 0.968421052631579,
        "support": 49.0
    },
    "3": {
        "precision": 0.9591836734693877,
        "recall": 0.9591836734693877,
        "f1-score": 0.9591836734693877,
        "support": 49.0
    },
    "4": {
        "precision": 0.92,
        "recall": 0.9387755102040817,
        "f1-score": 0.9292929292929293,
        "support": 49.0
    },
    "5": {
        "precision": 0.9615384615384616,
        "recall": 0.5102040816326531,
        "f1-score": 0.6666666666666666,
        "support": 49.0
    },
    "6": {
        "precision": 0.6133333333333333,
        "recall": 0.9387755102040817,
        "f1-score": 0.7419354838709677,
        "support": 49.0
    },
    "7": {
        "precision": 0.8928571428571429,
        "recall": 0.5102040816326531,
        "f1-score": 0.6493506493506493,
        "support": 49.0
    },
    "8": {
        "precision": 0.4186046511627907,
        "recall": 0.3673469387755102,
        "f1-score": 0.391304347826087,
        "support": 49.0
    },
    "9": {
        "precision": 0.5540540540540541,
        "recall": 0.8367346938775511,
        "f1-score": 0.6666666666666666,
        "support": 49.0
    },
    "micro avg": {
        "precision": 0.7519181585677749,
        "recall": 0.75,
        "f1-score": 0.7509578544061303,
        "support": 392.0
    },
    "macro avg": {
        "precision": 0.7899464145518962,
        "recall": 0.75,
        "f1-score": 0.7466026837218667,
        "support": 392.0
    },
    "weighted avg": {
        "precision": 0.7899464145518963,
        "recall": 0.75,
        "f1-score": 0.7466026837218668,
        "support": 392.0
    },
    "accuracy": 0.75
}