{
    "1": {
        "precision": 0.9642857142857143,
        "recall": 1.0,
        "f1-score": 0.9818181818181818,
        "support": 81.0
    },
    "2": {
        "precision": 1.0,
        "recall": 0.9012345679012346,
        "f1-score": 0.948051948051948,
        "support": 81.0
    },
    "3": {
        "precision": 0.896551724137931,
        "recall": 0.9629629629629629,
        "f1-score": 0.9285714285714286,
        "support": 81.0
    },
    "4": {
        "precision": 0.9367088607594937,
        "recall": 0.9135802469135802,
        "f1-score": 0.925,
        "support": 81.0
    },
    "5": {
        "precision": 0.9183673469387755,
        "recall": 0.5555555555555556,
        "f1-score": 0.6923076923076923,
        "support": 81.0
    },
    "6": {
        "precision": 0.6120689655172413,
        "recall": 0.8765432098765432,
        "f1-score": 0.7208121827411168,
        "support": 81.0
    },
    "7": {
        "precision": 0.6862745098039216,
        "recall": 0.43209876543209874,
        "f1-score": 0.5303030303030303,
        "support": 81.0
    },
    "8": {
        "precision": 0.41935483870967744,
        "recall": 0.6419753086419753,
        "f1-score": 0.5073170731707317,
        "support": 81.0
    },
    "9": {
        "precision": 0.6515151515151515,
        "recall": 0.5308641975308642,
        "f1-score": 0.5850340136054422,
        "support": 81.0
    },
    "accuracy": 0.757201646090535,
    "macro avg": {
        "precision": 0.7872363457408785,
        "recall": 0.757201646090535,
        "f1-score": 0.7576906167299524,
        "support": 729.0
    },
    "weighted avg": {
        "precision": 0.7872363457408784,
        "recall": 0.757201646090535,
        "f1-score": 0.7576906167299524,
        "support": 729.0
    }
}