{
    "1": {
        "precision": 0.2967741935483871,
        "recall": 0.3786008230452675,
        "f1-score": 0.33273056057866185,
        "support": 243.0
    },
    "2": {
        "precision": 0.627906976744186,
        "recall": 0.1111111111111111,
        "f1-score": 0.1888111888111888,
        "support": 243.0
    },
    "3": {
        "precision": 0.056818181818181816,
        "recall": 0.0205761316872428,
        "f1-score": 0.030211480362537766,
        "support": 243.0
    },
    "4": {
        "precision": 0.06060606060606061,
        "recall": 0.00823045267489712,
        "f1-score": 0.014492753623188406,
        "support": 243.0
    },
    "5": {
        "precision": 0.13112033195020747,
        "recall": 0.6502057613168725,
        "f1-score": 0.21823204419889503,
        "support": 243.0
    },
    "6": {
        "precision": 0.12219451371571072,
        "recall": 0.20164609053497942,
        "f1-score": 0.15217391304347827,
        "support": 243.0
    },
    "7": {
        "precision": 0.0,
        "recall": 0.0,
        "f1-score": 0.0,
        "support": 243.0
    },
    "8": {
        "precision": 0.0,
        "recall": 0.0,
        "f1-score": 0.0,
        "support": 243.0
    },
    "9": {
        "precision": 0.40404040404040403,
        "recall": 0.1646090534979424,
        "f1-score": 0.23391812865497075,
        "support": 243.0
    },
    "accuracy": 0.1705532693187014,
    "macro avg": {
        "precision": 0.18882896249145975,
        "recall": 0.1705532693187014,
        "f1-score": 0.13006334103032455,
        "support": 2187.0
    },
    "weighted avg": {
        "precision": 0.18882896249145975,
        "recall": 0.1705532693187014,
        "f1-score": 0.13006334103032455,
        "support": 2187.0
    }
}