{
    "2": {
        "precision": 1.0,
        "recall": 0.9795918367346939,
        "f1-score": 0.9896907216494846,
        "support": 49.0
    },
    "3": {
        "precision": 0.5903614457831325,
        "recall": 1.0,
        "f1-score": 0.7424242424242424,
        "support": 49.0
    },
    "4": {
        "precision": 1.0,
        "recall": 0.16326530612244897,
        "f1-score": 0.2807017543859649,
        "support": 49.0
    },
    "5": {
        "precision": 0.5844155844155844,
        "recall": 0.9183673469387755,
        "f1-score": 0.7142857142857143,
        "support": 49.0
    },
    "6": {
        "precision": 0.0,
        "recall": 0.0,
        "f1-score": 0.0,
        "support": 49.0
    },
    "7": {
        "precision": 0.362962962962963,
        "recall": 1.0,
        "f1-score": 0.532608695652174,
        "support": 49.0
    },
    "8": {
        "precision": 0.0,
        "recall": 0.0,
        "f1-score": 0.0,
        "support": 49.0
    },
    "9": {
        "precision": 0.8536585365853658,
        "recall": 0.7142857142857143,
        "f1-score": 0.7777777777777778,
        "support": 49.0
    },
    "accuracy": 0.5969387755102041,
    "macro avg": {
        "precision": 0.5489248162183807,
        "recall": 0.5969387755102041,
        "f1-score": 0.5046861132719197,
        "support": 392.0
    },
    "weighted avg": {
        "precision": 0.5489248162183807,
        "recall": 0.5969387755102041,
        "f1-score": 0.5046861132719197,
        "support": 392.0
    }
}