{
    "2": {
        "precision": 1.0,
        "recall": 0.9795918367346939,
        "f1-score": 0.9896907216494846,
        "support": 49.0
    },
    "3": {
        "precision": 0.9772727272727273,
        "recall": 0.8775510204081632,
        "f1-score": 0.9247311827956989,
        "support": 49.0
    },
    "4": {
        "precision": 0.875,
        "recall": 0.8571428571428571,
        "f1-score": 0.865979381443299,
        "support": 49.0
    },
    "5": {
        "precision": 0.8461538461538461,
        "recall": 0.8979591836734694,
        "f1-score": 0.8712871287128713,
        "support": 49.0
    },
    "6": {
        "precision": 0.7777777777777778,
        "recall": 0.42857142857142855,
        "f1-score": 0.5526315789473685,
        "support": 49.0
    },
    "7": {
        "precision": 0.5111111111111111,
        "recall": 0.9387755102040817,
        "f1-score": 0.6618705035971223,
        "support": 49.0
    },
    "8": {
        "precision": 0.5396825396825397,
        "recall": 0.6938775510204082,
        "f1-score": 0.6071428571428571,
        "support": 49.0
    },
    "9": {
        "precision": 1.0,
        "recall": 0.40816326530612246,
        "f1-score": 0.5797101449275363,
        "support": 49.0
    },
    "accuracy": 0.7602040816326531,
    "macro avg": {
        "precision": 0.8158747502497502,
        "recall": 0.7602040816326531,
        "f1-score": 0.7566304374020297,
        "support": 392.0
    },
    "weighted avg": {
        "precision": 0.8158747502497503,
        "recall": 0.7602040816326531,
        "f1-score": 0.7566304374020297,
        "support": 392.0
    }
}