{
    "1": {
        "precision": 1.0,
        "recall": 1.0,
        "f1-score": 1.0,
        "support": 81.0
    },
    "2": {
        "precision": 0.9876543209876543,
        "recall": 0.9876543209876543,
        "f1-score": 0.9876543209876543,
        "support": 81.0
    },
    "3": {
        "precision": 0.9605263157894737,
        "recall": 0.9012345679012346,
        "f1-score": 0.9299363057324841,
        "support": 81.0
    },
    "4": {
        "precision": 0.8395061728395061,
        "recall": 0.8395061728395061,
        "f1-score": 0.8395061728395061,
        "support": 81.0
    },
    "5": {
        "precision": 0.6491228070175439,
        "recall": 0.9135802469135802,
        "f1-score": 0.7589743589743589,
        "support": 81.0
    },
    "6": {
        "precision": 0.6825396825396826,
        "recall": 0.5308641975308642,
        "f1-score": 0.5972222222222222,
        "support": 81.0
    },
    "7": {
        "precision": 0.4393939393939394,
        "recall": 0.7160493827160493,
        "f1-score": 0.5446009389671361,
        "support": 81.0
    },
    "8": {
        "precision": 0.345679012345679,
        "recall": 0.345679012345679,
        "f1-score": 0.345679012345679,
        "support": 81.0
    },
    "9": {
        "precision": 0.95,
        "recall": 0.2345679012345679,
        "f1-score": 0.37623762376237624,
        "support": 81.0
    },
    "accuracy": 0.7187928669410151,
    "macro avg": {
        "precision": 0.7616024723237199,
        "recall": 0.7187928669410151,
        "f1-score": 0.7088678839812687,
        "support": 729.0
    },
    "weighted avg": {
        "precision": 0.7616024723237199,
        "recall": 0.7187928669410151,
        "f1-score": 0.7088678839812685,
        "support": 729.0
    }
}