{
    "1": {
        "precision": 1.0,
        "recall": 1.0,
        "f1-score": 1.0,
        "support": 81.0
    },
    "2": {
        "precision": 1.0,
        "recall": 0.9382716049382716,
        "f1-score": 0.9681528662420382,
        "support": 81.0
    },
    "3": {
        "precision": 0.9117647058823529,
        "recall": 0.7654320987654321,
        "f1-score": 0.8322147651006712,
        "support": 81.0
    },
    "4": {
        "precision": 0.7027027027027027,
        "recall": 0.6419753086419753,
        "f1-score": 0.6709677419354839,
        "support": 81.0
    },
    "5": {
        "precision": 0.5977011494252874,
        "recall": 0.6419753086419753,
        "f1-score": 0.6190476190476191,
        "support": 81.0
    },
    "6": {
        "precision": 0.4,
        "recall": 0.2222222222222222,
        "f1-score": 0.2857142857142857,
        "support": 81.0
    },
    "7": {
        "precision": 0.348993288590604,
        "recall": 0.6419753086419753,
        "f1-score": 0.45217391304347826,
        "support": 81.0
    },
    "8": {
        "precision": 0.422680412371134,
        "recall": 0.5061728395061729,
        "f1-score": 0.4606741573033708,
        "support": 81.0
    },
    "9": {
        "precision": 0.7692307692307693,
        "recall": 0.49382716049382713,
        "f1-score": 0.6015037593984962,
        "support": 81.0
    },
    "accuracy": 0.6502057613168725,
    "macro avg": {
        "precision": 0.6836747809114279,
        "recall": 0.6502057613168724,
        "f1-score": 0.6544943453094937,
        "support": 729.0
    },
    "weighted avg": {
        "precision": 0.6836747809114279,
        "recall": 0.6502057613168725,
        "f1-score": 0.6544943453094937,
        "support": 729.0
    }
}