{
    "2": {
        "precision": 1.0,
        "recall": 0.5714285714285714,
        "f1-score": 0.7272727272727273,
        "support": 49.0
    },
    "3": {
        "precision": 0.1,
        "recall": 0.02040816326530612,
        "f1-score": 0.03389830508474576,
        "support": 49.0
    },
    "4": {
        "precision": 0.3225806451612903,
        "recall": 0.8163265306122449,
        "f1-score": 0.4624277456647399,
        "support": 49.0
    },
    "5": {
        "precision": 0.0,
        "recall": 0.0,
        "f1-score": 0.0,
        "support": 49.0
    },
    "6": {
        "precision": 0.23529411764705882,
        "recall": 0.8163265306122449,
        "f1-score": 0.365296803652968,
        "support": 49.0
    },
    "7": {
        "precision": 0.0,
        "recall": 0.0,
        "f1-score": 0.0,
        "support": 49.0
    },
    "8": {
        "precision": 0.2833333333333333,
        "recall": 0.3469387755102041,
        "f1-score": 0.3119266055045872,
        "support": 49.0
    },
    "9": {
        "precision": 0.0,
        "recall": 0.0,
        "f1-score": 0.0,
        "support": 49.0
    },
    "accuracy": 0.32142857142857145,
    "macro avg": {
        "precision": 0.2426510120177103,
        "recall": 0.3214285714285714,
        "f1-score": 0.237602773397471,
        "support": 392.0
    },
    "weighted avg": {
        "precision": 0.24265101201771033,
        "recall": 0.32142857142857145,
        "f1-score": 0.23760277339747102,
        "support": 392.0
    }
}