{
    "2": {
        "precision": 1.0,
        "recall": 1.0,
        "f1-score": 1.0,
        "support": 49.0
    },
    "3": {
        "precision": 0.98,
        "recall": 1.0,
        "f1-score": 0.98989898989899,
        "support": 49.0
    },
    "4": {
        "precision": 0.7931034482758621,
        "recall": 0.9387755102040817,
        "f1-score": 0.8598130841121495,
        "support": 49.0
    },
    "5": {
        "precision": 0.8620689655172413,
        "recall": 0.5102040816326531,
        "f1-score": 0.6410256410256411,
        "support": 49.0
    },
    "6": {
        "precision": 0.42452830188679247,
        "recall": 0.9183673469387755,
        "f1-score": 0.5806451612903226,
        "support": 49.0
    },
    "7": {
        "precision": 0.5526315789473685,
        "recall": 0.42857142857142855,
        "f1-score": 0.4827586206896552,
        "support": 49.0
    },
    "8": {
        "precision": 0.6,
        "recall": 0.30612244897959184,
        "f1-score": 0.40540540540540543,
        "support": 49.0
    },
    "9": {
        "precision": 0.8918918918918919,
        "recall": 0.673469387755102,
        "f1-score": 0.7674418604651163,
        "support": 49.0
    },
    "accuracy": 0.7219387755102041,
    "macro avg": {
        "precision": 0.7630280233148945,
        "recall": 0.721938775510204,
        "f1-score": 0.7158735953609101,
        "support": 392.0
    },
    "weighted avg": {
        "precision": 0.7630280233148946,
        "recall": 0.7219387755102041,
        "f1-score": 0.71587359536091,
        "support": 392.0
    }
}