{
    "2": {
        "precision": 1.0,
        "recall": 0.9795918367346939,
        "f1-score": 0.9896907216494846,
        "support": 49.0
    },
    "3": {
        "precision": 0.9782608695652174,
        "recall": 0.9183673469387755,
        "f1-score": 0.9473684210526315,
        "support": 49.0
    },
    "4": {
        "precision": 0.9074074074074074,
        "recall": 1.0,
        "f1-score": 0.9514563106796117,
        "support": 49.0
    },
    "5": {
        "precision": 1.0,
        "recall": 0.16326530612244897,
        "f1-score": 0.2807017543859649,
        "support": 49.0
    },
    "6": {
        "precision": 0.4117647058823529,
        "recall": 0.5714285714285714,
        "f1-score": 0.47863247863247865,
        "support": 49.0
    },
    "7": {
        "precision": 1.0,
        "recall": 0.04081632653061224,
        "f1-score": 0.0784313725490196,
        "support": 49.0
    },
    "8": {
        "precision": 0.08695652173913043,
        "recall": 0.04081632653061224,
        "f1-score": 0.05555555555555555,
        "support": 49.0
    },
    "9": {
        "precision": 0.34265734265734266,
        "recall": 1.0,
        "f1-score": 0.5104166666666666,
        "support": 49.0
    },
    "accuracy": 0.5892857142857143,
    "macro avg": {
        "precision": 0.7158808559064314,
        "recall": 0.5892857142857143,
        "f1-score": 0.5365316601464266,
        "support": 392.0
    },
    "weighted avg": {
        "precision": 0.7158808559064314,
        "recall": 0.5892857142857143,
        "f1-score": 0.5365316601464266,
        "support": 392.0
    }
}