{
    "1": {
        "precision": 1.0,
        "recall": 1.0,
        "f1-score": 1.0,
        "support": 81.0
    },
    "2": {
        "precision": 0.8823529411764706,
        "recall": 0.7407407407407407,
        "f1-score": 0.8053691275167785,
        "support": 81.0
    },
    "3": {
        "precision": 0.5824175824175825,
        "recall": 0.654320987654321,
        "f1-score": 0.6162790697674418,
        "support": 81.0
    },
    "4": {
        "precision": 0.4107142857142857,
        "recall": 0.2839506172839506,
        "f1-score": 0.3357664233576642,
        "support": 81.0
    },
    "5": {
        "precision": 0.4222222222222222,
        "recall": 0.2345679012345679,
        "f1-score": 0.30158730158730157,
        "support": 81.0
    },
    "6": {
        "precision": 0.325,
        "recall": 0.16049382716049382,
        "f1-score": 0.21487603305785125,
        "support": 81.0
    },
    "7": {
        "precision": 0.0,
        "recall": 0.0,
        "f1-score": 0.0,
        "support": 81.0
    },
    "8": {
        "precision": 0.23076923076923078,
        "recall": 0.5185185185185185,
        "f1-score": 0.3193916349809886,
        "support": 81.0
    },
    "9": {
        "precision": 0.23636363636363636,
        "recall": 0.48148148148148145,
        "f1-score": 0.3170731707317073,
        "support": 81.0
    },
    "accuracy": 0.45267489711934156,
    "macro avg": {
        "precision": 0.45442665540704763,
        "recall": 0.4526748971193416,
        "f1-score": 0.4344825289999703,
        "support": 729.0
    },
    "weighted avg": {
        "precision": 0.4544266554070476,
        "recall": 0.45267489711934156,
        "f1-score": 0.43448252899997036,
        "support": 729.0
    }
}