{
    "1": {
        "precision": 1.0,
        "recall": 1.0,
        "f1-score": 1.0,
        "support": 81.0
    },
    "2": {
        "precision": 1.0,
        "recall": 0.8765432098765432,
        "f1-score": 0.9342105263157895,
        "support": 81.0
    },
    "3": {
        "precision": 0.7835051546391752,
        "recall": 0.9382716049382716,
        "f1-score": 0.8539325842696629,
        "support": 81.0
    },
    "4": {
        "precision": 0.7567567567567568,
        "recall": 0.345679012345679,
        "f1-score": 0.4745762711864407,
        "support": 81.0
    },
    "5": {
        "precision": 0.3333333333333333,
        "recall": 0.24691358024691357,
        "f1-score": 0.28368794326241137,
        "support": 81.0
    },
    "6": {
        "precision": 0.08333333333333333,
        "recall": 0.024691358024691357,
        "f1-score": 0.0380952380952381,
        "support": 81.0
    },
    "7": {
        "precision": 0.08823529411764706,
        "recall": 0.037037037037037035,
        "f1-score": 0.05217391304347826,
        "support": 81.0
    },
    "8": {
        "precision": 0.07246376811594203,
        "recall": 0.06172839506172839,
        "f1-score": 0.06666666666666667,
        "support": 81.0
    },
    "9": {
        "precision": 0.2,
        "recall": 0.024691358024691357,
        "f1-score": 0.04395604395604396,
        "support": 81.0
    },
    "micro avg": {
        "precision": 0.5962732919254659,
        "recall": 0.3950617283950617,
        "f1-score": 0.4752475247524752,
        "support": 729.0
    },
    "macro avg": {
        "precision": 0.4797364044773543,
        "recall": 0.3950617283950617,
        "f1-score": 0.4163665763106368,
        "support": 729.0
    },
    "weighted avg": {
        "precision": 0.4797364044773542,
        "recall": 0.3950617283950617,
        "f1-score": 0.4163665763106368,
        "support": 729.0
    },
    "accuracy": 0.3950617283950617
}