{
    "2": {
        "precision": 1.0,
        "recall": 1.0,
        "f1-score": 1.0,
        "support": 49.0
    },
    "3": {
        "precision": 1.0,
        "recall": 0.9183673469387755,
        "f1-score": 0.9574468085106383,
        "support": 49.0
    },
    "4": {
        "precision": 0.9074074074074074,
        "recall": 1.0,
        "f1-score": 0.9514563106796117,
        "support": 49.0
    },
    "5": {
        "precision": 1.0,
        "recall": 0.20408163265306123,
        "f1-score": 0.3389830508474576,
        "support": 49.0
    },
    "6": {
        "precision": 0.43283582089552236,
        "recall": 0.5918367346938775,
        "f1-score": 0.5,
        "support": 49.0
    },
    "7": {
        "precision": 1.0,
        "recall": 0.02040816326530612,
        "f1-score": 0.04,
        "support": 49.0
    },
    "8": {
        "precision": 0.2,
        "recall": 0.12244897959183673,
        "f1-score": 0.1518987341772152,
        "support": 49.0
    },
    "9": {
        "precision": 0.3602941176470588,
        "recall": 1.0,
        "f1-score": 0.5297297297297298,
        "support": 49.0
    },
    "accuracy": 0.6071428571428571,
    "macro avg": {
        "precision": 0.7375671682437486,
        "recall": 0.6071428571428571,
        "f1-score": 0.5586893292430816,
        "support": 392.0
    },
    "weighted avg": {
        "precision": 0.7375671682437486,
        "recall": 0.6071428571428571,
        "f1-score": 0.5586893292430816,
        "support": 392.0
    }
}