{
    "1": {
        "precision": 0.47058823529411764,
        "recall": 0.09876543209876543,
        "f1-score": 0.16326530612244897,
        "support": 81.0
    },
    "2": {
        "precision": 0.19101123595505617,
        "recall": 0.20987654320987653,
        "f1-score": 0.2,
        "support": 81.0
    },
    "3": {
        "precision": 0.2222222222222222,
        "recall": 0.1728395061728395,
        "f1-score": 0.19444444444444445,
        "support": 81.0
    },
    "4": {
        "precision": 0.25,
        "recall": 0.30864197530864196,
        "f1-score": 0.27624309392265195,
        "support": 81.0
    },
    "5": {
        "precision": 0.6,
        "recall": 0.037037037037037035,
        "f1-score": 0.06976744186046512,
        "support": 81.0
    },
    "6": {
        "precision": 0.23142857142857143,
        "recall": 1.0,
        "f1-score": 0.37587006960556846,
        "support": 81.0
    },
    "7": {
        "precision": 0.0,
        "recall": 0.0,
        "f1-score": 0.0,
        "support": 81.0
    },
    "8": {
        "precision": 0.0,
        "recall": 0.0,
        "f1-score": 0.0,
        "support": 81.0
    },
    "9": {
        "precision": 0.5480769230769231,
        "recall": 0.7037037037037037,
        "f1-score": 0.6162162162162163,
        "support": 81.0
    },
    "accuracy": 0.2812071330589849,
    "macro avg": {
        "precision": 0.2792585764418767,
        "recall": 0.28120713305898487,
        "f1-score": 0.21064517468575503,
        "support": 729.0
    },
    "weighted avg": {
        "precision": 0.27925857644187674,
        "recall": 0.2812071330589849,
        "f1-score": 0.21064517468575503,
        "support": 729.0
    }
}