{
    "1": {
        "precision": 1.0,
        "recall": 1.0,
        "f1-score": 1.0,
        "support": 81.0
    },
    "2": {
        "precision": 1.0,
        "recall": 0.9506172839506173,
        "f1-score": 0.9746835443037974,
        "support": 81.0
    },
    "3": {
        "precision": 0.9487179487179487,
        "recall": 0.9135802469135802,
        "f1-score": 0.9308176100628931,
        "support": 81.0
    },
    "4": {
        "precision": 0.851063829787234,
        "recall": 0.49382716049382713,
        "f1-score": 0.625,
        "support": 81.0
    },
    "5": {
        "precision": 0.4939759036144578,
        "recall": 0.5061728395061729,
        "f1-score": 0.5,
        "support": 81.0
    },
    "6": {
        "precision": 0.417910447761194,
        "recall": 0.345679012345679,
        "f1-score": 0.3783783783783784,
        "support": 81.0
    },
    "7": {
        "precision": 0.33766233766233766,
        "recall": 0.32098765432098764,
        "f1-score": 0.3291139240506329,
        "support": 81.0
    },
    "8": {
        "precision": 0.15789473684210525,
        "recall": 0.1111111111111111,
        "f1-score": 0.13043478260869565,
        "support": 81.0
    },
    "9": {
        "precision": 0.08064516129032258,
        "recall": 0.06172839506172839,
        "f1-score": 0.06993006993006994,
        "support": 81.0
    },
    "micro avg": {
        "precision": 0.6057233704292527,
        "recall": 0.522633744855967,
        "f1-score": 0.561119293078056,
        "support": 729.0
    },
    "macro avg": {
        "precision": 0.5875411517417334,
        "recall": 0.522633744855967,
        "f1-score": 0.5487064788149408,
        "support": 729.0
    },
    "weighted avg": {
        "precision": 0.5875411517417334,
        "recall": 0.522633744855967,
        "f1-score": 0.5487064788149408,
        "support": 729.0
    },
    "accuracy": 0.522633744855967
}