{
    "2": {
        "precision": 1.0,
        "recall": 0.20408163265306123,
        "f1-score": 0.3389830508474576,
        "support": 49.0
    },
    "3": {
        "precision": 0.3902439024390244,
        "recall": 0.32653061224489793,
        "f1-score": 0.35555555555555557,
        "support": 49.0
    },
    "4": {
        "precision": 0.24390243902439024,
        "recall": 0.20408163265306123,
        "f1-score": 0.2222222222222222,
        "support": 49.0
    },
    "5": {
        "precision": 0.6842105263157895,
        "recall": 0.2653061224489796,
        "f1-score": 0.38235294117647056,
        "support": 49.0
    },
    "6": {
        "precision": 0.25,
        "recall": 0.3673469387755102,
        "f1-score": 0.2975206611570248,
        "support": 49.0
    },
    "7": {
        "precision": 0.3,
        "recall": 0.4897959183673469,
        "f1-score": 0.37209302325581395,
        "support": 49.0
    },
    "8": {
        "precision": 0.2543859649122807,
        "recall": 0.5918367346938775,
        "f1-score": 0.3558282208588957,
        "support": 49.0
    },
    "9": {
        "precision": 0.4,
        "recall": 0.12244897959183673,
        "f1-score": 0.1875,
        "support": 49.0
    },
    "accuracy": 0.32142857142857145,
    "macro avg": {
        "precision": 0.4403428540864356,
        "recall": 0.32142857142857145,
        "f1-score": 0.31400695938418005,
        "support": 392.0
    },
    "weighted avg": {
        "precision": 0.44034285408643564,
        "recall": 0.32142857142857145,
        "f1-score": 0.31400695938418005,
        "support": 392.0
    }
}