{
    "2": {
        "precision": 1.0,
        "recall": 0.9795918367346939,
        "f1-score": 0.9896907216494846,
        "support": 49.0
    },
    "3": {
        "precision": 0.6805555555555556,
        "recall": 1.0,
        "f1-score": 0.8099173553719008,
        "support": 49.0
    },
    "4": {
        "precision": 0.92,
        "recall": 0.46938775510204084,
        "f1-score": 0.6216216216216216,
        "support": 49.0
    },
    "5": {
        "precision": 0.5421686746987951,
        "recall": 0.9183673469387755,
        "f1-score": 0.6818181818181818,
        "support": 49.0
    },
    "6": {
        "precision": 0.0,
        "recall": 0.0,
        "f1-score": 0.0,
        "support": 49.0
    },
    "7": {
        "precision": 0.3006134969325153,
        "recall": 1.0,
        "f1-score": 0.46226415094339623,
        "support": 49.0
    },
    "8": {
        "precision": 0.0,
        "recall": 0.0,
        "f1-score": 0.0,
        "support": 49.0
    },
    "9": {
        "precision": 0.0,
        "recall": 0.0,
        "f1-score": 0.0,
        "support": 49.0
    },
    "accuracy": 0.5459183673469388,
    "macro avg": {
        "precision": 0.4304172158983583,
        "recall": 0.5459183673469388,
        "f1-score": 0.4456640039255731,
        "support": 392.0
    },
    "weighted avg": {
        "precision": 0.4304172158983583,
        "recall": 0.5459183673469388,
        "f1-score": 0.4456640039255731,
        "support": 392.0
    }
}