{
    "1": {
        "precision": 0.0,
        "recall": 0.0,
        "f1-score": 0.0,
        "support": 81.0
    },
    "2": {
        "precision": 0.08928571428571429,
        "recall": 0.06172839506172839,
        "f1-score": 0.072992700729927,
        "support": 81.0
    },
    "3": {
        "precision": 0.0,
        "recall": 0.0,
        "f1-score": 0.0,
        "support": 81.0
    },
    "4": {
        "precision": 0.24662162162162163,
        "recall": 0.9012345679012346,
        "f1-score": 0.38726790450928383,
        "support": 81.0
    },
    "5": {
        "precision": 0.19672131147540983,
        "recall": 0.14814814814814814,
        "f1-score": 0.16901408450704225,
        "support": 81.0
    },
    "6": {
        "precision": 0.11666666666666667,
        "recall": 0.08641975308641975,
        "f1-score": 0.09929078014184398,
        "support": 81.0
    },
    "7": {
        "precision": 0.1927710843373494,
        "recall": 0.5925925925925926,
        "f1-score": 0.2909090909090909,
        "support": 81.0
    },
    "8": {
        "precision": 0.0,
        "recall": 0.0,
        "f1-score": 0.0,
        "support": 81.0
    },
    "9": {
        "precision": 0.0,
        "recall": 0.0,
        "f1-score": 0.0,
        "support": 81.0
    },
    "accuracy": 0.19890260631001372,
    "macro avg": {
        "precision": 0.09356293315408465,
        "recall": 0.19890260631001372,
        "f1-score": 0.11327495119968756,
        "support": 729.0
    },
    "weighted avg": {
        "precision": 0.09356293315408465,
        "recall": 0.19890260631001372,
        "f1-score": 0.11327495119968754,
        "support": 729.0
    }
}