{
    "1": {
        "precision": 1.0,
        "recall": 0.5421810699588477,
        "f1-score": 0.7031354236157439,
        "support": 1944.0
    },
    "2": {
        "precision": 0.5616370808678501,
        "recall": 0.5859053497942387,
        "f1-score": 0.5735146022155085,
        "support": 1944.0
    },
    "3": {
        "precision": 0.6614766449020593,
        "recall": 0.6774691358024691,
        "f1-score": 0.6693773824650572,
        "support": 1944.0
    },
    "4": {
        "precision": 0.6732409381663113,
        "recall": 0.6496913580246914,
        "f1-score": 0.6612565445026178,
        "support": 1944.0
    },
    "5": {
        "precision": 0.6484198645598194,
        "recall": 0.5910493827160493,
        "f1-score": 0.6184068891280947,
        "support": 1944.0
    },
    "6": {
        "precision": 0.4231388978407992,
        "recall": 0.6754115226337448,
        "f1-score": 0.520309094511591,
        "support": 1944.0
    },
    "7": {
        "precision": 0.2764494919306635,
        "recall": 0.4758230452674897,
        "f1-score": 0.3497164461247637,
        "support": 1944.0
    },
    "8": {
        "precision": 0.3214596003475239,
        "recall": 0.19032921810699588,
        "f1-score": 0.23909531502423265,
        "support": 1944.0
    },
    "9": {
        "precision": 0.5323679727427598,
        "recall": 0.32150205761316875,
        "f1-score": 0.40089801154586274,
        "support": 1944.0
    },
    "micro avg": {
        "precision": 0.5232923692483566,
        "recall": 0.5232624599908551,
        "f1-score": 0.5232774141922208,
        "support": 17496.0
    },
    "macro avg": {
        "precision": 0.5664656101508652,
        "recall": 0.5232624599908551,
        "f1-score": 0.5261899676814968,
        "support": 17496.0
    },
    "weighted avg": {
        "precision": 0.5664656101508652,
        "recall": 0.5232624599908551,
        "f1-score": 0.5261899676814968,
        "support": 17496.0
    },
    "accuracy": 0.5232624599908551
}