{
    "2": {
        "precision": 1.0,
        "recall": 0.9387755102040817,
        "f1-score": 0.968421052631579,
        "support": 49.0
    },
    "3": {
        "precision": 0.9361702127659575,
        "recall": 0.8979591836734694,
        "f1-score": 0.9166666666666666,
        "support": 49.0
    },
    "4": {
        "precision": 0.875,
        "recall": 0.8571428571428571,
        "f1-score": 0.865979381443299,
        "support": 49.0
    },
    "5": {
        "precision": 0.8269230769230769,
        "recall": 0.8775510204081632,
        "f1-score": 0.8514851485148515,
        "support": 49.0
    },
    "6": {
        "precision": 0.8285714285714286,
        "recall": 0.5918367346938775,
        "f1-score": 0.6904761904761905,
        "support": 49.0
    },
    "7": {
        "precision": 0.5168539325842697,
        "recall": 0.9387755102040817,
        "f1-score": 0.6666666666666666,
        "support": 49.0
    },
    "8": {
        "precision": 0.43283582089552236,
        "recall": 0.5918367346938775,
        "f1-score": 0.5,
        "support": 49.0
    },
    "9": {
        "precision": 1.0,
        "recall": 0.16326530612244897,
        "f1-score": 0.2807017543859649,
        "support": 49.0
    },
    "accuracy": 0.7321428571428571,
    "macro avg": {
        "precision": 0.8020443089675319,
        "recall": 0.7321428571428571,
        "f1-score": 0.7175496075981522,
        "support": 392.0
    },
    "weighted avg": {
        "precision": 0.8020443089675319,
        "recall": 0.7321428571428571,
        "f1-score": 0.7175496075981522,
        "support": 392.0
    }
}