{
    "2": {
        "precision": 1.0,
        "recall": 0.7346938775510204,
        "f1-score": 0.8470588235294118,
        "support": 49.0
    },
    "3": {
        "precision": 0.6071428571428571,
        "recall": 0.3469387755102041,
        "f1-score": 0.44155844155844154,
        "support": 49.0
    },
    "4": {
        "precision": 0.3404255319148936,
        "recall": 0.32653061224489793,
        "f1-score": 0.3333333333333333,
        "support": 49.0
    },
    "5": {
        "precision": 0.3,
        "recall": 0.30612244897959184,
        "f1-score": 0.30303030303030304,
        "support": 49.0
    },
    "6": {
        "precision": 0.20833333333333334,
        "recall": 0.10204081632653061,
        "f1-score": 0.136986301369863,
        "support": 49.0
    },
    "7": {
        "precision": 0.2717391304347826,
        "recall": 0.5102040816326531,
        "f1-score": 0.3546099290780142,
        "support": 49.0
    },
    "8": {
        "precision": 0.35802469135802467,
        "recall": 0.5918367346938775,
        "f1-score": 0.4461538461538462,
        "support": 49.0
    },
    "9": {
        "precision": 0.6764705882352942,
        "recall": 0.46938775510204084,
        "f1-score": 0.5542168674698795,
        "support": 49.0
    },
    "accuracy": 0.42346938775510207,
    "macro avg": {
        "precision": 0.4702670165523982,
        "recall": 0.42346938775510207,
        "f1-score": 0.42711848069038655,
        "support": 392.0
    },
    "weighted avg": {
        "precision": 0.47026701655239816,
        "recall": 0.42346938775510207,
        "f1-score": 0.42711848069038655,
        "support": 392.0
    }
}