{
    "2": {
        "precision": 0.8771929824561403,
        "recall": 0.847457627118644,
        "f1-score": 0.8620689655172413,
        "support": 59.0
    },
    "3": {
        "precision": 0.6986301369863014,
        "recall": 0.85,
        "f1-score": 0.7669172932330827,
        "support": 60.0
    },
    "4": {
        "precision": 0.7454545454545455,
        "recall": 0.6833333333333333,
        "f1-score": 0.7130434782608696,
        "support": 60.0
    },
    "5": {
        "precision": 0.7,
        "recall": 0.7,
        "f1-score": 0.7,
        "support": 60.0
    },
    "6": {
        "precision": 0.45714285714285713,
        "recall": 0.5517241379310345,
        "f1-score": 0.5,
        "support": 58.0
    },
    "7": {
        "precision": 0.5217391304347826,
        "recall": 0.42857142857142855,
        "f1-score": 0.47058823529411764,
        "support": 56.0
    },
    "8": {
        "precision": 0.5510204081632653,
        "recall": 0.4576271186440678,
        "f1-score": 0.5,
        "support": 59.0
    },
    "9": {
        "precision": 0.7368421052631579,
        "recall": 0.4745762711864407,
        "f1-score": 0.5773195876288659,
        "support": 59.0
    },
    "micro avg": {
        "precision": 0.6584821428571429,
        "recall": 0.6263269639065817,
        "f1-score": 0.6420021762785637,
        "support": 471.0
    },
    "macro avg": {
        "precision": 0.6610027707376313,
        "recall": 0.6241612395981186,
        "f1-score": 0.6362421949917721,
        "support": 471.0
    },
    "weighted avg": {
        "precision": 0.6626646119366361,
        "recall": 0.6263269639065817,
        "f1-score": 0.6381624460758557,
        "support": 471.0
    },
    "accuracy": 0.6263269639065817
}