{
    "1": {
        "precision": 1.0,
        "recall": 0.9547325102880658,
        "f1-score": 0.9768421052631578,
        "support": 243.0
    },
    "2": {
        "precision": 0.9210526315789473,
        "recall": 0.5761316872427984,
        "f1-score": 0.7088607594936709,
        "support": 243.0
    },
    "3": {
        "precision": 0.5962264150943396,
        "recall": 0.6502057613168725,
        "f1-score": 0.6220472440944882,
        "support": 243.0
    },
    "4": {
        "precision": 0.6182432432432432,
        "recall": 0.7530864197530864,
        "f1-score": 0.6790352504638218,
        "support": 243.0
    },
    "5": {
        "precision": 0.6104651162790697,
        "recall": 0.43209876543209874,
        "f1-score": 0.5060240963855421,
        "support": 243.0
    },
    "6": {
        "precision": 0.4150197628458498,
        "recall": 0.43209876543209874,
        "f1-score": 0.42338709677419356,
        "support": 243.0
    },
    "7": {
        "precision": 0.3525641025641026,
        "recall": 0.45267489711934156,
        "f1-score": 0.3963963963963964,
        "support": 243.0
    },
    "8": {
        "precision": 0.3574007220216607,
        "recall": 0.4074074074074074,
        "f1-score": 0.38076923076923075,
        "support": 243.0
    },
    "9": {
        "precision": 0.5701754385964912,
        "recall": 0.5349794238683128,
        "f1-score": 0.5520169851380042,
        "support": 243.0
    },
    "accuracy": 0.5770461819844536,
    "macro avg": {
        "precision": 0.604571936913745,
        "recall": 0.5770461819844537,
        "f1-score": 0.5828199071976118,
        "support": 2187.0
    },
    "weighted avg": {
        "precision": 0.6045719369137448,
        "recall": 0.5770461819844536,
        "f1-score": 0.5828199071976118,
        "support": 2187.0
    }
}