{
    "2": {
        "precision": 1.0,
        "recall": 0.061224489795918366,
        "f1-score": 0.11538461538461539,
        "support": 49.0
    },
    "3": {
        "precision": 0.5063291139240507,
        "recall": 0.8163265306122449,
        "f1-score": 0.625,
        "support": 49.0
    },
    "4": {
        "precision": 0.2079646017699115,
        "recall": 0.9591836734693877,
        "f1-score": 0.3418181818181818,
        "support": 49.0
    },
    "5": {
        "precision": 0.0,
        "recall": 0.0,
        "f1-score": 0.0,
        "support": 49.0
    },
    "6": {
        "precision": 0.0,
        "recall": 0.0,
        "f1-score": 0.0,
        "support": 49.0
    },
    "7": {
        "precision": 0.0,
        "recall": 0.0,
        "f1-score": 0.0,
        "support": 49.0
    },
    "8": {
        "precision": 0.0,
        "recall": 0.0,
        "f1-score": 0.0,
        "support": 49.0
    },
    "9": {
        "precision": 0.45454545454545453,
        "recall": 0.6122448979591837,
        "f1-score": 0.5217391304347826,
        "support": 49.0
    },
    "accuracy": 0.30612244897959184,
    "macro avg": {
        "precision": 0.27110489627992707,
        "recall": 0.30612244897959184,
        "f1-score": 0.2004927409546975,
        "support": 392.0
    },
    "weighted avg": {
        "precision": 0.27110489627992707,
        "recall": 0.30612244897959184,
        "f1-score": 0.2004927409546975,
        "support": 392.0
    }
}