{
    "1": {
        "precision": 1.0,
        "recall": 0.024691358024691357,
        "f1-score": 0.04819277108433735,
        "support": 81.0
    },
    "2": {
        "precision": 1.0,
        "recall": 0.1111111111111111,
        "f1-score": 0.2,
        "support": 81.0
    },
    "3": {
        "precision": 0.0,
        "recall": 0.0,
        "f1-score": 0.0,
        "support": 81.0
    },
    "4": {
        "precision": 0.19808306709265175,
        "recall": 0.7654320987654321,
        "f1-score": 0.3147208121827411,
        "support": 81.0
    },
    "5": {
        "precision": 0.0,
        "recall": 0.0,
        "f1-score": 0.0,
        "support": 81.0
    },
    "6": {
        "precision": 0.27626459143968873,
        "recall": 0.8765432098765432,
        "f1-score": 0.42011834319526625,
        "support": 81.0
    },
    "7": {
        "precision": 0.0,
        "recall": 0.0,
        "f1-score": 0.0,
        "support": 81.0
    },
    "8": {
        "precision": 0.3181818181818182,
        "recall": 0.08641975308641975,
        "f1-score": 0.13592233009708737,
        "support": 81.0
    },
    "9": {
        "precision": 0.4132231404958678,
        "recall": 0.6172839506172839,
        "f1-score": 0.49504950495049505,
        "support": 81.0
    },
    "accuracy": 0.2757201646090535,
    "macro avg": {
        "precision": 0.3561947352455585,
        "recall": 0.27572016460905346,
        "f1-score": 0.17933375127888077,
        "support": 729.0
    },
    "weighted avg": {
        "precision": 0.3561947352455585,
        "recall": 0.2757201646090535,
        "f1-score": 0.1793337512788808,
        "support": 729.0
    }
}