{
    "1": {
        "precision": 1.0,
        "recall": 1.0,
        "f1-score": 1.0,
        "support": 81.0
    },
    "2": {
        "precision": 0.9404761904761905,
        "recall": 0.9753086419753086,
        "f1-score": 0.9575757575757575,
        "support": 81.0
    },
    "3": {
        "precision": 0.8928571428571429,
        "recall": 0.6172839506172839,
        "f1-score": 0.7299270072992701,
        "support": 81.0
    },
    "4": {
        "precision": 0.3673469387755102,
        "recall": 0.2222222222222222,
        "f1-score": 0.27692307692307694,
        "support": 81.0
    },
    "5": {
        "precision": 0.25316455696202533,
        "recall": 0.24691358024691357,
        "f1-score": 0.25,
        "support": 81.0
    },
    "6": {
        "precision": 0.09090909090909091,
        "recall": 0.06172839506172839,
        "f1-score": 0.07352941176470588,
        "support": 81.0
    },
    "7": {
        "precision": 0.10294117647058823,
        "recall": 0.08641975308641975,
        "f1-score": 0.09395973154362416,
        "support": 81.0
    },
    "8": {
        "precision": 0.18518518518518517,
        "recall": 0.24691358024691357,
        "f1-score": 0.21164021164021163,
        "support": 81.0
    },
    "9": {
        "precision": 0.0,
        "recall": 0.0,
        "f1-score": 0.0,
        "support": 81.0
    },
    "micro avg": {
        "precision": 0.46901172529313234,
        "recall": 0.3840877914951989,
        "f1-score": 0.42232277526395173,
        "support": 729.0
    },
    "macro avg": {
        "precision": 0.4258755868484148,
        "recall": 0.38408779149519895,
        "f1-score": 0.3992839107496273,
        "support": 729.0
    },
    "weighted avg": {
        "precision": 0.42587558684841476,
        "recall": 0.3840877914951989,
        "f1-score": 0.3992839107496273,
        "support": 729.0
    },
    "accuracy": 0.3840877914951989
}