{
    "2": {
        "precision": 1.0,
        "recall": 0.9591836734693877,
        "f1-score": 0.9791666666666666,
        "support": 49.0
    },
    "3": {
        "precision": 0.5697674418604651,
        "recall": 1.0,
        "f1-score": 0.725925925925926,
        "support": 49.0
    },
    "4": {
        "precision": 0.5882352941176471,
        "recall": 0.20408163265306123,
        "f1-score": 0.30303030303030304,
        "support": 49.0
    },
    "5": {
        "precision": 0.5671641791044776,
        "recall": 0.7755102040816326,
        "f1-score": 0.6551724137931034,
        "support": 49.0
    },
    "6": {
        "precision": 0.0,
        "recall": 0.0,
        "f1-score": 0.0,
        "support": 49.0
    },
    "7": {
        "precision": 0.29878048780487804,
        "recall": 1.0,
        "f1-score": 0.460093896713615,
        "support": 49.0
    },
    "8": {
        "precision": 0.0,
        "recall": 0.0,
        "f1-score": 0.0,
        "support": 49.0
    },
    "9": {
        "precision": 1.0,
        "recall": 0.22448979591836735,
        "f1-score": 0.36666666666666664,
        "support": 49.0
    },
    "accuracy": 0.5204081632653061,
    "macro avg": {
        "precision": 0.5029934253609335,
        "recall": 0.5204081632653061,
        "f1-score": 0.4362569840995351,
        "support": 392.0
    },
    "weighted avg": {
        "precision": 0.5029934253609335,
        "recall": 0.5204081632653061,
        "f1-score": 0.4362569840995351,
        "support": 392.0
    }
}