{
    "1": {
        "precision": 1.0,
        "recall": 1.0,
        "f1-score": 1.0,
        "support": 81.0
    },
    "2": {
        "precision": 0.9642857142857143,
        "recall": 1.0,
        "f1-score": 0.9818181818181818,
        "support": 81.0
    },
    "3": {
        "precision": 0.8941176470588236,
        "recall": 0.9382716049382716,
        "f1-score": 0.9156626506024096,
        "support": 81.0
    },
    "4": {
        "precision": 0.8,
        "recall": 0.8888888888888888,
        "f1-score": 0.8421052631578947,
        "support": 81.0
    },
    "5": {
        "precision": 0.6808510638297872,
        "recall": 0.7901234567901234,
        "f1-score": 0.7314285714285714,
        "support": 81.0
    },
    "6": {
        "precision": 0.6341463414634146,
        "recall": 0.6419753086419753,
        "f1-score": 0.6380368098159509,
        "support": 81.0
    },
    "7": {
        "precision": 0.5568181818181818,
        "recall": 0.6049382716049383,
        "f1-score": 0.5798816568047337,
        "support": 81.0
    },
    "8": {
        "precision": 0.5882352941176471,
        "recall": 0.37037037037037035,
        "f1-score": 0.45454545454545453,
        "support": 81.0
    },
    "9": {
        "precision": 0.7611940298507462,
        "recall": 0.6296296296296297,
        "f1-score": 0.6891891891891891,
        "support": 81.0
    },
    "micro avg": {
        "precision": 0.7700831024930748,
        "recall": 0.7626886145404664,
        "f1-score": 0.766368022053756,
        "support": 729.0
    },
    "macro avg": {
        "precision": 0.7644053636027017,
        "recall": 0.7626886145404664,
        "f1-score": 0.7591853085958208,
        "support": 729.0
    },
    "weighted avg": {
        "precision": 0.7644053636027017,
        "recall": 0.7626886145404664,
        "f1-score": 0.7591853085958206,
        "support": 729.0
    },
    "accuracy": 0.7626886145404664
}