{
    "1": {
        "precision": 1.0,
        "recall": 0.25925925925925924,
        "f1-score": 0.4117647058823529,
        "support": 81.0
    },
    "2": {
        "precision": 0.2,
        "recall": 0.18518518518518517,
        "f1-score": 0.19230769230769232,
        "support": 81.0
    },
    "3": {
        "precision": 0.2976190476190476,
        "recall": 0.30864197530864196,
        "f1-score": 0.30303030303030304,
        "support": 81.0
    },
    "4": {
        "precision": 0.3584905660377358,
        "recall": 0.2345679012345679,
        "f1-score": 0.2835820895522388,
        "support": 81.0
    },
    "5": {
        "precision": 0.3389830508474576,
        "recall": 0.24691358024691357,
        "f1-score": 0.2857142857142857,
        "support": 81.0
    },
    "6": {
        "precision": 0.2956521739130435,
        "recall": 0.41975308641975306,
        "f1-score": 0.3469387755102041,
        "support": 81.0
    },
    "7": {
        "precision": 0.2206896551724138,
        "recall": 0.3950617283950617,
        "f1-score": 0.2831858407079646,
        "support": 81.0
    },
    "8": {
        "precision": 0.2857142857142857,
        "recall": 0.1728395061728395,
        "f1-score": 0.2153846153846154,
        "support": 81.0
    },
    "9": {
        "precision": 0.375,
        "recall": 0.5925925925925926,
        "f1-score": 0.45933014354066987,
        "support": 81.0
    },
    "accuracy": 0.31275720164609055,
    "macro avg": {
        "precision": 0.37468319770044267,
        "recall": 0.31275720164609055,
        "f1-score": 0.3090264946255919,
        "support": 729.0
    },
    "weighted avg": {
        "precision": 0.37468319770044267,
        "recall": 0.31275720164609055,
        "f1-score": 0.3090264946255919,
        "support": 729.0
    }
}