{
    "2": {
        "precision": 1.0,
        "recall": 1.0,
        "f1-score": 1.0,
        "support": 49.0
    },
    "3": {
        "precision": 1.0,
        "recall": 0.7551020408163265,
        "f1-score": 0.8604651162790697,
        "support": 49.0
    },
    "4": {
        "precision": 0.8,
        "recall": 0.9795918367346939,
        "f1-score": 0.8807339449541285,
        "support": 49.0
    },
    "5": {
        "precision": 0.9444444444444444,
        "recall": 0.3469387755102041,
        "f1-score": 0.5074626865671642,
        "support": 49.0
    },
    "6": {
        "precision": 0.6097560975609756,
        "recall": 0.5102040816326531,
        "f1-score": 0.5555555555555556,
        "support": 49.0
    },
    "7": {
        "precision": 0.2391304347826087,
        "recall": 0.22448979591836735,
        "f1-score": 0.23157894736842105,
        "support": 49.0
    },
    "8": {
        "precision": 0.2857142857142857,
        "recall": 0.2857142857142857,
        "f1-score": 0.2857142857142857,
        "support": 49.0
    },
    "9": {
        "precision": 0.43478260869565216,
        "recall": 0.8163265306122449,
        "f1-score": 0.5673758865248227,
        "support": 49.0
    },
    "accuracy": 0.6147959183673469,
    "macro avg": {
        "precision": 0.6642284838997459,
        "recall": 0.6147959183673469,
        "f1-score": 0.611110802870431,
        "support": 392.0
    },
    "weighted avg": {
        "precision": 0.6642284838997459,
        "recall": 0.6147959183673469,
        "f1-score": 0.611110802870431,
        "support": 392.0
    }
}