{
    "1": {
        "precision": 1.0,
        "recall": 0.654320987654321,
        "f1-score": 0.7910447761194029,
        "support": 81.0
    },
    "2": {
        "precision": 0.6744186046511628,
        "recall": 0.7160493827160493,
        "f1-score": 0.6946107784431138,
        "support": 81.0
    },
    "3": {
        "precision": 0.7682926829268293,
        "recall": 0.7777777777777778,
        "f1-score": 0.7730061349693251,
        "support": 81.0
    },
    "4": {
        "precision": 0.6853932584269663,
        "recall": 0.7530864197530864,
        "f1-score": 0.7176470588235294,
        "support": 81.0
    },
    "5": {
        "precision": 0.6263736263736264,
        "recall": 0.7037037037037037,
        "f1-score": 0.6627906976744186,
        "support": 81.0
    },
    "6": {
        "precision": 0.42063492063492064,
        "recall": 0.654320987654321,
        "f1-score": 0.5120772946859904,
        "support": 81.0
    },
    "7": {
        "precision": 0.20270270270270271,
        "recall": 0.37037037037037035,
        "f1-score": 0.26200873362445415,
        "support": 81.0
    },
    "8": {
        "precision": 0.22857142857142856,
        "recall": 0.09876543209876543,
        "f1-score": 0.13793103448275862,
        "support": 81.0
    },
    "9": {
        "precision": 0.5263157894736842,
        "recall": 0.12345679012345678,
        "f1-score": 0.2,
        "support": 81.0
    },
    "accuracy": 0.5390946502057613,
    "macro avg": {
        "precision": 0.570300334862369,
        "recall": 0.5390946502057613,
        "f1-score": 0.5279018343136659,
        "support": 729.0
    },
    "weighted avg": {
        "precision": 0.570300334862369,
        "recall": 0.5390946502057613,
        "f1-score": 0.5279018343136659,
        "support": 729.0
    }
}