{
    "1": {
        "precision": 1.0,
        "recall": 1.0,
        "f1-score": 1.0,
        "support": 81.0
    },
    "2": {
        "precision": 1.0,
        "recall": 0.9753086419753086,
        "f1-score": 0.9875,
        "support": 81.0
    },
    "3": {
        "precision": 0.961038961038961,
        "recall": 0.9135802469135802,
        "f1-score": 0.9367088607594937,
        "support": 81.0
    },
    "4": {
        "precision": 0.8875,
        "recall": 0.8765432098765432,
        "f1-score": 0.8819875776397516,
        "support": 81.0
    },
    "5": {
        "precision": 0.8481012658227848,
        "recall": 0.8271604938271605,
        "f1-score": 0.8375,
        "support": 81.0
    },
    "6": {
        "precision": 0.7916666666666666,
        "recall": 0.7037037037037037,
        "f1-score": 0.7450980392156863,
        "support": 81.0
    },
    "7": {
        "precision": 0.6578947368421053,
        "recall": 0.6172839506172839,
        "f1-score": 0.6369426751592356,
        "support": 81.0
    },
    "8": {
        "precision": 0.5344827586206896,
        "recall": 0.38271604938271603,
        "f1-score": 0.4460431654676259,
        "support": 81.0
    },
    "9": {
        "precision": 0.4642857142857143,
        "recall": 0.48148148148148145,
        "f1-score": 0.4727272727272727,
        "support": 81.0
    },
    "micro avg": {
        "precision": 0.8002915451895044,
        "recall": 0.7530864197530864,
        "f1-score": 0.7759717314487633,
        "support": 729.0
    },
    "macro avg": {
        "precision": 0.793885567030769,
        "recall": 0.7530864197530864,
        "f1-score": 0.7716119545521184,
        "support": 729.0
    },
    "weighted avg": {
        "precision": 0.7938855670307692,
        "recall": 0.7530864197530864,
        "f1-score": 0.7716119545521184,
        "support": 729.0
    },
    "accuracy": 0.7530864197530864
}