{
    "1": {
        "precision": 0.8117647058823529,
        "recall": 0.8518518518518519,
        "f1-score": 0.8313253012048193,
        "support": 81.0
    },
    "2": {
        "precision": 0.8260869565217391,
        "recall": 0.2345679012345679,
        "f1-score": 0.36538461538461536,
        "support": 81.0
    },
    "3": {
        "precision": 0.0,
        "recall": 0.0,
        "f1-score": 0.0,
        "support": 81.0
    },
    "4": {
        "precision": 0.08849557522123894,
        "recall": 0.12345679012345678,
        "f1-score": 0.10309278350515463,
        "support": 81.0
    },
    "5": {
        "precision": 0.08333333333333333,
        "recall": 0.012345679012345678,
        "f1-score": 0.021505376344086023,
        "support": 81.0
    },
    "6": {
        "precision": 0.16330645161290322,
        "recall": 1.0,
        "f1-score": 0.2807625649913345,
        "support": 81.0
    },
    "7": {
        "precision": 0.0,
        "recall": 0.0,
        "f1-score": 0.0,
        "support": 81.0
    },
    "8": {
        "precision": 0.0,
        "recall": 0.0,
        "f1-score": 0.0,
        "support": 81.0
    },
    "9": {
        "precision": 0.0,
        "recall": 0.0,
        "f1-score": 0.0,
        "support": 81.0
    },
    "accuracy": 0.24691358024691357,
    "macro avg": {
        "precision": 0.2192207802857297,
        "recall": 0.2469135802469136,
        "f1-score": 0.1780078490477789,
        "support": 729.0
    },
    "weighted avg": {
        "precision": 0.21922078028572972,
        "recall": 0.24691358024691357,
        "f1-score": 0.17800784904777886,
        "support": 729.0
    }
}