{
    "1": {
        "precision": 1.0,
        "recall": 0.32098765432098764,
        "f1-score": 0.48598130841121495,
        "support": 81.0
    },
    "2": {
        "precision": 0.2948717948717949,
        "recall": 0.2839506172839506,
        "f1-score": 0.2893081761006289,
        "support": 81.0
    },
    "3": {
        "precision": 0.3717948717948718,
        "recall": 0.35802469135802467,
        "f1-score": 0.36477987421383645,
        "support": 81.0
    },
    "4": {
        "precision": 0.46875,
        "recall": 0.37037037037037035,
        "f1-score": 0.41379310344827586,
        "support": 81.0
    },
    "5": {
        "precision": 0.4461538461538462,
        "recall": 0.35802469135802467,
        "f1-score": 0.3972602739726027,
        "support": 81.0
    },
    "6": {
        "precision": 0.3191489361702128,
        "recall": 0.5555555555555556,
        "f1-score": 0.40540540540540543,
        "support": 81.0
    },
    "7": {
        "precision": 0.2608695652173913,
        "recall": 0.4444444444444444,
        "f1-score": 0.3287671232876712,
        "support": 81.0
    },
    "8": {
        "precision": 0.25806451612903225,
        "recall": 0.09876543209876543,
        "f1-score": 0.14285714285714285,
        "support": 81.0
    },
    "9": {
        "precision": 0.4166666666666667,
        "recall": 0.5555555555555556,
        "f1-score": 0.47619047619047616,
        "support": 81.0
    },
    "accuracy": 0.3717421124828532,
    "macro avg": {
        "precision": 0.42625779966709065,
        "recall": 0.3717421124828532,
        "f1-score": 0.3671492093208061,
        "support": 729.0
    },
    "weighted avg": {
        "precision": 0.42625779966709065,
        "recall": 0.3717421124828532,
        "f1-score": 0.3671492093208061,
        "support": 729.0
    }
}