{
    "1": {
        "precision": 1.0,
        "recall": 1.0,
        "f1-score": 1.0,
        "support": 81.0
    },
    "2": {
        "precision": 1.0,
        "recall": 1.0,
        "f1-score": 1.0,
        "support": 81.0
    },
    "3": {
        "precision": 1.0,
        "recall": 1.0,
        "f1-score": 1.0,
        "support": 81.0
    },
    "4": {
        "precision": 1.0,
        "recall": 1.0,
        "f1-score": 1.0,
        "support": 81.0
    },
    "5": {
        "precision": 0.9101123595505618,
        "recall": 1.0,
        "f1-score": 0.9529411764705882,
        "support": 81.0
    },
    "6": {
        "precision": 0.7934782608695652,
        "recall": 0.9012345679012346,
        "f1-score": 0.8439306358381503,
        "support": 81.0
    },
    "7": {
        "precision": 0.6176470588235294,
        "recall": 0.7777777777777778,
        "f1-score": 0.6885245901639344,
        "support": 81.0
    },
    "8": {
        "precision": 1.0,
        "recall": 0.14814814814814814,
        "f1-score": 0.25806451612903225,
        "support": 81.0
    },
    "9": {
        "precision": 0.4358974358974359,
        "recall": 0.20987654320987653,
        "f1-score": 0.2833333333333333,
        "support": 81.0
    },
    "micro avg": {
        "precision": 0.8662613981762918,
        "recall": 0.7818930041152263,
        "f1-score": 0.821917808219178,
        "support": 729.0
    },
    "macro avg": {
        "precision": 0.8619039016823437,
        "recall": 0.7818930041152263,
        "f1-score": 0.780754916881671,
        "support": 729.0
    },
    "weighted avg": {
        "precision": 0.8619039016823435,
        "recall": 0.7818930041152263,
        "f1-score": 0.7807549168816711,
        "support": 729.0
    },
    "accuracy": 0.7818930041152263
}