{
    "1": {
        "precision": 1.0,
        "recall": 1.0,
        "f1-score": 1.0,
        "support": 81.0
    },
    "2": {
        "precision": 1.0,
        "recall": 0.9012345679012346,
        "f1-score": 0.948051948051948,
        "support": 81.0
    },
    "3": {
        "precision": 0.8873239436619719,
        "recall": 0.7777777777777778,
        "f1-score": 0.8289473684210527,
        "support": 81.0
    },
    "4": {
        "precision": 0.7625,
        "recall": 0.7530864197530864,
        "f1-score": 0.7577639751552795,
        "support": 81.0
    },
    "5": {
        "precision": 0.7009345794392523,
        "recall": 0.9259259259259259,
        "f1-score": 0.7978723404255319,
        "support": 81.0
    },
    "6": {
        "precision": 0.7733333333333333,
        "recall": 0.7160493827160493,
        "f1-score": 0.7435897435897436,
        "support": 81.0
    },
    "7": {
        "precision": 0.6190476190476191,
        "recall": 0.8024691358024691,
        "f1-score": 0.6989247311827957,
        "support": 81.0
    },
    "8": {
        "precision": 0.5,
        "recall": 0.6296296296296297,
        "f1-score": 0.5573770491803278,
        "support": 81.0
    },
    "9": {
        "precision": 0.9714285714285714,
        "recall": 0.41975308641975306,
        "f1-score": 0.5862068965517241,
        "support": 81.0
    },
    "accuracy": 0.7695473251028807,
    "macro avg": {
        "precision": 0.801618671878972,
        "recall": 0.7695473251028807,
        "f1-score": 0.7687482280620448,
        "support": 729.0
    },
    "weighted avg": {
        "precision": 0.8016186718789721,
        "recall": 0.7695473251028807,
        "f1-score": 0.7687482280620447,
        "support": 729.0
    }
}