{
    "2": {
        "precision": 1.0,
        "recall": 0.9795918367346939,
        "f1-score": 0.9896907216494846,
        "support": 49.0
    },
    "3": {
        "precision": 0.9743589743589743,
        "recall": 0.7755102040816326,
        "f1-score": 0.8636363636363636,
        "support": 49.0
    },
    "4": {
        "precision": 0.7719298245614035,
        "recall": 0.8979591836734694,
        "f1-score": 0.8301886792452831,
        "support": 49.0
    },
    "5": {
        "precision": 0.734375,
        "recall": 0.9591836734693877,
        "f1-score": 0.831858407079646,
        "support": 49.0
    },
    "6": {
        "precision": 0.7692307692307693,
        "recall": 0.6122448979591837,
        "f1-score": 0.6818181818181818,
        "support": 49.0
    },
    "7": {
        "precision": 0.43010752688172044,
        "recall": 0.8163265306122449,
        "f1-score": 0.5633802816901409,
        "support": 49.0
    },
    "8": {
        "precision": 0.22916666666666666,
        "recall": 0.22448979591836735,
        "f1-score": 0.2268041237113402,
        "support": 49.0
    },
    "9": {
        "precision": 1.0,
        "recall": 0.08163265306122448,
        "f1-score": 0.1509433962264151,
        "support": 49.0
    },
    "accuracy": 0.6683673469387755,
    "macro avg": {
        "precision": 0.7386460952124417,
        "recall": 0.6683673469387755,
        "f1-score": 0.642290019382107,
        "support": 392.0
    },
    "weighted avg": {
        "precision": 0.7386460952124417,
        "recall": 0.6683673469387755,
        "f1-score": 0.6422900193821068,
        "support": 392.0
    }
}