{
    "2": {
        "precision": 1.0,
        "recall": 0.7142857142857143,
        "f1-score": 0.8333333333333334,
        "support": 49.0
    },
    "3": {
        "precision": 0.6304347826086957,
        "recall": 0.5918367346938775,
        "f1-score": 0.6105263157894737,
        "support": 49.0
    },
    "4": {
        "precision": 0.4411764705882353,
        "recall": 0.30612244897959184,
        "f1-score": 0.3614457831325301,
        "support": 49.0
    },
    "5": {
        "precision": 0.4861111111111111,
        "recall": 0.7142857142857143,
        "f1-score": 0.5785123966942148,
        "support": 49.0
    },
    "6": {
        "precision": 0.4473684210526316,
        "recall": 0.3469387755102041,
        "f1-score": 0.39080459770114945,
        "support": 49.0
    },
    "7": {
        "precision": 1.0,
        "recall": 0.02040816326530612,
        "f1-score": 0.04,
        "support": 49.0
    },
    "8": {
        "precision": 0.26666666666666666,
        "recall": 0.6530612244897959,
        "f1-score": 0.378698224852071,
        "support": 49.0
    },
    "9": {
        "precision": 0.30434782608695654,
        "recall": 0.2857142857142857,
        "f1-score": 0.29473684210526313,
        "support": 49.0
    },
    "accuracy": 0.45408163265306123,
    "macro avg": {
        "precision": 0.5720131597642871,
        "recall": 0.45408163265306123,
        "f1-score": 0.43600718670100447,
        "support": 392.0
    },
    "weighted avg": {
        "precision": 0.5720131597642871,
        "recall": 0.45408163265306123,
        "f1-score": 0.43600718670100447,
        "support": 392.0
    }
}