{
    "1": {
        "precision": 0.44680851063829785,
        "recall": 0.25925925925925924,
        "f1-score": 0.328125,
        "support": 81.0
    },
    "2": {
        "precision": 0.3333333333333333,
        "recall": 0.35802469135802467,
        "f1-score": 0.34523809523809523,
        "support": 81.0
    },
    "3": {
        "precision": 0.0851063829787234,
        "recall": 0.04938271604938271,
        "f1-score": 0.0625,
        "support": 81.0
    },
    "4": {
        "precision": 0.4028776978417266,
        "recall": 0.691358024691358,
        "f1-score": 0.509090909090909,
        "support": 81.0
    },
    "5": {
        "precision": 1.0,
        "recall": 0.012345679012345678,
        "f1-score": 0.024390243902439025,
        "support": 81.0
    },
    "6": {
        "precision": 0.2911392405063291,
        "recall": 0.5679012345679012,
        "f1-score": 0.38493723849372385,
        "support": 81.0
    },
    "7": {
        "precision": 0.0,
        "recall": 0.0,
        "f1-score": 0.0,
        "support": 81.0
    },
    "8": {
        "precision": 0.272,
        "recall": 0.8395061728395061,
        "f1-score": 0.4108761329305136,
        "support": 81.0
    },
    "9": {
        "precision": 0.0,
        "recall": 0.0,
        "f1-score": 0.0,
        "support": 81.0
    },
    "accuracy": 0.30864197530864196,
    "macro avg": {
        "precision": 0.31458501836649005,
        "recall": 0.30864197530864196,
        "f1-score": 0.22946195773952008,
        "support": 729.0
    },
    "weighted avg": {
        "precision": 0.31458501836649,
        "recall": 0.30864197530864196,
        "f1-score": 0.22946195773952008,
        "support": 729.0
    }
}