{
    "1": {
        "precision": 1.0,
        "recall": 0.7160493827160493,
        "f1-score": 0.8345323741007195,
        "support": 81.0
    },
    "2": {
        "precision": 0.7472527472527473,
        "recall": 0.8395061728395061,
        "f1-score": 0.7906976744186046,
        "support": 81.0
    },
    "3": {
        "precision": 0.8470588235294118,
        "recall": 0.8888888888888888,
        "f1-score": 0.8674698795180723,
        "support": 81.0
    },
    "4": {
        "precision": 0.8780487804878049,
        "recall": 0.8888888888888888,
        "f1-score": 0.8834355828220859,
        "support": 81.0
    },
    "5": {
        "precision": 0.8,
        "recall": 0.8395061728395061,
        "f1-score": 0.8192771084337349,
        "support": 81.0
    },
    "6": {
        "precision": 0.5619834710743802,
        "recall": 0.8395061728395061,
        "f1-score": 0.6732673267326733,
        "support": 81.0
    },
    "7": {
        "precision": 0.29285714285714287,
        "recall": 0.5061728395061729,
        "f1-score": 0.37104072398190047,
        "support": 81.0
    },
    "8": {
        "precision": 0.2692307692307692,
        "recall": 0.1728395061728395,
        "f1-score": 0.21052631578947367,
        "support": 81.0
    },
    "9": {
        "precision": 0.8666666666666667,
        "recall": 0.16049382716049382,
        "f1-score": 0.2708333333333333,
        "support": 81.0
    },
    "accuracy": 0.6502057613168725,
    "macro avg": {
        "precision": 0.6958998223443247,
        "recall": 0.6502057613168724,
        "f1-score": 0.6356755910145109,
        "support": 729.0
    },
    "weighted avg": {
        "precision": 0.6958998223443247,
        "recall": 0.6502057613168725,
        "f1-score": 0.6356755910145109,
        "support": 729.0
    }
}