{
    "2": {
        "precision": 1.0,
        "recall": 0.42857142857142855,
        "f1-score": 0.6,
        "support": 49.0
    },
    "3": {
        "precision": 0.5116279069767442,
        "recall": 0.8979591836734694,
        "f1-score": 0.6518518518518519,
        "support": 49.0
    },
    "4": {
        "precision": 0.6875,
        "recall": 0.673469387755102,
        "f1-score": 0.6804123711340206,
        "support": 49.0
    },
    "5": {
        "precision": 0.6111111111111112,
        "recall": 0.22448979591836735,
        "f1-score": 0.3283582089552239,
        "support": 49.0
    },
    "6": {
        "precision": 0.0,
        "recall": 0.0,
        "f1-score": 0.0,
        "support": 49.0
    },
    "7": {
        "precision": 0.0,
        "recall": 0.0,
        "f1-score": 0.0,
        "support": 49.0
    },
    "8": {
        "precision": 0.0,
        "recall": 0.0,
        "f1-score": 0.0,
        "support": 49.0
    },
    "9": {
        "precision": 0.22477064220183487,
        "recall": 1.0,
        "f1-score": 0.36704119850187267,
        "support": 49.0
    },
    "accuracy": 0.4030612244897959,
    "macro avg": {
        "precision": 0.37937620753621126,
        "recall": 0.4030612244897959,
        "f1-score": 0.3284579538053712,
        "support": 392.0
    },
    "weighted avg": {
        "precision": 0.37937620753621126,
        "recall": 0.4030612244897959,
        "f1-score": 0.3284579538053712,
        "support": 392.0
    }
}