{
    "1": {
        "precision": 1.0,
        "recall": 0.6831275720164609,
        "f1-score": 0.8117359413202934,
        "support": 243.0
    },
    "2": {
        "precision": 0.5649717514124294,
        "recall": 0.411522633744856,
        "f1-score": 0.47619047619047616,
        "support": 243.0
    },
    "3": {
        "precision": 0.5057034220532319,
        "recall": 0.5473251028806584,
        "f1-score": 0.525691699604743,
        "support": 243.0
    },
    "4": {
        "precision": 0.6099290780141844,
        "recall": 0.7078189300411523,
        "f1-score": 0.6552380952380953,
        "support": 243.0
    },
    "5": {
        "precision": 0.6820276497695853,
        "recall": 0.6090534979423868,
        "f1-score": 0.6434782608695652,
        "support": 243.0
    },
    "6": {
        "precision": 0.5564738292011019,
        "recall": 0.831275720164609,
        "f1-score": 0.6666666666666666,
        "support": 243.0
    },
    "7": {
        "precision": 0.5504885993485342,
        "recall": 0.6954732510288066,
        "f1-score": 0.6145454545454545,
        "support": 243.0
    },
    "8": {
        "precision": 0.5061728395061729,
        "recall": 0.5061728395061729,
        "f1-score": 0.5061728395061729,
        "support": 243.0
    },
    "9": {
        "precision": 0.757396449704142,
        "recall": 0.5267489711934157,
        "f1-score": 0.6213592233009708,
        "support": 243.0
    },
    "accuracy": 0.6131687242798354,
    "macro avg": {
        "precision": 0.6370181798899313,
        "recall": 0.6131687242798355,
        "f1-score": 0.6134531841380486,
        "support": 2187.0
    },
    "weighted avg": {
        "precision": 0.6370181798899313,
        "recall": 0.6131687242798354,
        "f1-score": 0.6134531841380487,
        "support": 2187.0
    }
}