{
    "1": {
        "precision": 1.0,
        "recall": 1.0,
        "f1-score": 1.0,
        "support": 81.0
    },
    "2": {
        "precision": 1.0,
        "recall": 0.7654320987654321,
        "f1-score": 0.8671328671328671,
        "support": 81.0
    },
    "3": {
        "precision": 0.6545454545454545,
        "recall": 0.4444444444444444,
        "f1-score": 0.5294117647058824,
        "support": 81.0
    },
    "4": {
        "precision": 0.4948453608247423,
        "recall": 0.5925925925925926,
        "f1-score": 0.5393258426966292,
        "support": 81.0
    },
    "5": {
        "precision": 0.5934065934065934,
        "recall": 0.6666666666666666,
        "f1-score": 0.627906976744186,
        "support": 81.0
    },
    "6": {
        "precision": 0.5866666666666667,
        "recall": 0.5432098765432098,
        "f1-score": 0.5641025641025641,
        "support": 81.0
    },
    "7": {
        "precision": 0.5416666666666666,
        "recall": 0.6419753086419753,
        "f1-score": 0.5875706214689266,
        "support": 81.0
    },
    "8": {
        "precision": 0.5777777777777777,
        "recall": 0.6419753086419753,
        "f1-score": 0.6081871345029239,
        "support": 81.0
    },
    "9": {
        "precision": 0.7424242424242424,
        "recall": 0.6049382716049383,
        "f1-score": 0.6666666666666666,
        "support": 81.0
    },
    "micro avg": {
        "precision": 0.6704067321178121,
        "recall": 0.6556927297668038,
        "f1-score": 0.6629680998613038,
        "support": 729.0
    },
    "macro avg": {
        "precision": 0.687925862479127,
        "recall": 0.6556927297668038,
        "f1-score": 0.665589382002294,
        "support": 729.0
    },
    "weighted avg": {
        "precision": 0.6879258624791271,
        "recall": 0.6556927297668038,
        "f1-score": 0.6655893820022941,
        "support": 729.0
    },
    "accuracy": 0.6556927297668038
}