{
    "1": {
        "precision": 1.0,
        "recall": 1.0,
        "f1-score": 1.0,
        "support": 81.0
    },
    "2": {
        "precision": 0.8764044943820225,
        "recall": 0.9629629629629629,
        "f1-score": 0.9176470588235294,
        "support": 81.0
    },
    "3": {
        "precision": 0.65625,
        "recall": 0.7777777777777778,
        "f1-score": 0.711864406779661,
        "support": 81.0
    },
    "4": {
        "precision": 0.5875,
        "recall": 0.5802469135802469,
        "f1-score": 0.5838509316770186,
        "support": 81.0
    },
    "5": {
        "precision": 0.5192307692307693,
        "recall": 0.3333333333333333,
        "f1-score": 0.40601503759398494,
        "support": 81.0
    },
    "6": {
        "precision": 0.4411764705882353,
        "recall": 0.18518518518518517,
        "f1-score": 0.2608695652173913,
        "support": 81.0
    },
    "7": {
        "precision": 0.0,
        "recall": 0.0,
        "f1-score": 0.0,
        "support": 81.0
    },
    "8": {
        "precision": 0.25133689839572193,
        "recall": 0.5802469135802469,
        "f1-score": 0.35074626865671643,
        "support": 81.0
    },
    "9": {
        "precision": 0.2909090909090909,
        "recall": 0.3950617283950617,
        "f1-score": 0.33507853403141363,
        "support": 81.0
    },
    "accuracy": 0.5349794238683128,
    "macro avg": {
        "precision": 0.51364530261176,
        "recall": 0.5349794238683128,
        "f1-score": 0.5073413114199684,
        "support": 729.0
    },
    "weighted avg": {
        "precision": 0.51364530261176,
        "recall": 0.5349794238683128,
        "f1-score": 0.5073413114199683,
        "support": 729.0
    }
}