{
    "2": {
        "precision": 1.0,
        "recall": 0.9795918367346939,
        "f1-score": 0.9896907216494846,
        "support": 49.0
    },
    "3": {
        "precision": 0.9791666666666666,
        "recall": 0.9591836734693877,
        "f1-score": 0.9690721649484536,
        "support": 49.0
    },
    "4": {
        "precision": 0.9423076923076923,
        "recall": 1.0,
        "f1-score": 0.9702970297029703,
        "support": 49.0
    },
    "5": {
        "precision": 1.0,
        "recall": 0.14285714285714285,
        "f1-score": 0.25,
        "support": 49.0
    },
    "6": {
        "precision": 0.3387096774193548,
        "recall": 0.42857142857142855,
        "f1-score": 0.3783783783783784,
        "support": 49.0
    },
    "7": {
        "precision": 0.0,
        "recall": 0.0,
        "f1-score": 0.0,
        "support": 49.0
    },
    "8": {
        "precision": 0.11428571428571428,
        "recall": 0.08163265306122448,
        "f1-score": 0.09523809523809523,
        "support": 49.0
    },
    "9": {
        "precision": 0.35,
        "recall": 1.0,
        "f1-score": 0.5185185185185185,
        "support": 49.0
    },
    "accuracy": 0.5739795918367347,
    "macro avg": {
        "precision": 0.5905587188349285,
        "recall": 0.5739795918367347,
        "f1-score": 0.5213993635544876,
        "support": 392.0
    },
    "weighted avg": {
        "precision": 0.5905587188349285,
        "recall": 0.5739795918367347,
        "f1-score": 0.5213993635544876,
        "support": 392.0
    }
}