{
    "1": {
        "precision": 1.0,
        "recall": 1.0,
        "f1-score": 1.0,
        "support": 81.0
    },
    "2": {
        "precision": 1.0,
        "recall": 0.8271604938271605,
        "f1-score": 0.9054054054054054,
        "support": 81.0
    },
    "3": {
        "precision": 0.8148148148148148,
        "recall": 0.8148148148148148,
        "f1-score": 0.8148148148148148,
        "support": 81.0
    },
    "4": {
        "precision": 0.7192982456140351,
        "recall": 0.5061728395061729,
        "f1-score": 0.5942028985507246,
        "support": 81.0
    },
    "5": {
        "precision": 0.5617977528089888,
        "recall": 0.6172839506172839,
        "f1-score": 0.5882352941176471,
        "support": 81.0
    },
    "6": {
        "precision": 0.4482758620689655,
        "recall": 0.32098765432098764,
        "f1-score": 0.37410071942446044,
        "support": 81.0
    },
    "7": {
        "precision": 0.425,
        "recall": 0.6296296296296297,
        "f1-score": 0.5074626865671642,
        "support": 81.0
    },
    "8": {
        "precision": 0.4406779661016949,
        "recall": 0.32098765432098764,
        "f1-score": 0.37142857142857144,
        "support": 81.0
    },
    "9": {
        "precision": 0.5652173913043478,
        "recall": 0.8024691358024691,
        "f1-score": 0.6632653061224489,
        "support": 81.0
    },
    "micro avg": {
        "precision": 0.6506189821182944,
        "recall": 0.6488340192043895,
        "f1-score": 0.6497252747252747,
        "support": 729.0
    },
    "macro avg": {
        "precision": 0.6638980036347608,
        "recall": 0.6488340192043895,
        "f1-score": 0.6465461884923597,
        "support": 729.0
    },
    "weighted avg": {
        "precision": 0.6638980036347608,
        "recall": 0.6488340192043895,
        "f1-score": 0.6465461884923598,
        "support": 729.0
    },
    "accuracy": 0.6488340192043895
}