{
    "2": {
        "precision": 0.5833333333333334,
        "recall": 1.0,
        "f1-score": 0.7368421052631579,
        "support": 49.0
    },
    "3": {
        "precision": 0.8867924528301887,
        "recall": 0.9591836734693877,
        "f1-score": 0.9215686274509803,
        "support": 49.0
    },
    "4": {
        "precision": 0.52,
        "recall": 0.5306122448979592,
        "f1-score": 0.5252525252525253,
        "support": 49.0
    },
    "5": {
        "precision": 1.0,
        "recall": 0.20408163265306123,
        "f1-score": 0.3389830508474576,
        "support": 49.0
    },
    "6": {
        "precision": 0.9583333333333334,
        "recall": 0.9387755102040817,
        "f1-score": 0.9484536082474226,
        "support": 49.0
    },
    "7": {
        "precision": 0.5555555555555556,
        "recall": 0.8163265306122449,
        "f1-score": 0.6611570247933884,
        "support": 49.0
    },
    "8": {
        "precision": 0.0,
        "recall": 0.0,
        "f1-score": 0.0,
        "support": 49.0
    },
    "9": {
        "precision": 0.6533333333333333,
        "recall": 1.0,
        "f1-score": 0.7903225806451613,
        "support": 49.0
    },
    "accuracy": 0.6811224489795918,
    "macro avg": {
        "precision": 0.644668501048218,
        "recall": 0.6811224489795918,
        "f1-score": 0.6153224403125117,
        "support": 392.0
    },
    "weighted avg": {
        "precision": 0.644668501048218,
        "recall": 0.6811224489795918,
        "f1-score": 0.6153224403125117,
        "support": 392.0
    }
}