{
    "2": {
        "precision": 1.0,
        "recall": 0.9795918367346939,
        "f1-score": 0.9896907216494846,
        "support": 49.0
    },
    "3": {
        "precision": 0.9782608695652174,
        "recall": 0.9183673469387755,
        "f1-score": 0.9473684210526315,
        "support": 49.0
    },
    "4": {
        "precision": 0.8363636363636363,
        "recall": 0.9387755102040817,
        "f1-score": 0.8846153846153846,
        "support": 49.0
    },
    "5": {
        "precision": 0.7049180327868853,
        "recall": 0.8775510204081632,
        "f1-score": 0.7818181818181819,
        "support": 49.0
    },
    "6": {
        "precision": 0.6304347826086957,
        "recall": 0.5918367346938775,
        "f1-score": 0.6105263157894737,
        "support": 49.0
    },
    "7": {
        "precision": 0.375,
        "recall": 0.673469387755102,
        "f1-score": 0.48175182481751827,
        "support": 49.0
    },
    "8": {
        "precision": 0.1794871794871795,
        "recall": 0.14285714285714285,
        "f1-score": 0.1590909090909091,
        "support": 49.0
    },
    "9": {
        "precision": 1.0,
        "recall": 0.1836734693877551,
        "f1-score": 0.3103448275862069,
        "support": 49.0
    },
    "accuracy": 0.6632653061224489,
    "macro avg": {
        "precision": 0.7130580626014518,
        "recall": 0.6632653061224489,
        "f1-score": 0.6456508233024738,
        "support": 392.0
    },
    "weighted avg": {
        "precision": 0.7130580626014519,
        "recall": 0.6632653061224489,
        "f1-score": 0.6456508233024738,
        "support": 392.0
    }
}