{
    "1": {
        "precision": 1.0,
        "recall": 1.0,
        "f1-score": 1.0,
        "support": 81.0
    },
    "2": {
        "precision": 0.9204545454545454,
        "recall": 1.0,
        "f1-score": 0.9585798816568047,
        "support": 81.0
    },
    "3": {
        "precision": 0.8795180722891566,
        "recall": 0.9012345679012346,
        "f1-score": 0.8902439024390244,
        "support": 81.0
    },
    "4": {
        "precision": 0.9736842105263158,
        "recall": 0.4567901234567901,
        "f1-score": 0.6218487394957983,
        "support": 81.0
    },
    "5": {
        "precision": 0.5512820512820513,
        "recall": 0.5308641975308642,
        "f1-score": 0.5408805031446541,
        "support": 81.0
    },
    "6": {
        "precision": 0.3333333333333333,
        "recall": 0.16049382716049382,
        "f1-score": 0.21666666666666667,
        "support": 81.0
    },
    "7": {
        "precision": 0.17307692307692307,
        "recall": 0.1111111111111111,
        "f1-score": 0.13533834586466165,
        "support": 81.0
    },
    "8": {
        "precision": 0.27702702702702703,
        "recall": 0.5061728395061729,
        "f1-score": 0.35807860262008734,
        "support": 81.0
    },
    "9": {
        "precision": 0.5416666666666666,
        "recall": 0.16049382716049382,
        "f1-score": 0.24761904761904763,
        "support": 81.0
    },
    "micro avg": {
        "precision": 0.6196513470681458,
        "recall": 0.5363511659807956,
        "f1-score": 0.575,
        "support": 729.0
    },
    "macro avg": {
        "precision": 0.6277825366284466,
        "recall": 0.5363511659807956,
        "f1-score": 0.5521395210563049,
        "support": 729.0
    },
    "weighted avg": {
        "precision": 0.6277825366284466,
        "recall": 0.5363511659807956,
        "f1-score": 0.552139521056305,
        "support": 729.0
    },
    "accuracy": 0.5363511659807956
}