{
    "1": {
        "precision": 1.0,
        "recall": 0.48148148148148145,
        "f1-score": 0.65,
        "support": 81.0
    },
    "2": {
        "precision": 0.5333333333333333,
        "recall": 0.5925925925925926,
        "f1-score": 0.5614035087719298,
        "support": 81.0
    },
    "3": {
        "precision": 0.7285714285714285,
        "recall": 0.6296296296296297,
        "f1-score": 0.6754966887417219,
        "support": 81.0
    },
    "4": {
        "precision": 0.6623376623376623,
        "recall": 0.6296296296296297,
        "f1-score": 0.6455696202531646,
        "support": 81.0
    },
    "5": {
        "precision": 0.5409836065573771,
        "recall": 0.4074074074074074,
        "f1-score": 0.4647887323943662,
        "support": 81.0
    },
    "6": {
        "precision": 0.45132743362831856,
        "recall": 0.6296296296296297,
        "f1-score": 0.5257731958762887,
        "support": 81.0
    },
    "7": {
        "precision": 0.6022727272727273,
        "recall": 0.654320987654321,
        "f1-score": 0.6272189349112426,
        "support": 81.0
    },
    "8": {
        "precision": 0.5648148148148148,
        "recall": 0.7530864197530864,
        "f1-score": 0.6455026455026455,
        "support": 81.0
    },
    "9": {
        "precision": 0.7887323943661971,
        "recall": 0.691358024691358,
        "f1-score": 0.7368421052631579,
        "support": 81.0
    },
    "micro avg": {
        "precision": 0.6178521617852162,
        "recall": 0.607681755829904,
        "f1-score": 0.6127247579529738,
        "support": 729.0
    },
    "macro avg": {
        "precision": 0.6524859334313176,
        "recall": 0.607681755829904,
        "f1-score": 0.6147328257460574,
        "support": 729.0
    },
    "weighted avg": {
        "precision": 0.6524859334313177,
        "recall": 0.607681755829904,
        "f1-score": 0.6147328257460575,
        "support": 729.0
    },
    "accuracy": 0.607681755829904
}