{
    "2": {
        "precision": 1.0,
        "recall": 0.9795918367346939,
        "f1-score": 0.9896907216494846,
        "support": 49.0
    },
    "3": {
        "precision": 0.5568181818181818,
        "recall": 1.0,
        "f1-score": 0.7153284671532847,
        "support": 49.0
    },
    "4": {
        "precision": 0.9230769230769231,
        "recall": 0.24489795918367346,
        "f1-score": 0.3870967741935484,
        "support": 49.0
    },
    "5": {
        "precision": 0.45,
        "recall": 0.9183673469387755,
        "f1-score": 0.6040268456375839,
        "support": 49.0
    },
    "6": {
        "precision": 0.0,
        "recall": 0.0,
        "f1-score": 0.0,
        "support": 49.0
    },
    "7": {
        "precision": 0.5873015873015873,
        "recall": 0.7551020408163265,
        "f1-score": 0.6607142857142857,
        "support": 49.0
    },
    "8": {
        "precision": 0.0,
        "recall": 0.0,
        "f1-score": 0.0,
        "support": 49.0
    },
    "9": {
        "precision": 0.5875,
        "recall": 0.9591836734693877,
        "f1-score": 0.7286821705426356,
        "support": 49.0
    },
    "accuracy": 0.6071428571428571,
    "macro avg": {
        "precision": 0.5130870865245865,
        "recall": 0.6071428571428571,
        "f1-score": 0.5106924081113529,
        "support": 392.0
    },
    "weighted avg": {
        "precision": 0.5130870865245865,
        "recall": 0.6071428571428571,
        "f1-score": 0.5106924081113529,
        "support": 392.0
    }
}