{
    "1": {
        "precision": 1.0,
        "recall": 0.7860082304526749,
        "f1-score": 0.880184331797235,
        "support": 243.0
    },
    "2": {
        "precision": 0.717391304347826,
        "recall": 0.5432098765432098,
        "f1-score": 0.6182669789227166,
        "support": 243.0
    },
    "3": {
        "precision": 0.6108949416342413,
        "recall": 0.6460905349794238,
        "f1-score": 0.628,
        "support": 243.0
    },
    "4": {
        "precision": 0.6580882352941176,
        "recall": 0.7366255144032922,
        "f1-score": 0.6951456310679611,
        "support": 243.0
    },
    "5": {
        "precision": 0.6981981981981982,
        "recall": 0.6378600823045267,
        "f1-score": 0.6666666666666666,
        "support": 243.0
    },
    "6": {
        "precision": 0.5816618911174785,
        "recall": 0.8353909465020576,
        "f1-score": 0.6858108108108109,
        "support": 243.0
    },
    "7": {
        "precision": 0.5548387096774193,
        "recall": 0.7078189300411523,
        "f1-score": 0.6220614828209765,
        "support": 243.0
    },
    "8": {
        "precision": 0.4978723404255319,
        "recall": 0.48148148148148145,
        "f1-score": 0.4895397489539749,
        "support": 243.0
    },
    "9": {
        "precision": 0.7544910179640718,
        "recall": 0.5185185185185185,
        "f1-score": 0.6146341463414634,
        "support": 243.0
    },
    "accuracy": 0.6547782350251486,
    "macro avg": {
        "precision": 0.6748262931843205,
        "recall": 0.6547782350251485,
        "f1-score": 0.6555899774868672,
        "support": 2187.0
    },
    "weighted avg": {
        "precision": 0.6748262931843205,
        "recall": 0.6547782350251486,
        "f1-score": 0.6555899774868672,
        "support": 2187.0
    }
}