{
    "1": {
        "precision": 1.0,
        "recall": 1.0,
        "f1-score": 1.0,
        "support": 81.0
    },
    "2": {
        "precision": 1.0,
        "recall": 0.9506172839506173,
        "f1-score": 0.9746835443037974,
        "support": 81.0
    },
    "3": {
        "precision": 0.9487179487179487,
        "recall": 0.9135802469135802,
        "f1-score": 0.9308176100628931,
        "support": 81.0
    },
    "4": {
        "precision": 0.8875,
        "recall": 0.8765432098765432,
        "f1-score": 0.8819875776397516,
        "support": 81.0
    },
    "5": {
        "precision": 0.7653061224489796,
        "recall": 0.9259259259259259,
        "f1-score": 0.8379888268156425,
        "support": 81.0
    },
    "6": {
        "precision": 0.7471264367816092,
        "recall": 0.8024691358024691,
        "f1-score": 0.7738095238095238,
        "support": 81.0
    },
    "7": {
        "precision": 0.6274509803921569,
        "recall": 0.7901234567901234,
        "f1-score": 0.6994535519125683,
        "support": 81.0
    },
    "8": {
        "precision": 0.4842105263157895,
        "recall": 0.5679012345679012,
        "f1-score": 0.5227272727272727,
        "support": 81.0
    },
    "9": {
        "precision": 1.0,
        "recall": 0.38271604938271603,
        "f1-score": 0.5535714285714286,
        "support": 81.0
    },
    "accuracy": 0.8010973936899863,
    "macro avg": {
        "precision": 0.8289235571840537,
        "recall": 0.8010973936899862,
        "f1-score": 0.7972265928714308,
        "support": 729.0
    },
    "weighted avg": {
        "precision": 0.8289235571840537,
        "recall": 0.8010973936899863,
        "f1-score": 0.7972265928714308,
        "support": 729.0
    }
}