{
    "2": {
        "precision": 0.9334027055150884,
        "recall": 0.7627551020408163,
        "f1-score": 0.8394946186242396,
        "support": 1176.0
    },
    "3": {
        "precision": 0.7502027575020276,
        "recall": 0.7865646258503401,
        "f1-score": 0.7679535076795351,
        "support": 1176.0
    },
    "4": {
        "precision": 0.7800586510263929,
        "recall": 0.9047619047619048,
        "f1-score": 0.8377952755905512,
        "support": 1176.0
    },
    "5": {
        "precision": 0.8847457627118644,
        "recall": 0.44387755102040816,
        "f1-score": 0.5911664779161948,
        "support": 1176.0
    },
    "6": {
        "precision": 0.5043731778425656,
        "recall": 0.7355442176870748,
        "f1-score": 0.5984088550674507,
        "support": 1176.0
    },
    "7": {
        "precision": 0.5132743362831859,
        "recall": 0.04931972789115646,
        "f1-score": 0.0899922420480993,
        "support": 1176.0
    },
    "8": {
        "precision": 0.2824478816408877,
        "recall": 0.35714285714285715,
        "f1-score": 0.31543372136687947,
        "support": 1176.0
    },
    "9": {
        "precision": 0.330749354005168,
        "recall": 0.54421768707483,
        "f1-score": 0.41144326583092256,
        "support": 1176.0
    },
    "micro avg": {
        "precision": 0.5736326878059161,
        "recall": 0.5730229591836735,
        "f1-score": 0.5733276613846645,
        "support": 9408.0
    },
    "macro avg": {
        "precision": 0.6224068283158976,
        "recall": 0.5730229591836735,
        "f1-score": 0.5564609955154841,
        "support": 9408.0
    },
    "weighted avg": {
        "precision": 0.6224068283158976,
        "recall": 0.5730229591836735,
        "f1-score": 0.5564609955154841,
        "support": 9408.0
    },
    "accuracy": 0.5730229591836735
}