{
    "red_squares": {
        "accuracy": 0.4872448979591837
    },
    "green_squares": {
        "accuracy": 0.4770408163265306
    },
    "blue_squares": {
        "accuracy": 0.461734693877551
    },
    "magenta_squares": {
        "accuracy": 0.4744897959183674
    },
    "yellow_squares": {
        "accuracy": 0.45408163265306123
    },
    "cyan_squares": {
        "accuracy": 0.49489795918367346
    },
    "red_circles": {
        "accuracy": 0.6607142857142857
    },
    "green_circles": {
        "accuracy": 0.6377551020408163
    },
    "blue_circles": {
        "accuracy": 0.6607142857142857
    },
    "magenta_circles": {
        "accuracy": 0.6607142857142857
    },
    "yellow_circles": {
        "accuracy": 0.6505102040816326
    },
    "cyan_circles": {
        "accuracy": 0.6403061224489796
    },
    "red_triangles": {
        "accuracy": 0.5102040816326531
    },
    "green_triangles": {
        "accuracy": 0.45408163265306123
    },
    "blue_triangles": {
        "accuracy": 0.4923469387755102
    },
    "magenta_triangles": {
        "accuracy": 0.46938775510204084
    },
    "yellow_triangles": {
        "accuracy": 0.42091836734693877
    },
    "cyan_triangles": {
        "accuracy": 0.45408163265306123
    },
    "red_stars": {
        "accuracy": 0.6836734693877551
    },
    "green_stars": {
        "accuracy": 0.7117346938775511
    },
    "blue_stars": {
        "accuracy": 0.6887755102040817
    },
    "magenta_stars": {
        "accuracy": 0.6989795918367347
    },
    "yellow_stars": {
        "accuracy": 0.6964285714285714
    },
    "cyan_stars": {
        "accuracy": 0.7117346938775511
    }
}