{
    "1": {
        "precision": 0.987012987012987,
        "recall": 0.9382716049382716,
        "f1-score": 0.9620253164556962,
        "support": 81.0
    },
    "2": {
        "precision": 0.7272727272727273,
        "recall": 0.691358024691358,
        "f1-score": 0.7088607594936709,
        "support": 81.0
    },
    "3": {
        "precision": 0.4380165289256198,
        "recall": 0.654320987654321,
        "f1-score": 0.5247524752475248,
        "support": 81.0
    },
    "4": {
        "precision": 0.3333333333333333,
        "recall": 0.2839506172839506,
        "f1-score": 0.30666666666666664,
        "support": 81.0
    },
    "5": {
        "precision": 0.38636363636363635,
        "recall": 0.20987654320987653,
        "f1-score": 0.272,
        "support": 81.0
    },
    "6": {
        "precision": 0.275,
        "recall": 0.13580246913580246,
        "f1-score": 0.18181818181818182,
        "support": 81.0
    },
    "7": {
        "precision": 0.0,
        "recall": 0.0,
        "f1-score": 0.0,
        "support": 81.0
    },
    "8": {
        "precision": 0.2484076433121019,
        "recall": 0.48148148148148145,
        "f1-score": 0.3277310924369748,
        "support": 81.0
    },
    "9": {
        "precision": 0.29285714285714287,
        "recall": 0.5061728395061729,
        "f1-score": 0.37104072398190047,
        "support": 81.0
    },
    "micro avg": {
        "precision": 0.4346629986244842,
        "recall": 0.4334705075445816,
        "f1-score": 0.4340659340659341,
        "support": 729.0
    },
    "macro avg": {
        "precision": 0.4098071110086165,
        "recall": 0.4334705075445816,
        "f1-score": 0.406099468455624,
        "support": 729.0
    },
    "weighted avg": {
        "precision": 0.40980711100861655,
        "recall": 0.4334705075445816,
        "f1-score": 0.40609946845562395,
        "support": 729.0
    },
    "accuracy": 0.4334705075445816
}