{
    "2": {
        "precision": 1.0,
        "recall": 0.8979591836734694,
        "f1-score": 0.946236559139785,
        "support": 49.0
    },
    "3": {
        "precision": 0.8333333333333334,
        "recall": 0.9183673469387755,
        "f1-score": 0.8737864077669902,
        "support": 49.0
    },
    "4": {
        "precision": 0.7543859649122807,
        "recall": 0.8775510204081632,
        "f1-score": 0.8113207547169812,
        "support": 49.0
    },
    "5": {
        "precision": 0.6304347826086957,
        "recall": 0.5918367346938775,
        "f1-score": 0.6105263157894737,
        "support": 49.0
    },
    "6": {
        "precision": 0.3076923076923077,
        "recall": 0.16326530612244897,
        "f1-score": 0.21333333333333335,
        "support": 49.0
    },
    "7": {
        "precision": 0.0,
        "recall": 0.0,
        "f1-score": 0.0,
        "support": 49.0
    },
    "8": {
        "precision": 0.2835820895522388,
        "recall": 0.7755102040816326,
        "f1-score": 0.41530054644808745,
        "support": 49.0
    },
    "9": {
        "precision": 0.36666666666666664,
        "recall": 0.22448979591836735,
        "f1-score": 0.27848101265822783,
        "support": 49.0
    },
    "accuracy": 0.5561224489795918,
    "macro avg": {
        "precision": 0.5220118930956904,
        "recall": 0.5561224489795918,
        "f1-score": 0.5186231162316098,
        "support": 392.0
    },
    "weighted avg": {
        "precision": 0.5220118930956904,
        "recall": 0.5561224489795918,
        "f1-score": 0.5186231162316098,
        "support": 392.0
    }
}