{
    "1": {
        "precision": 1.0,
        "recall": 0.35802469135802467,
        "f1-score": 0.5272727272727272,
        "support": 81.0
    },
    "2": {
        "precision": 0.3246753246753247,
        "recall": 0.30864197530864196,
        "f1-score": 0.31645569620253167,
        "support": 81.0
    },
    "3": {
        "precision": 0.38235294117647056,
        "recall": 0.32098765432098764,
        "f1-score": 0.348993288590604,
        "support": 81.0
    },
    "4": {
        "precision": 0.58,
        "recall": 0.35802469135802467,
        "f1-score": 0.44274809160305345,
        "support": 81.0
    },
    "5": {
        "precision": 0.3698630136986301,
        "recall": 0.3333333333333333,
        "f1-score": 0.35064935064935066,
        "support": 81.0
    },
    "6": {
        "precision": 0.40425531914893614,
        "recall": 0.4691358024691358,
        "f1-score": 0.4342857142857143,
        "support": 81.0
    },
    "7": {
        "precision": 0.46153846153846156,
        "recall": 0.4444444444444444,
        "f1-score": 0.4528301886792453,
        "support": 81.0
    },
    "8": {
        "precision": 0.32710280373831774,
        "recall": 0.43209876543209874,
        "f1-score": 0.3723404255319149,
        "support": 81.0
    },
    "9": {
        "precision": 0.4057971014492754,
        "recall": 0.345679012345679,
        "f1-score": 0.37333333333333335,
        "support": 81.0
    },
    "micro avg": {
        "precision": 0.4232558139534884,
        "recall": 0.37448559670781895,
        "f1-score": 0.39737991266375544,
        "support": 729.0
    },
    "macro avg": {
        "precision": 0.4728427739361573,
        "recall": 0.3744855967078189,
        "f1-score": 0.40210097957205276,
        "support": 729.0
    },
    "weighted avg": {
        "precision": 0.47284277393615737,
        "recall": 0.37448559670781895,
        "f1-score": 0.4021009795720528,
        "support": 729.0
    },
    "accuracy": 0.37448559670781895
}