{
    "2": {
        "precision": 1.0,
        "recall": 0.9591836734693877,
        "f1-score": 0.9791666666666666,
        "support": 49.0
    },
    "3": {
        "precision": 0.6805555555555556,
        "recall": 1.0,
        "f1-score": 0.8099173553719008,
        "support": 49.0
    },
    "4": {
        "precision": 0.7567567567567568,
        "recall": 0.5714285714285714,
        "f1-score": 0.6511627906976745,
        "support": 49.0
    },
    "5": {
        "precision": 0.6779661016949152,
        "recall": 0.8163265306122449,
        "f1-score": 0.7407407407407407,
        "support": 49.0
    },
    "6": {
        "precision": 0.7948717948717948,
        "recall": 0.6326530612244898,
        "f1-score": 0.7045454545454546,
        "support": 49.0
    },
    "7": {
        "precision": 0.48717948717948717,
        "recall": 0.7755102040816326,
        "f1-score": 0.5984251968503937,
        "support": 49.0
    },
    "8": {
        "precision": 0.0,
        "recall": 0.0,
        "f1-score": 0.0,
        "support": 49.0
    },
    "9": {
        "precision": 0.8,
        "recall": 0.9795918367346939,
        "f1-score": 0.8807339449541285,
        "support": 49.0
    },
    "accuracy": 0.7168367346938775,
    "macro avg": {
        "precision": 0.6496662120073137,
        "recall": 0.7168367346938775,
        "f1-score": 0.6705865187283699,
        "support": 392.0
    },
    "weighted avg": {
        "precision": 0.6496662120073138,
        "recall": 0.7168367346938775,
        "f1-score": 0.6705865187283698,
        "support": 392.0
    }
}