{
    "2": {
        "precision": 1.0,
        "recall": 0.9591836734693877,
        "f1-score": 0.9791666666666666,
        "support": 49.0
    },
    "3": {
        "precision": 1.0,
        "recall": 0.9591836734693877,
        "f1-score": 0.9791666666666666,
        "support": 49.0
    },
    "4": {
        "precision": 0.8301886792452831,
        "recall": 0.8979591836734694,
        "f1-score": 0.8627450980392157,
        "support": 49.0
    },
    "5": {
        "precision": 0.8888888888888888,
        "recall": 0.6530612244897959,
        "f1-score": 0.7529411764705882,
        "support": 49.0
    },
    "6": {
        "precision": 0.46808510638297873,
        "recall": 0.8979591836734694,
        "f1-score": 0.6153846153846154,
        "support": 49.0
    },
    "7": {
        "precision": 0.5227272727272727,
        "recall": 0.46938775510204084,
        "f1-score": 0.4946236559139785,
        "support": 49.0
    },
    "8": {
        "precision": 0.4864864864864865,
        "recall": 0.3673469387755102,
        "f1-score": 0.4186046511627907,
        "support": 49.0
    },
    "9": {
        "precision": 0.8235294117647058,
        "recall": 0.5714285714285714,
        "f1-score": 0.6746987951807228,
        "support": 49.0
    },
    "accuracy": 0.7219387755102041,
    "macro avg": {
        "precision": 0.752488230686952,
        "recall": 0.721938775510204,
        "f1-score": 0.7221664156856556,
        "support": 392.0
    },
    "weighted avg": {
        "precision": 0.7524882306869519,
        "recall": 0.7219387755102041,
        "f1-score": 0.7221664156856556,
        "support": 392.0
    }
}