{
    "2": {
        "precision": 1.0,
        "recall": 1.0,
        "f1-score": 1.0,
        "support": 49.0
    },
    "3": {
        "precision": 1.0,
        "recall": 1.0,
        "f1-score": 1.0,
        "support": 49.0
    },
    "4": {
        "precision": 1.0,
        "recall": 1.0,
        "f1-score": 1.0,
        "support": 49.0
    },
    "5": {
        "precision": 1.0,
        "recall": 0.2653061224489796,
        "f1-score": 0.41935483870967744,
        "support": 49.0
    },
    "6": {
        "precision": 0.47572815533980584,
        "recall": 1.0,
        "f1-score": 0.6447368421052632,
        "support": 49.0
    },
    "7": {
        "precision": 0.5714285714285714,
        "recall": 0.6530612244897959,
        "f1-score": 0.6095238095238096,
        "support": 49.0
    },
    "8": {
        "precision": 0.4857142857142857,
        "recall": 0.3469387755102041,
        "f1-score": 0.40476190476190477,
        "support": 49.0
    },
    "9": {
        "precision": 0.8157894736842105,
        "recall": 0.6326530612244898,
        "f1-score": 0.7126436781609196,
        "support": 49.0
    },
    "accuracy": 0.7372448979591837,
    "macro avg": {
        "precision": 0.7935825607708592,
        "recall": 0.7372448979591837,
        "f1-score": 0.7238776341576969,
        "support": 392.0
    },
    "weighted avg": {
        "precision": 0.7935825607708591,
        "recall": 0.7372448979591837,
        "f1-score": 0.7238776341576969,
        "support": 392.0
    }
}