{
    "1": {
        "precision": 1.0,
        "recall": 1.0,
        "f1-score": 1.0,
        "support": 81.0
    },
    "2": {
        "precision": 1.0,
        "recall": 0.7901234567901234,
        "f1-score": 0.8827586206896552,
        "support": 81.0
    },
    "3": {
        "precision": 0.7721518987341772,
        "recall": 0.7530864197530864,
        "f1-score": 0.7625,
        "support": 81.0
    },
    "4": {
        "precision": 0.6825396825396826,
        "recall": 0.5308641975308642,
        "f1-score": 0.5972222222222222,
        "support": 81.0
    },
    "5": {
        "precision": 0.5333333333333333,
        "recall": 0.49382716049382713,
        "f1-score": 0.5128205128205128,
        "support": 81.0
    },
    "6": {
        "precision": 0.36666666666666664,
        "recall": 0.2716049382716049,
        "f1-score": 0.3120567375886525,
        "support": 81.0
    },
    "7": {
        "precision": 0.39568345323741005,
        "recall": 0.6790123456790124,
        "f1-score": 0.5,
        "support": 81.0
    },
    "8": {
        "precision": 0.4482758620689655,
        "recall": 0.32098765432098764,
        "f1-score": 0.37410071942446044,
        "support": 81.0
    },
    "9": {
        "precision": 0.5740740740740741,
        "recall": 0.7654320987654321,
        "f1-score": 0.656084656084656,
        "support": 81.0
    },
    "micro avg": {
        "precision": 0.624484181568088,
        "recall": 0.6227709190672154,
        "f1-score": 0.6236263736263736,
        "support": 729.0
    },
    "macro avg": {
        "precision": 0.6414138856282565,
        "recall": 0.6227709190672154,
        "f1-score": 0.6219492743144621,
        "support": 729.0
    },
    "weighted avg": {
        "precision": 0.6414138856282565,
        "recall": 0.6227709190672154,
        "f1-score": 0.6219492743144621,
        "support": 729.0
    },
    "accuracy": 0.6227709190672154
}