{
    "2": {
        "precision": 0.0,
        "recall": 0.0,
        "f1-score": 0.0,
        "support": 49.0
    },
    "3": {
        "precision": 0.46774193548387094,
        "recall": 0.5918367346938775,
        "f1-score": 0.5225225225225225,
        "support": 49.0
    },
    "4": {
        "precision": 0.18631178707224336,
        "recall": 1.0,
        "f1-score": 0.3141025641025641,
        "support": 49.0
    },
    "5": {
        "precision": 0.0,
        "recall": 0.0,
        "f1-score": 0.0,
        "support": 49.0
    },
    "6": {
        "precision": 0.0,
        "recall": 0.0,
        "f1-score": 0.0,
        "support": 49.0
    },
    "7": {
        "precision": 0.06060606060606061,
        "recall": 0.04081632653061224,
        "f1-score": 0.04878048780487805,
        "support": 49.0
    },
    "8": {
        "precision": 0.0,
        "recall": 0.0,
        "f1-score": 0.0,
        "support": 49.0
    },
    "9": {
        "precision": 0.6,
        "recall": 0.1836734693877551,
        "f1-score": 0.28125,
        "support": 49.0
    },
    "accuracy": 0.22704081632653061,
    "macro avg": {
        "precision": 0.16433247289527186,
        "recall": 0.22704081632653061,
        "f1-score": 0.1458319468037456,
        "support": 392.0
    },
    "weighted avg": {
        "precision": 0.16433247289527186,
        "recall": 0.22704081632653061,
        "f1-score": 0.1458319468037456,
        "support": 392.0
    }
}