{
    "2": {
        "precision": 1.0,
        "recall": 0.5510204081632653,
        "f1-score": 0.7105263157894737,
        "support": 49.0
    },
    "3": {
        "precision": 0.7037037037037037,
        "recall": 0.7755102040816326,
        "f1-score": 0.7378640776699029,
        "support": 49.0
    },
    "4": {
        "precision": 0.7142857142857143,
        "recall": 0.6122448979591837,
        "f1-score": 0.6593406593406593,
        "support": 49.0
    },
    "5": {
        "precision": 0.7142857142857143,
        "recall": 0.5102040816326531,
        "f1-score": 0.5952380952380952,
        "support": 49.0
    },
    "6": {
        "precision": 0.5657894736842105,
        "recall": 0.8775510204081632,
        "f1-score": 0.688,
        "support": 49.0
    },
    "7": {
        "precision": 0.7222222222222222,
        "recall": 0.7959183673469388,
        "f1-score": 0.7572815533980582,
        "support": 49.0
    },
    "8": {
        "precision": 0.45454545454545453,
        "recall": 0.9183673469387755,
        "f1-score": 0.6081081081081081,
        "support": 49.0
    },
    "9": {
        "precision": 1.0,
        "recall": 0.10204081632653061,
        "f1-score": 0.18518518518518517,
        "support": 49.0
    },
    "accuracy": 0.6428571428571429,
    "macro avg": {
        "precision": 0.7343540353408774,
        "recall": 0.6428571428571429,
        "f1-score": 0.6176929993411853,
        "support": 392.0
    },
    "weighted avg": {
        "precision": 0.7343540353408774,
        "recall": 0.6428571428571429,
        "f1-score": 0.6176929993411853,
        "support": 392.0
    }
}