{
    "1": {
        "precision": 1.0,
        "recall": 1.0,
        "f1-score": 1.0,
        "support": 81.0
    },
    "2": {
        "precision": 1.0,
        "recall": 1.0,
        "f1-score": 1.0,
        "support": 81.0
    },
    "3": {
        "precision": 1.0,
        "recall": 1.0,
        "f1-score": 1.0,
        "support": 81.0
    },
    "4": {
        "precision": 1.0,
        "recall": 1.0,
        "f1-score": 1.0,
        "support": 81.0
    },
    "5": {
        "precision": 0.9864864864864865,
        "recall": 0.9012345679012346,
        "f1-score": 0.9419354838709677,
        "support": 81.0
    },
    "6": {
        "precision": 0.8478260869565217,
        "recall": 0.9629629629629629,
        "f1-score": 0.9017341040462428,
        "support": 81.0
    },
    "7": {
        "precision": 0.96,
        "recall": 0.5925925925925926,
        "f1-score": 0.732824427480916,
        "support": 81.0
    },
    "8": {
        "precision": 0.5666666666666667,
        "recall": 0.41975308641975306,
        "f1-score": 0.48226950354609927,
        "support": 81.0
    },
    "9": {
        "precision": 0.18604651162790697,
        "recall": 0.09876543209876543,
        "f1-score": 0.12903225806451613,
        "support": 81.0
    },
    "micro avg": {
        "precision": 0.8786936236391913,
        "recall": 0.7750342935528121,
        "f1-score": 0.8236151603498543,
        "support": 729.0
    },
    "macro avg": {
        "precision": 0.8385584168597313,
        "recall": 0.7750342935528121,
        "f1-score": 0.7986439752231935,
        "support": 729.0
    },
    "weighted avg": {
        "precision": 0.8385584168597312,
        "recall": 0.7750342935528121,
        "f1-score": 0.7986439752231936,
        "support": 729.0
    },
    "accuracy": 0.7750342935528121
}