{
    "2": {
        "precision": 1.0,
        "recall": 1.0,
        "f1-score": 1.0,
        "support": 49.0
    },
    "3": {
        "precision": 0.5568181818181818,
        "recall": 1.0,
        "f1-score": 0.7153284671532847,
        "support": 49.0
    },
    "4": {
        "precision": 0.6470588235294118,
        "recall": 0.22448979591836735,
        "f1-score": 0.3333333333333333,
        "support": 49.0
    },
    "5": {
        "precision": 0.84,
        "recall": 0.8571428571428571,
        "f1-score": 0.8484848484848485,
        "support": 49.0
    },
    "6": {
        "precision": 0.9318181818181818,
        "recall": 0.8367346938775511,
        "f1-score": 0.8817204301075269,
        "support": 49.0
    },
    "7": {
        "precision": 0.4017094017094017,
        "recall": 0.9591836734693877,
        "f1-score": 0.5662650602409639,
        "support": 49.0
    },
    "8": {
        "precision": 0.0,
        "recall": 0.0,
        "f1-score": 0.0,
        "support": 49.0
    },
    "9": {
        "precision": 1.0,
        "recall": 0.5510204081632653,
        "f1-score": 0.7105263157894737,
        "support": 49.0
    },
    "accuracy": 0.6785714285714286,
    "macro avg": {
        "precision": 0.6721755736093972,
        "recall": 0.6785714285714286,
        "f1-score": 0.6319573068886788,
        "support": 392.0
    },
    "weighted avg": {
        "precision": 0.6721755736093972,
        "recall": 0.6785714285714286,
        "f1-score": 0.6319573068886788,
        "support": 392.0
    }
}