{
    "2": {
        "precision": 1.0,
        "recall": 1.0,
        "f1-score": 1.0,
        "support": 49.0
    },
    "3": {
        "precision": 1.0,
        "recall": 1.0,
        "f1-score": 1.0,
        "support": 49.0
    },
    "4": {
        "precision": 0.8245614035087719,
        "recall": 0.9591836734693877,
        "f1-score": 0.8867924528301887,
        "support": 49.0
    },
    "5": {
        "precision": 0.9032258064516129,
        "recall": 0.5714285714285714,
        "f1-score": 0.7,
        "support": 49.0
    },
    "6": {
        "precision": 0.4144144144144144,
        "recall": 0.9387755102040817,
        "f1-score": 0.575,
        "support": 49.0
    },
    "7": {
        "precision": 0.6176470588235294,
        "recall": 0.42857142857142855,
        "f1-score": 0.5060240963855421,
        "support": 49.0
    },
    "8": {
        "precision": 0.7368421052631579,
        "recall": 0.2857142857142857,
        "f1-score": 0.4117647058823529,
        "support": 49.0
    },
    "9": {
        "precision": 0.8095238095238095,
        "recall": 0.6938775510204082,
        "f1-score": 0.7472527472527473,
        "support": 49.0
    },
    "accuracy": 0.7346938775510204,
    "macro avg": {
        "precision": 0.788276824748162,
        "recall": 0.7346938775510204,
        "f1-score": 0.7283542502938538,
        "support": 392.0
    },
    "weighted avg": {
        "precision": 0.7882768247481621,
        "recall": 0.7346938775510204,
        "f1-score": 0.7283542502938537,
        "support": 392.0
    }
}