{
    "2": {
        "precision": 1.0,
        "recall": 0.5510204081632653,
        "f1-score": 0.7105263157894737,
        "support": 49.0
    },
    "3": {
        "precision": 0.5166666666666667,
        "recall": 0.6326530612244898,
        "f1-score": 0.5688073394495413,
        "support": 49.0
    },
    "4": {
        "precision": 0.33962264150943394,
        "recall": 0.3673469387755102,
        "f1-score": 0.35294117647058826,
        "support": 49.0
    },
    "5": {
        "precision": 0.4393939393939394,
        "recall": 0.5918367346938775,
        "f1-score": 0.5043478260869565,
        "support": 49.0
    },
    "6": {
        "precision": 0.15151515151515152,
        "recall": 0.10204081632653061,
        "f1-score": 0.12195121951219512,
        "support": 49.0
    },
    "7": {
        "precision": 0.3333333333333333,
        "recall": 0.02040816326530612,
        "f1-score": 0.038461538461538464,
        "support": 49.0
    },
    "8": {
        "precision": 0.23076923076923078,
        "recall": 0.4897959183673469,
        "f1-score": 0.3137254901960784,
        "support": 49.0
    },
    "9": {
        "precision": 0.2391304347826087,
        "recall": 0.22448979591836735,
        "f1-score": 0.23157894736842105,
        "support": 49.0
    },
    "accuracy": 0.37244897959183676,
    "macro avg": {
        "precision": 0.4063039247462955,
        "recall": 0.37244897959183676,
        "f1-score": 0.35529248166684907,
        "support": 392.0
    },
    "weighted avg": {
        "precision": 0.4063039247462955,
        "recall": 0.37244897959183676,
        "f1-score": 0.3552924816668491,
        "support": 392.0
    }
}