{
    "1": {
        "precision": 0.34545454545454546,
        "recall": 0.9382716049382716,
        "f1-score": 0.5049833887043189,
        "support": 81.0
    },
    "2": {
        "precision": 0.0,
        "recall": 0.0,
        "f1-score": 0.0,
        "support": 81.0
    },
    "3": {
        "precision": 0.0,
        "recall": 0.0,
        "f1-score": 0.0,
        "support": 81.0
    },
    "4": {
        "precision": 0.2537313432835821,
        "recall": 0.20987654320987653,
        "f1-score": 0.22972972972972974,
        "support": 81.0
    },
    "5": {
        "precision": 0.0,
        "recall": 0.0,
        "f1-score": 0.0,
        "support": 81.0
    },
    "6": {
        "precision": 0.0,
        "recall": 0.0,
        "f1-score": 0.0,
        "support": 81.0
    },
    "7": {
        "precision": 0.1865079365079365,
        "recall": 0.5802469135802469,
        "f1-score": 0.2822822822822823,
        "support": 81.0
    },
    "8": {
        "precision": 0.0,
        "recall": 0.0,
        "f1-score": 0.0,
        "support": 81.0
    },
    "9": {
        "precision": 0.37575757575757573,
        "recall": 0.7654320987654321,
        "f1-score": 0.5040650406504065,
        "support": 81.0
    },
    "accuracy": 0.27709190672153633,
    "macro avg": {
        "precision": 0.1290501556670711,
        "recall": 0.27709190672153633,
        "f1-score": 0.16900671570741524,
        "support": 729.0
    },
    "weighted avg": {
        "precision": 0.1290501556670711,
        "recall": 0.27709190672153633,
        "f1-score": 0.16900671570741527,
        "support": 729.0
    }
}