{
    "2": {
        "precision": 1.0,
        "recall": 0.10204081632653061,
        "f1-score": 0.18518518518518517,
        "support": 49.0
    },
    "3": {
        "precision": 0.3384615384615385,
        "recall": 0.4489795918367347,
        "f1-score": 0.38596491228070173,
        "support": 49.0
    },
    "4": {
        "precision": 0.3310344827586207,
        "recall": 0.9795918367346939,
        "f1-score": 0.4948453608247423,
        "support": 49.0
    },
    "5": {
        "precision": 0.0,
        "recall": 0.0,
        "f1-score": 0.0,
        "support": 49.0
    },
    "6": {
        "precision": 1.0,
        "recall": 0.04081632653061224,
        "f1-score": 0.0784313725490196,
        "support": 49.0
    },
    "7": {
        "precision": 0.42857142857142855,
        "recall": 0.061224489795918366,
        "f1-score": 0.10714285714285714,
        "support": 49.0
    },
    "8": {
        "precision": 0.16,
        "recall": 0.24489795918367346,
        "f1-score": 0.1935483870967742,
        "support": 49.0
    },
    "9": {
        "precision": 0.5053763440860215,
        "recall": 0.9591836734693877,
        "f1-score": 0.6619718309859155,
        "support": 49.0
    },
    "accuracy": 0.35459183673469385,
    "macro avg": {
        "precision": 0.4704304742347012,
        "recall": 0.35459183673469385,
        "f1-score": 0.26338623825814944,
        "support": 392.0
    },
    "weighted avg": {
        "precision": 0.4704304742347012,
        "recall": 0.35459183673469385,
        "f1-score": 0.26338623825814944,
        "support": 392.0
    }
}