{
    "2": {
        "precision": 0.9705882352941176,
        "recall": 0.673469387755102,
        "f1-score": 0.7951807228915663,
        "support": 49.0
    },
    "3": {
        "precision": 0.6349206349206349,
        "recall": 0.8163265306122449,
        "f1-score": 0.7142857142857143,
        "support": 49.0
    },
    "4": {
        "precision": 0.625,
        "recall": 0.6122448979591837,
        "f1-score": 0.6185567010309279,
        "support": 49.0
    },
    "5": {
        "precision": 0.47058823529411764,
        "recall": 0.6530612244897959,
        "f1-score": 0.5470085470085471,
        "support": 49.0
    },
    "6": {
        "precision": 0.25806451612903225,
        "recall": 0.16326530612244897,
        "f1-score": 0.2,
        "support": 49.0
    },
    "7": {
        "precision": 0.0,
        "recall": 0.0,
        "f1-score": 0.0,
        "support": 49.0
    },
    "8": {
        "precision": 0.3153153153153153,
        "recall": 0.7142857142857143,
        "f1-score": 0.4375,
        "support": 49.0
    },
    "9": {
        "precision": 0.32432432432432434,
        "recall": 0.24489795918367346,
        "f1-score": 0.27906976744186046,
        "support": 49.0
    },
    "accuracy": 0.4846938775510204,
    "macro avg": {
        "precision": 0.4498501576596928,
        "recall": 0.48469387755102045,
        "f1-score": 0.448950181582327,
        "support": 392.0
    },
    "weighted avg": {
        "precision": 0.4498501576596927,
        "recall": 0.4846938775510204,
        "f1-score": 0.44895018158232697,
        "support": 392.0
    }
}