{
    "2": {
        "precision": 1.0,
        "recall": 0.6938775510204082,
        "f1-score": 0.8192771084337349,
        "support": 49.0
    },
    "3": {
        "precision": 0.7868852459016393,
        "recall": 0.9795918367346939,
        "f1-score": 0.8727272727272727,
        "support": 49.0
    },
    "4": {
        "precision": 0.8627450980392157,
        "recall": 0.8979591836734694,
        "f1-score": 0.88,
        "support": 49.0
    },
    "5": {
        "precision": 0.8695652173913043,
        "recall": 0.8163265306122449,
        "f1-score": 0.8421052631578947,
        "support": 49.0
    },
    "6": {
        "precision": 0.6142857142857143,
        "recall": 0.8775510204081632,
        "f1-score": 0.7226890756302521,
        "support": 49.0
    },
    "7": {
        "precision": 0.5,
        "recall": 0.5714285714285714,
        "f1-score": 0.5333333333333333,
        "support": 49.0
    },
    "8": {
        "precision": 0.3424657534246575,
        "recall": 0.5102040816326531,
        "f1-score": 0.4098360655737705,
        "support": 49.0
    },
    "9": {
        "precision": 1.0,
        "recall": 0.02040816326530612,
        "f1-score": 0.04,
        "support": 49.0
    },
    "accuracy": 0.6709183673469388,
    "macro avg": {
        "precision": 0.7469933786303165,
        "recall": 0.6709183673469388,
        "f1-score": 0.6399960148570323,
        "support": 392.0
    },
    "weighted avg": {
        "precision": 0.7469933786303163,
        "recall": 0.6709183673469388,
        "f1-score": 0.6399960148570322,
        "support": 392.0
    }
}