{
    "2": {
        "precision": 1.0,
        "recall": 0.9591836734693877,
        "f1-score": 0.9791666666666666,
        "support": 49.0
    },
    "3": {
        "precision": 1.0,
        "recall": 0.8775510204081632,
        "f1-score": 0.9347826086956522,
        "support": 49.0
    },
    "4": {
        "precision": 0.868421052631579,
        "recall": 0.673469387755102,
        "f1-score": 0.7586206896551724,
        "support": 49.0
    },
    "5": {
        "precision": 0.8214285714285714,
        "recall": 0.46938775510204084,
        "f1-score": 0.5974025974025974,
        "support": 49.0
    },
    "6": {
        "precision": 0.35714285714285715,
        "recall": 0.5102040816326531,
        "f1-score": 0.42016806722689076,
        "support": 49.0
    },
    "7": {
        "precision": 0.7096774193548387,
        "recall": 0.4489795918367347,
        "f1-score": 0.55,
        "support": 49.0
    },
    "8": {
        "precision": 0.3333333333333333,
        "recall": 0.6530612244897959,
        "f1-score": 0.4413793103448276,
        "support": 49.0
    },
    "9": {
        "precision": 0.6923076923076923,
        "recall": 0.5510204081632653,
        "f1-score": 0.6136363636363636,
        "support": 49.0
    },
    "accuracy": 0.6428571428571429,
    "macro avg": {
        "precision": 0.7227888657748589,
        "recall": 0.6428571428571428,
        "f1-score": 0.6618945379535213,
        "support": 392.0
    },
    "weighted avg": {
        "precision": 0.722788865774859,
        "recall": 0.6428571428571429,
        "f1-score": 0.6618945379535214,
        "support": 392.0
    }
}