{
    "2": {
        "precision": 1.0,
        "recall": 1.0,
        "f1-score": 1.0,
        "support": 49.0
    },
    "3": {
        "precision": 1.0,
        "recall": 0.7551020408163265,
        "f1-score": 0.8604651162790697,
        "support": 49.0
    },
    "4": {
        "precision": 0.8032786885245902,
        "recall": 1.0,
        "f1-score": 0.8909090909090909,
        "support": 49.0
    },
    "5": {
        "precision": 1.0,
        "recall": 0.061224489795918366,
        "f1-score": 0.11538461538461539,
        "support": 49.0
    },
    "6": {
        "precision": 0.47115384615384615,
        "recall": 1.0,
        "f1-score": 0.6405228758169934,
        "support": 49.0
    },
    "7": {
        "precision": 0.6666666666666666,
        "recall": 0.7755102040816326,
        "f1-score": 0.7169811320754716,
        "support": 49.0
    },
    "8": {
        "precision": 0.5111111111111111,
        "recall": 0.46938775510204084,
        "f1-score": 0.48936170212765956,
        "support": 49.0
    },
    "9": {
        "precision": 0.8333333333333334,
        "recall": 0.6122448979591837,
        "f1-score": 0.7058823529411765,
        "support": 49.0
    },
    "accuracy": 0.7091836734693877,
    "macro avg": {
        "precision": 0.7856929557236934,
        "recall": 0.7091836734693877,
        "f1-score": 0.6774383606917597,
        "support": 392.0
    },
    "weighted avg": {
        "precision": 0.7856929557236934,
        "recall": 0.7091836734693877,
        "f1-score": 0.6774383606917597,
        "support": 392.0
    }
}