{
    "2": {
        "precision": 1.0,
        "recall": 1.0,
        "f1-score": 1.0,
        "support": 49.0
    },
    "3": {
        "precision": 1.0,
        "recall": 0.7142857142857143,
        "f1-score": 0.8333333333333334,
        "support": 49.0
    },
    "4": {
        "precision": 0.6447368421052632,
        "recall": 1.0,
        "f1-score": 0.784,
        "support": 49.0
    },
    "5": {
        "precision": 1.0,
        "recall": 0.5102040816326531,
        "f1-score": 0.6756756756756757,
        "support": 49.0
    },
    "6": {
        "precision": 0.5764705882352941,
        "recall": 1.0,
        "f1-score": 0.7313432835820896,
        "support": 49.0
    },
    "7": {
        "precision": 0.47058823529411764,
        "recall": 0.6530612244897959,
        "f1-score": 0.5470085470085471,
        "support": 49.0
    },
    "8": {
        "precision": 0.21739130434782608,
        "recall": 0.10204081632653061,
        "f1-score": 0.1388888888888889,
        "support": 49.0
    },
    "9": {
        "precision": 1.0,
        "recall": 0.6326530612244898,
        "f1-score": 0.775,
        "support": 49.0
    },
    "accuracy": 0.701530612244898,
    "macro avg": {
        "precision": 0.7386483712478127,
        "recall": 0.7015306122448979,
        "f1-score": 0.6856562160610669,
        "support": 392.0
    },
    "weighted avg": {
        "precision": 0.7386483712478126,
        "recall": 0.701530612244898,
        "f1-score": 0.6856562160610669,
        "support": 392.0
    }
}