{
    "1": {
        "precision": 0.9737991266375546,
        "recall": 0.9176954732510288,
        "f1-score": 0.9449152542372882,
        "support": 243.0
    },
    "2": {
        "precision": 0.6912751677852349,
        "recall": 0.42386831275720166,
        "f1-score": 0.5255102040816326,
        "support": 243.0
    },
    "3": {
        "precision": 0.20915032679738563,
        "recall": 0.13168724279835392,
        "f1-score": 0.16161616161616163,
        "support": 243.0
    },
    "4": {
        "precision": 0.15,
        "recall": 0.13580246913580246,
        "f1-score": 0.14254859611231102,
        "support": 243.0
    },
    "5": {
        "precision": 0.15306122448979592,
        "recall": 0.06172839506172839,
        "f1-score": 0.08797653958944282,
        "support": 243.0
    },
    "6": {
        "precision": 0.07604562737642585,
        "recall": 0.0823045267489712,
        "f1-score": 0.07905138339920949,
        "support": 243.0
    },
    "7": {
        "precision": 0.1,
        "recall": 0.012345679012345678,
        "f1-score": 0.02197802197802198,
        "support": 243.0
    },
    "8": {
        "precision": 0.15453194650817237,
        "recall": 0.4279835390946502,
        "f1-score": 0.22707423580786026,
        "support": 243.0
    },
    "9": {
        "precision": 0.2265193370165746,
        "recall": 0.3374485596707819,
        "f1-score": 0.27107438016528923,
        "support": 243.0
    },
    "micro avg": {
        "precision": 0.28249885163068444,
        "recall": 0.2812071330589849,
        "f1-score": 0.2818515123739688,
        "support": 2187.0
    },
    "macro avg": {
        "precision": 0.30382030629012713,
        "recall": 0.2812071330589849,
        "f1-score": 0.27352719744302406,
        "support": 2187.0
    },
    "weighted avg": {
        "precision": 0.30382030629012713,
        "recall": 0.2812071330589849,
        "f1-score": 0.2735271974430241,
        "support": 2187.0
    },
    "accuracy": 0.2812071330589849
}