{
    "2": {
        "precision": 0.0,
        "recall": 0.0,
        "f1-score": 0.0,
        "support": 49.0
    },
    "3": {
        "precision": 0.04081632653061224,
        "recall": 0.04081632653061224,
        "f1-score": 0.04081632653061224,
        "support": 49.0
    },
    "4": {
        "precision": 0.42857142857142855,
        "recall": 0.8571428571428571,
        "f1-score": 0.5714285714285714,
        "support": 49.0
    },
    "5": {
        "precision": 0.0,
        "recall": 0.0,
        "f1-score": 0.0,
        "support": 49.0
    },
    "6": {
        "precision": 0.2,
        "recall": 1.0,
        "f1-score": 0.3333333333333333,
        "support": 49.0
    },
    "7": {
        "precision": 0.0,
        "recall": 0.0,
        "f1-score": 0.0,
        "support": 49.0
    },
    "8": {
        "precision": 0.0,
        "recall": 0.0,
        "f1-score": 0.0,
        "support": 49.0
    },
    "9": {
        "precision": 0.0,
        "recall": 0.0,
        "f1-score": 0.0,
        "support": 49.0
    },
    "accuracy": 0.2372448979591837,
    "macro avg": {
        "precision": 0.0836734693877551,
        "recall": 0.2372448979591837,
        "f1-score": 0.11819727891156462,
        "support": 392.0
    },
    "weighted avg": {
        "precision": 0.08367346938775509,
        "recall": 0.2372448979591837,
        "f1-score": 0.11819727891156462,
        "support": 392.0
    }
}