{
    "1": {
        "precision": 1.0,
        "recall": 1.0,
        "f1-score": 1.0,
        "support": 81.0
    },
    "2": {
        "precision": 0.987012987012987,
        "recall": 0.9382716049382716,
        "f1-score": 0.9620253164556962,
        "support": 81.0
    },
    "3": {
        "precision": 0.9066666666666666,
        "recall": 0.8395061728395061,
        "f1-score": 0.8717948717948718,
        "support": 81.0
    },
    "4": {
        "precision": 0.7974683544303798,
        "recall": 0.7777777777777778,
        "f1-score": 0.7875,
        "support": 81.0
    },
    "5": {
        "precision": 0.6941176470588235,
        "recall": 0.7283950617283951,
        "f1-score": 0.7108433734939759,
        "support": 81.0
    },
    "6": {
        "precision": 0.5,
        "recall": 0.2962962962962963,
        "f1-score": 0.37209302325581395,
        "support": 81.0
    },
    "7": {
        "precision": 0.3790849673202614,
        "recall": 0.7160493827160493,
        "f1-score": 0.49572649572649574,
        "support": 81.0
    },
    "8": {
        "precision": 0.4375,
        "recall": 0.43209876543209874,
        "f1-score": 0.43478260869565216,
        "support": 81.0
    },
    "9": {
        "precision": 0.803921568627451,
        "recall": 0.5061728395061729,
        "f1-score": 0.6212121212121212,
        "support": 81.0
    },
    "accuracy": 0.6927297668038409,
    "macro avg": {
        "precision": 0.7228635767907299,
        "recall": 0.6927297668038409,
        "f1-score": 0.6951086456260697,
        "support": 729.0
    },
    "weighted avg": {
        "precision": 0.72286357679073,
        "recall": 0.6927297668038409,
        "f1-score": 0.6951086456260696,
        "support": 729.0
    }
}