{
    "2": {
        "precision": 1.0,
        "recall": 1.0,
        "f1-score": 1.0,
        "support": 49.0
    },
    "3": {
        "precision": 0.9607843137254902,
        "recall": 1.0,
        "f1-score": 0.98,
        "support": 49.0
    },
    "4": {
        "precision": 0.618421052631579,
        "recall": 0.9591836734693877,
        "f1-score": 0.752,
        "support": 49.0
    },
    "5": {
        "precision": 0.7692307692307693,
        "recall": 0.40816326530612246,
        "f1-score": 0.5333333333333333,
        "support": 49.0
    },
    "6": {
        "precision": 0.7413793103448276,
        "recall": 0.8775510204081632,
        "f1-score": 0.8037383177570093,
        "support": 49.0
    },
    "7": {
        "precision": 0.4146341463414634,
        "recall": 0.6938775510204082,
        "f1-score": 0.5190839694656488,
        "support": 49.0
    },
    "8": {
        "precision": 0.25,
        "recall": 0.061224489795918366,
        "f1-score": 0.09836065573770492,
        "support": 49.0
    },
    "9": {
        "precision": 1.0,
        "recall": 0.7755102040816326,
        "f1-score": 0.8735632183908046,
        "support": 49.0
    },
    "accuracy": 0.7219387755102041,
    "macro avg": {
        "precision": 0.7193061990342662,
        "recall": 0.721938775510204,
        "f1-score": 0.6950099368355627,
        "support": 392.0
    },
    "weighted avg": {
        "precision": 0.7193061990342662,
        "recall": 0.7219387755102041,
        "f1-score": 0.6950099368355627,
        "support": 392.0
    }
}