{
    "2": {
        "precision": 1.0,
        "recall": 1.0,
        "f1-score": 1.0,
        "support": 49.0
    },
    "3": {
        "precision": 1.0,
        "recall": 0.9795918367346939,
        "f1-score": 0.9896907216494846,
        "support": 49.0
    },
    "4": {
        "precision": 0.9056603773584906,
        "recall": 0.9795918367346939,
        "f1-score": 0.9411764705882353,
        "support": 49.0
    },
    "5": {
        "precision": 0.82,
        "recall": 0.8367346938775511,
        "f1-score": 0.8282828282828283,
        "support": 49.0
    },
    "6": {
        "precision": 0.8292682926829268,
        "recall": 0.6938775510204082,
        "f1-score": 0.7555555555555555,
        "support": 49.0
    },
    "7": {
        "precision": 0.5733333333333334,
        "recall": 0.8775510204081632,
        "f1-score": 0.6935483870967742,
        "support": 49.0
    },
    "8": {
        "precision": 0.5945945945945946,
        "recall": 0.4489795918367347,
        "f1-score": 0.5116279069767442,
        "support": 49.0
    },
    "9": {
        "precision": 0.9230769230769231,
        "recall": 0.7346938775510204,
        "f1-score": 0.8181818181818182,
        "support": 49.0
    },
    "accuracy": 0.8188775510204082,
    "macro avg": {
        "precision": 0.8307416901307836,
        "recall": 0.8188775510204082,
        "f1-score": 0.81725796104143,
        "support": 392.0
    },
    "weighted avg": {
        "precision": 0.8307416901307836,
        "recall": 0.8188775510204082,
        "f1-score": 0.8172579610414299,
        "support": 392.0
    }
}