{
    "1": {
        "precision": 1.0,
        "recall": 1.0,
        "f1-score": 1.0,
        "support": 81.0
    },
    "2": {
        "precision": 1.0,
        "recall": 0.654320987654321,
        "f1-score": 0.7910447761194029,
        "support": 81.0
    },
    "3": {
        "precision": 0.6288659793814433,
        "recall": 0.7530864197530864,
        "f1-score": 0.6853932584269663,
        "support": 81.0
    },
    "4": {
        "precision": 0.3870967741935484,
        "recall": 0.14814814814814814,
        "f1-score": 0.21428571428571427,
        "support": 81.0
    },
    "5": {
        "precision": 0.3076923076923077,
        "recall": 0.24691358024691357,
        "f1-score": 0.273972602739726,
        "support": 81.0
    },
    "6": {
        "precision": 0.18518518518518517,
        "recall": 0.06172839506172839,
        "f1-score": 0.09259259259259259,
        "support": 81.0
    },
    "7": {
        "precision": 0.5,
        "recall": 0.037037037037037035,
        "f1-score": 0.06896551724137931,
        "support": 81.0
    },
    "8": {
        "precision": 0.13559322033898305,
        "recall": 0.19753086419753085,
        "f1-score": 0.16080402010050251,
        "support": 81.0
    },
    "9": {
        "precision": 0.2151394422310757,
        "recall": 0.6666666666666666,
        "f1-score": 0.3253012048192771,
        "support": 81.0
    },
    "accuracy": 0.41838134430727025,
    "macro avg": {
        "precision": 0.48439698989139374,
        "recall": 0.41838134430727014,
        "f1-score": 0.40137329848061787,
        "support": 729.0
    },
    "weighted avg": {
        "precision": 0.48439698989139374,
        "recall": 0.41838134430727025,
        "f1-score": 0.40137329848061787,
        "support": 729.0
    }
}