{
    "2": {
        "precision": 1.0,
        "recall": 0.9183673469387755,
        "f1-score": 0.9574468085106383,
        "support": 49.0
    },
    "3": {
        "precision": 0.9230769230769231,
        "recall": 0.9795918367346939,
        "f1-score": 0.9504950495049505,
        "support": 49.0
    },
    "4": {
        "precision": 0.9696969696969697,
        "recall": 0.6530612244897959,
        "f1-score": 0.7804878048780488,
        "support": 49.0
    },
    "5": {
        "precision": 0.6382978723404256,
        "recall": 0.6122448979591837,
        "f1-score": 0.625,
        "support": 49.0
    },
    "6": {
        "precision": 0.2222222222222222,
        "recall": 0.04081632653061224,
        "f1-score": 0.06896551724137931,
        "support": 49.0
    },
    "7": {
        "precision": 0.3821138211382114,
        "recall": 0.9591836734693877,
        "f1-score": 0.5465116279069767,
        "support": 49.0
    },
    "8": {
        "precision": 0.0,
        "recall": 0.0,
        "f1-score": 0.0,
        "support": 49.0
    },
    "9": {
        "precision": 0.5903614457831325,
        "recall": 1.0,
        "f1-score": 0.7424242424242424,
        "support": 49.0
    },
    "accuracy": 0.6454081632653061,
    "macro avg": {
        "precision": 0.5907211567822356,
        "recall": 0.6454081632653061,
        "f1-score": 0.5839163813082795,
        "support": 392.0
    },
    "weighted avg": {
        "precision": 0.5907211567822355,
        "recall": 0.6454081632653061,
        "f1-score": 0.5839163813082796,
        "support": 392.0
    }
}