{
    "2": {
        "precision": 1.0,
        "recall": 0.9795918367346939,
        "f1-score": 0.9896907216494846,
        "support": 49.0
    },
    "3": {
        "precision": 0.8448275862068966,
        "recall": 1.0,
        "f1-score": 0.9158878504672897,
        "support": 49.0
    },
    "4": {
        "precision": 1.0,
        "recall": 0.5714285714285714,
        "f1-score": 0.7272727272727273,
        "support": 49.0
    },
    "5": {
        "precision": 0.5294117647058824,
        "recall": 0.9183673469387755,
        "f1-score": 0.6716417910447762,
        "support": 49.0
    },
    "6": {
        "precision": 0.0,
        "recall": 0.0,
        "f1-score": 0.0,
        "support": 49.0
    },
    "7": {
        "precision": 0.32666666666666666,
        "recall": 1.0,
        "f1-score": 0.49246231155778897,
        "support": 49.0
    },
    "8": {
        "precision": 0.0,
        "recall": 0.0,
        "f1-score": 0.0,
        "support": 49.0
    },
    "9": {
        "precision": 1.0,
        "recall": 0.46938775510204084,
        "f1-score": 0.6388888888888888,
        "support": 49.0
    },
    "accuracy": 0.6173469387755102,
    "macro avg": {
        "precision": 0.5876132521974307,
        "recall": 0.6173469387755102,
        "f1-score": 0.5544805363601195,
        "support": 392.0
    },
    "weighted avg": {
        "precision": 0.5876132521974307,
        "recall": 0.6173469387755102,
        "f1-score": 0.5544805363601195,
        "support": 392.0
    }
}