{
    "1": {
        "precision": 0.9918367346938776,
        "recall": 1.0,
        "f1-score": 0.9959016393442623,
        "support": 243.0
    },
    "2": {
        "precision": 0.8235294117647058,
        "recall": 0.9794238683127572,
        "f1-score": 0.8947368421052632,
        "support": 243.0
    },
    "3": {
        "precision": 0.5942492012779552,
        "recall": 0.7654320987654321,
        "f1-score": 0.6690647482014388,
        "support": 243.0
    },
    "4": {
        "precision": 0.5192307692307693,
        "recall": 0.4444444444444444,
        "f1-score": 0.4789356984478936,
        "support": 243.0
    },
    "5": {
        "precision": 0.4888888888888889,
        "recall": 0.18106995884773663,
        "f1-score": 0.26426426426426425,
        "support": 243.0
    },
    "6": {
        "precision": 0.3474320241691843,
        "recall": 0.4732510288065844,
        "f1-score": 0.40069686411149824,
        "support": 243.0
    },
    "7": {
        "precision": 0.29545454545454547,
        "recall": 0.4279835390946502,
        "f1-score": 0.3495798319327731,
        "support": 243.0
    },
    "8": {
        "precision": 0.33043478260869563,
        "recall": 0.31275720164609055,
        "f1-score": 0.321353065539112,
        "support": 243.0
    },
    "9": {
        "precision": 0.5426356589147286,
        "recall": 0.2880658436213992,
        "f1-score": 0.3763440860215054,
        "support": 243.0
    },
    "accuracy": 0.5413808870598994,
    "macro avg": {
        "precision": 0.5481880018892613,
        "recall": 0.5413808870598994,
        "f1-score": 0.5278752266631124,
        "support": 2187.0
    },
    "weighted avg": {
        "precision": 0.5481880018892612,
        "recall": 0.5413808870598994,
        "f1-score": 0.5278752266631123,
        "support": 2187.0
    }
}