{
    "2": {
        "precision": 1.0,
        "recall": 0.9591836734693877,
        "f1-score": 0.9791666666666666,
        "support": 49.0
    },
    "3": {
        "precision": 1.0,
        "recall": 0.8979591836734694,
        "f1-score": 0.946236559139785,
        "support": 49.0
    },
    "4": {
        "precision": 0.8723404255319149,
        "recall": 0.8367346938775511,
        "f1-score": 0.8541666666666666,
        "support": 49.0
    },
    "5": {
        "precision": 0.8636363636363636,
        "recall": 0.3877551020408163,
        "f1-score": 0.5352112676056338,
        "support": 49.0
    },
    "6": {
        "precision": 0.3448275862068966,
        "recall": 0.40816326530612246,
        "f1-score": 0.37383177570093457,
        "support": 49.0
    },
    "7": {
        "precision": 0.75,
        "recall": 0.4897959183673469,
        "f1-score": 0.5925925925925926,
        "support": 49.0
    },
    "8": {
        "precision": 0.3490566037735849,
        "recall": 0.7551020408163265,
        "f1-score": 0.4774193548387097,
        "support": 49.0
    },
    "9": {
        "precision": 0.7222222222222222,
        "recall": 0.5306122448979592,
        "f1-score": 0.611764705882353,
        "support": 49.0
    },
    "accuracy": 0.6581632653061225,
    "macro avg": {
        "precision": 0.7377604001713728,
        "recall": 0.6581632653061225,
        "f1-score": 0.6712986986366678,
        "support": 392.0
    },
    "weighted avg": {
        "precision": 0.7377604001713727,
        "recall": 0.6581632653061225,
        "f1-score": 0.6712986986366677,
        "support": 392.0
    }
}