{
    "1": {
        "precision": 1.0,
        "recall": 1.0,
        "f1-score": 1.0,
        "support": 81.0
    },
    "2": {
        "precision": 1.0,
        "recall": 0.9629629629629629,
        "f1-score": 0.9811320754716981,
        "support": 81.0
    },
    "3": {
        "precision": 0.9605263157894737,
        "recall": 0.9012345679012346,
        "f1-score": 0.9299363057324841,
        "support": 81.0
    },
    "4": {
        "precision": 0.8783783783783784,
        "recall": 0.8024691358024691,
        "f1-score": 0.8387096774193549,
        "support": 81.0
    },
    "5": {
        "precision": 0.7702702702702703,
        "recall": 0.7037037037037037,
        "f1-score": 0.7354838709677419,
        "support": 81.0
    },
    "6": {
        "precision": 0.640625,
        "recall": 0.5061728395061729,
        "f1-score": 0.5655172413793104,
        "support": 81.0
    },
    "7": {
        "precision": 0.4810126582278481,
        "recall": 0.4691358024691358,
        "f1-score": 0.475,
        "support": 81.0
    },
    "8": {
        "precision": 0.4126984126984127,
        "recall": 0.32098765432098764,
        "f1-score": 0.3611111111111111,
        "support": 81.0
    },
    "9": {
        "precision": 0.32941176470588235,
        "recall": 0.345679012345679,
        "f1-score": 0.3373493975903614,
        "support": 81.0
    },
    "micro avg": {
        "precision": 0.7225519287833828,
        "recall": 0.6680384087791496,
        "f1-score": 0.6942266571632216,
        "support": 729.0
    },
    "macro avg": {
        "precision": 0.7192136444522518,
        "recall": 0.6680384087791494,
        "f1-score": 0.6915821866302291,
        "support": 729.0
    },
    "weighted avg": {
        "precision": 0.7192136444522518,
        "recall": 0.6680384087791496,
        "f1-score": 0.691582186630229,
        "support": 729.0
    },
    "accuracy": 0.6680384087791496
}