{
    "1": {
        "precision": 1.0,
        "recall": 1.0,
        "f1-score": 1.0,
        "support": 81.0
    },
    "2": {
        "precision": 1.0,
        "recall": 0.7777777777777778,
        "f1-score": 0.875,
        "support": 81.0
    },
    "3": {
        "precision": 0.7528089887640449,
        "recall": 0.8271604938271605,
        "f1-score": 0.788235294117647,
        "support": 81.0
    },
    "4": {
        "precision": 0.4166666666666667,
        "recall": 0.12345679012345678,
        "f1-score": 0.19047619047619047,
        "support": 81.0
    },
    "5": {
        "precision": 0.17391304347826086,
        "recall": 0.14814814814814814,
        "f1-score": 0.16,
        "support": 81.0
    },
    "6": {
        "precision": 0.07692307692307693,
        "recall": 0.024691358024691357,
        "f1-score": 0.037383177570093455,
        "support": 81.0
    },
    "7": {
        "precision": 0.037037037037037035,
        "recall": 0.012345679012345678,
        "f1-score": 0.018518518518518517,
        "support": 81.0
    },
    "8": {
        "precision": 0.0,
        "recall": 0.0,
        "f1-score": 0.0,
        "support": 81.0
    },
    "9": {
        "precision": 0.0,
        "recall": 0.0,
        "f1-score": 0.0,
        "support": 81.0
    },
    "micro avg": {
        "precision": 0.5592417061611374,
        "recall": 0.32373113854595337,
        "f1-score": 0.4100781928757602,
        "support": 729.0
    },
    "macro avg": {
        "precision": 0.38414986809656515,
        "recall": 0.3237311385459533,
        "f1-score": 0.34106813118693885,
        "support": 729.0
    },
    "weighted avg": {
        "precision": 0.38414986809656515,
        "recall": 0.32373113854595337,
        "f1-score": 0.34106813118693885,
        "support": 729.0
    },
    "accuracy": 0.32373113854595337
}