{
    "2": {
        "precision": 0.0,
        "recall": 0.0,
        "f1-score": 0.0,
        "support": 49.0
    },
    "3": {
        "precision": 0.37209302325581395,
        "recall": 0.6530612244897959,
        "f1-score": 0.4740740740740741,
        "support": 49.0
    },
    "4": {
        "precision": 0.3288590604026846,
        "recall": 1.0,
        "f1-score": 0.494949494949495,
        "support": 49.0
    },
    "5": {
        "precision": 0.14893617021276595,
        "recall": 0.2857142857142857,
        "f1-score": 0.1958041958041958,
        "support": 49.0
    },
    "6": {
        "precision": 0.0,
        "recall": 0.0,
        "f1-score": 0.0,
        "support": 49.0
    },
    "7": {
        "precision": 0.0,
        "recall": 0.0,
        "f1-score": 0.0,
        "support": 49.0
    },
    "8": {
        "precision": 0.3898305084745763,
        "recall": 0.46938775510204084,
        "f1-score": 0.42592592592592593,
        "support": 49.0
    },
    "9": {
        "precision": 0.0,
        "recall": 0.0,
        "f1-score": 0.0,
        "support": 49.0
    },
    "accuracy": 0.3010204081632653,
    "macro avg": {
        "precision": 0.1549648452932301,
        "recall": 0.30102040816326525,
        "f1-score": 0.19884421134421137,
        "support": 392.0
    },
    "weighted avg": {
        "precision": 0.15496484529323012,
        "recall": 0.3010204081632653,
        "f1-score": 0.19884421134421132,
        "support": 392.0
    }
}