{
    "1": {
        "precision": 1.0,
        "recall": 1.0,
        "f1-score": 1.0,
        "support": 81.0
    },
    "2": {
        "precision": 1.0,
        "recall": 0.7037037037037037,
        "f1-score": 0.8260869565217391,
        "support": 81.0
    },
    "3": {
        "precision": 0.7156862745098039,
        "recall": 0.9012345679012346,
        "f1-score": 0.7978142076502732,
        "support": 81.0
    },
    "4": {
        "precision": 0.6,
        "recall": 0.14814814814814814,
        "f1-score": 0.2376237623762376,
        "support": 81.0
    },
    "5": {
        "precision": 0.1509433962264151,
        "recall": 0.09876543209876543,
        "f1-score": 0.11940298507462686,
        "support": 81.0
    },
    "6": {
        "precision": 0.05,
        "recall": 0.012345679012345678,
        "f1-score": 0.019801980198019802,
        "support": 81.0
    },
    "7": {
        "precision": 0.0,
        "recall": 0.0,
        "f1-score": 0.0,
        "support": 81.0
    },
    "8": {
        "precision": 0.0,
        "recall": 0.0,
        "f1-score": 0.0,
        "support": 81.0
    },
    "9": {
        "precision": 0.0,
        "recall": 0.0,
        "f1-score": 0.0,
        "support": 81.0
    },
    "micro avg": {
        "precision": 0.5933503836317136,
        "recall": 0.31824417009602196,
        "f1-score": 0.4142857142857143,
        "support": 729.0
    },
    "macro avg": {
        "precision": 0.39073663008180204,
        "recall": 0.3182441700960219,
        "f1-score": 0.33341443242454405,
        "support": 729.0
    },
    "weighted avg": {
        "precision": 0.3907366300818021,
        "recall": 0.31824417009602196,
        "f1-score": 0.3334144324245441,
        "support": 729.0
    },
    "accuracy": 0.31824417009602196
}