{
    "2": {
        "precision": 0.75,
        "recall": 0.11989795918367346,
        "f1-score": 0.20674486803519063,
        "support": 1176.0
    },
    "3": {
        "precision": 0.35409123823316435,
        "recall": 0.41581632653061223,
        "f1-score": 0.38247946812671096,
        "support": 1176.0
    },
    "4": {
        "precision": 0.23831373673644968,
        "recall": 0.7066326530612245,
        "f1-score": 0.3564229037100579,
        "support": 1176.0
    },
    "5": {
        "precision": 0.16053811659192826,
        "recall": 0.1522108843537415,
        "f1-score": 0.15626364033173287,
        "support": 1176.0
    },
    "6": {
        "precision": 0.170076726342711,
        "recall": 0.1130952380952381,
        "f1-score": 0.13585291113381,
        "support": 1176.0
    },
    "7": {
        "precision": 0.033185840707964605,
        "recall": 0.012755102040816327,
        "f1-score": 0.018427518427518427,
        "support": 1176.0
    },
    "8": {
        "precision": 0.23876123876123875,
        "recall": 0.2032312925170068,
        "f1-score": 0.21956821313734498,
        "support": 1176.0
    },
    "9": {
        "precision": 0.3333333333333333,
        "recall": 0.28401360544217685,
        "f1-score": 0.30670339761248855,
        "support": 1176.0
    },
    "accuracy": 0.25095663265306123,
    "macro avg": {
        "precision": 0.2847875288383487,
        "recall": 0.25095663265306123,
        "f1-score": 0.2228078650643568,
        "support": 9408.0
    },
    "weighted avg": {
        "precision": 0.28478752883834874,
        "recall": 0.25095663265306123,
        "f1-score": 0.2228078650643568,
        "support": 9408.0
    }
}