{
    "2": {
        "precision": 1.0,
        "recall": 0.5714285714285714,
        "f1-score": 0.7272727272727273,
        "support": 49.0
    },
    "3": {
        "precision": 0.6842105263157895,
        "recall": 0.7959183673469388,
        "f1-score": 0.7358490566037735,
        "support": 49.0
    },
    "4": {
        "precision": 0.7291666666666666,
        "recall": 0.7142857142857143,
        "f1-score": 0.7216494845360825,
        "support": 49.0
    },
    "5": {
        "precision": 0.7619047619047619,
        "recall": 0.6530612244897959,
        "f1-score": 0.7032967032967034,
        "support": 49.0
    },
    "6": {
        "precision": 0.5466666666666666,
        "recall": 0.8367346938775511,
        "f1-score": 0.6612903225806451,
        "support": 49.0
    },
    "7": {
        "precision": 0.4057971014492754,
        "recall": 0.5714285714285714,
        "f1-score": 0.4745762711864407,
        "support": 49.0
    },
    "8": {
        "precision": 0.2571428571428571,
        "recall": 0.3673469387755102,
        "f1-score": 0.3025210084033613,
        "support": 49.0
    },
    "9": {
        "precision": 0.3333333333333333,
        "recall": 0.02040816326530612,
        "f1-score": 0.038461538461538464,
        "support": 49.0
    },
    "accuracy": 0.5663265306122449,
    "macro avg": {
        "precision": 0.5897777391849188,
        "recall": 0.5663265306122449,
        "f1-score": 0.545614639042659,
        "support": 392.0
    },
    "weighted avg": {
        "precision": 0.5897777391849188,
        "recall": 0.5663265306122449,
        "f1-score": 0.545614639042659,
        "support": 392.0
    }
}