{
    "2": {
        "precision": 1.0,
        "recall": 0.6530612244897959,
        "f1-score": 0.7901234567901234,
        "support": 49.0
    },
    "3": {
        "precision": 0.6481481481481481,
        "recall": 0.7142857142857143,
        "f1-score": 0.6796116504854369,
        "support": 49.0
    },
    "4": {
        "precision": 0.6060606060606061,
        "recall": 0.40816326530612246,
        "f1-score": 0.4878048780487805,
        "support": 49.0
    },
    "5": {
        "precision": 0.5138888888888888,
        "recall": 0.7551020408163265,
        "f1-score": 0.6115702479338843,
        "support": 49.0
    },
    "6": {
        "precision": 0.4166666666666667,
        "recall": 0.30612244897959184,
        "f1-score": 0.35294117647058826,
        "support": 49.0
    },
    "7": {
        "precision": 0.6666666666666666,
        "recall": 0.04081632653061224,
        "f1-score": 0.07692307692307693,
        "support": 49.0
    },
    "8": {
        "precision": 0.30851063829787234,
        "recall": 0.5918367346938775,
        "f1-score": 0.40559440559440557,
        "support": 49.0
    },
    "9": {
        "precision": 0.3088235294117647,
        "recall": 0.42857142857142855,
        "f1-score": 0.358974358974359,
        "support": 49.0
    },
    "accuracy": 0.4872448979591837,
    "macro avg": {
        "precision": 0.5585956430175767,
        "recall": 0.4872448979591837,
        "f1-score": 0.4704429064025819,
        "support": 392.0
    },
    "weighted avg": {
        "precision": 0.5585956430175767,
        "recall": 0.4872448979591837,
        "f1-score": 0.47044290640258185,
        "support": 392.0
    }
}