{
    "2": {
        "precision": 1.0,
        "recall": 0.9183673469387755,
        "f1-score": 0.9574468085106383,
        "support": 49.0
    },
    "3": {
        "precision": 0.5568181818181818,
        "recall": 1.0,
        "f1-score": 0.7153284671532847,
        "support": 49.0
    },
    "4": {
        "precision": 0.38461538461538464,
        "recall": 0.20408163265306123,
        "f1-score": 0.26666666666666666,
        "support": 49.0
    },
    "5": {
        "precision": 0.5416666666666666,
        "recall": 0.5306122448979592,
        "f1-score": 0.5360824742268041,
        "support": 49.0
    },
    "6": {
        "precision": 1.0,
        "recall": 0.02040816326530612,
        "f1-score": 0.04,
        "support": 49.0
    },
    "7": {
        "precision": 0.28,
        "recall": 1.0,
        "f1-score": 0.4375,
        "support": 49.0
    },
    "8": {
        "precision": 0.0,
        "recall": 0.0,
        "f1-score": 0.0,
        "support": 49.0
    },
    "9": {
        "precision": 1.0,
        "recall": 0.1836734693877551,
        "f1-score": 0.3103448275862069,
        "support": 49.0
    },
    "accuracy": 0.48214285714285715,
    "macro avg": {
        "precision": 0.5953875291375291,
        "recall": 0.4821428571428571,
        "f1-score": 0.4079211555179501,
        "support": 392.0
    },
    "weighted avg": {
        "precision": 0.5953875291375291,
        "recall": 0.48214285714285715,
        "f1-score": 0.4079211555179501,
        "support": 392.0
    }
}