{
    "2": {
        "precision": 0.1856060606060606,
        "recall": 1.0,
        "f1-score": 0.31309904153354634,
        "support": 49.0
    },
    "3": {
        "precision": 0.7333333333333333,
        "recall": 0.4489795918367347,
        "f1-score": 0.5569620253164557,
        "support": 49.0
    },
    "4": {
        "precision": 0.375,
        "recall": 0.061224489795918366,
        "f1-score": 0.10526315789473684,
        "support": 49.0
    },
    "5": {
        "precision": 0.6666666666666666,
        "recall": 0.04081632653061224,
        "f1-score": 0.07692307692307693,
        "support": 49.0
    },
    "6": {
        "precision": 0.782608695652174,
        "recall": 0.3673469387755102,
        "f1-score": 0.5,
        "support": 49.0
    },
    "7": {
        "precision": 0.75,
        "recall": 0.12244897959183673,
        "f1-score": 0.21052631578947367,
        "support": 49.0
    },
    "8": {
        "precision": 0.0,
        "recall": 0.0,
        "f1-score": 0.0,
        "support": 49.0
    },
    "9": {
        "precision": 0.6785714285714286,
        "recall": 0.7755102040816326,
        "f1-score": 0.7238095238095238,
        "support": 49.0
    },
    "accuracy": 0.3520408163265306,
    "macro avg": {
        "precision": 0.521473273103708,
        "recall": 0.3520408163265306,
        "f1-score": 0.3108228926583516,
        "support": 392.0
    },
    "weighted avg": {
        "precision": 0.521473273103708,
        "recall": 0.3520408163265306,
        "f1-score": 0.31082289265835167,
        "support": 392.0
    }
}