{
    "1": {
        "precision": 1.0,
        "recall": 0.25925925925925924,
        "f1-score": 0.4117647058823529,
        "support": 81.0
    },
    "2": {
        "precision": 0.2625,
        "recall": 0.25925925925925924,
        "f1-score": 0.2608695652173913,
        "support": 81.0
    },
    "3": {
        "precision": 0.35443037974683544,
        "recall": 0.345679012345679,
        "f1-score": 0.35,
        "support": 81.0
    },
    "4": {
        "precision": 0.4262295081967213,
        "recall": 0.32098765432098764,
        "f1-score": 0.36619718309859156,
        "support": 81.0
    },
    "5": {
        "precision": 0.46296296296296297,
        "recall": 0.30864197530864196,
        "f1-score": 0.37037037037037035,
        "support": 81.0
    },
    "6": {
        "precision": 0.296551724137931,
        "recall": 0.5308641975308642,
        "f1-score": 0.3805309734513274,
        "support": 81.0
    },
    "7": {
        "precision": 0.23622047244094488,
        "recall": 0.37037037037037035,
        "f1-score": 0.28846153846153844,
        "support": 81.0
    },
    "8": {
        "precision": 0.2545454545454545,
        "recall": 0.1728395061728395,
        "f1-score": 0.20588235294117646,
        "support": 81.0
    },
    "9": {
        "precision": 0.3867924528301887,
        "recall": 0.5061728395061729,
        "f1-score": 0.4385026737967914,
        "support": 81.0
    },
    "micro avg": {
        "precision": 0.34203296703296704,
        "recall": 0.34156378600823045,
        "f1-score": 0.34179821551132467,
        "support": 729.0
    },
    "macro avg": {
        "precision": 0.4089147727623377,
        "recall": 0.34156378600823045,
        "f1-score": 0.3413977070243933,
        "support": 729.0
    },
    "weighted avg": {
        "precision": 0.4089147727623376,
        "recall": 0.34156378600823045,
        "f1-score": 0.34139770702439326,
        "support": 729.0
    },
    "accuracy": 0.34156378600823045
}