{
    "1": {
        "precision": 1.0,
        "recall": 0.9989711934156379,
        "f1-score": 0.9994853319608852,
        "support": 1944.0
    },
    "2": {
        "precision": 0.9938752783964365,
        "recall": 0.9182098765432098,
        "f1-score": 0.9545454545454546,
        "support": 1944.0
    },
    "3": {
        "precision": 0.8921212121212121,
        "recall": 0.757201646090535,
        "f1-score": 0.8191430161380078,
        "support": 1944.0
    },
    "4": {
        "precision": 0.6993637327677624,
        "recall": 0.6784979423868313,
        "f1-score": 0.6887728459530026,
        "support": 1944.0
    },
    "5": {
        "precision": 0.5961103573043871,
        "recall": 0.6779835390946503,
        "f1-score": 0.634416365824308,
        "support": 1944.0
    },
    "6": {
        "precision": 0.5145867098865479,
        "recall": 0.32664609053497945,
        "f1-score": 0.3996224040276904,
        "support": 1944.0
    },
    "7": {
        "precision": 0.3548560667204735,
        "recall": 0.6784979423868313,
        "f1-score": 0.46599540717187776,
        "support": 1944.0
    },
    "8": {
        "precision": 0.3853459972862958,
        "recall": 0.4382716049382716,
        "f1-score": 0.41010830324909747,
        "support": 1944.0
    },
    "9": {
        "precision": 0.8021201413427562,
        "recall": 0.35030864197530864,
        "f1-score": 0.48764769065520946,
        "support": 1944.0
    },
    "accuracy": 0.6471764974851395,
    "macro avg": {
        "precision": 0.6931532773139858,
        "recall": 0.6471764974851395,
        "f1-score": 0.6510818688361704,
        "support": 17496.0
    },
    "weighted avg": {
        "precision": 0.6931532773139858,
        "recall": 0.6471764974851395,
        "f1-score": 0.6510818688361703,
        "support": 17496.0
    }
}