{
    "1": {
        "precision": 1.0,
        "recall": 1.0,
        "f1-score": 1.0,
        "support": 81.0
    },
    "2": {
        "precision": 0.9878048780487805,
        "recall": 1.0,
        "f1-score": 0.9938650306748467,
        "support": 81.0
    },
    "3": {
        "precision": 0.9629629629629629,
        "recall": 0.9629629629629629,
        "f1-score": 0.9629629629629629,
        "support": 81.0
    },
    "4": {
        "precision": 0.8409090909090909,
        "recall": 0.9135802469135802,
        "f1-score": 0.8757396449704142,
        "support": 81.0
    },
    "5": {
        "precision": 0.6509433962264151,
        "recall": 0.8518518518518519,
        "f1-score": 0.7379679144385026,
        "support": 81.0
    },
    "6": {
        "precision": 0.5833333333333334,
        "recall": 0.5185185185185185,
        "f1-score": 0.5490196078431373,
        "support": 81.0
    },
    "7": {
        "precision": 0.4,
        "recall": 0.6419753086419753,
        "f1-score": 0.4928909952606635,
        "support": 81.0
    },
    "8": {
        "precision": 0.28,
        "recall": 0.25925925925925924,
        "f1-score": 0.2692307692307692,
        "support": 81.0
    },
    "9": {
        "precision": 0.9285714285714286,
        "recall": 0.16049382716049382,
        "f1-score": 0.2736842105263158,
        "support": 81.0
    },
    "accuracy": 0.700960219478738,
    "macro avg": {
        "precision": 0.7371694544502235,
        "recall": 0.700960219478738,
        "f1-score": 0.6839290151008457,
        "support": 729.0
    },
    "weighted avg": {
        "precision": 0.7371694544502234,
        "recall": 0.700960219478738,
        "f1-score": 0.6839290151008458,
        "support": 729.0
    }
}