{
    "2": {
        "precision": 1.0,
        "recall": 1.0,
        "f1-score": 1.0,
        "support": 49.0
    },
    "3": {
        "precision": 1.0,
        "recall": 0.8775510204081632,
        "f1-score": 0.9347826086956522,
        "support": 49.0
    },
    "4": {
        "precision": 0.6805555555555556,
        "recall": 1.0,
        "f1-score": 0.8099173553719008,
        "support": 49.0
    },
    "5": {
        "precision": 1.0,
        "recall": 0.46938775510204084,
        "f1-score": 0.6388888888888888,
        "support": 49.0
    },
    "6": {
        "precision": 0.6621621621621622,
        "recall": 1.0,
        "f1-score": 0.7967479674796748,
        "support": 49.0
    },
    "7": {
        "precision": 0.4583333333333333,
        "recall": 0.673469387755102,
        "f1-score": 0.5454545454545454,
        "support": 49.0
    },
    "8": {
        "precision": 0.38095238095238093,
        "recall": 0.16326530612244897,
        "f1-score": 0.22857142857142856,
        "support": 49.0
    },
    "9": {
        "precision": 0.9736842105263158,
        "recall": 0.7551020408163265,
        "f1-score": 0.8505747126436781,
        "support": 49.0
    },
    "accuracy": 0.7423469387755102,
    "macro avg": {
        "precision": 0.7694609553162185,
        "recall": 0.7423469387755102,
        "f1-score": 0.7256171883882211,
        "support": 392.0
    },
    "weighted avg": {
        "precision": 0.7694609553162185,
        "recall": 0.7423469387755102,
        "f1-score": 0.7256171883882211,
        "support": 392.0
    }
}