{
    "1": {
        "precision": 1.0,
        "recall": 1.0,
        "f1-score": 1.0,
        "support": 81.0
    },
    "2": {
        "precision": 1.0,
        "recall": 1.0,
        "f1-score": 1.0,
        "support": 81.0
    },
    "3": {
        "precision": 1.0,
        "recall": 0.9876543209876543,
        "f1-score": 0.9937888198757764,
        "support": 81.0
    },
    "4": {
        "precision": 0.9878048780487805,
        "recall": 1.0,
        "f1-score": 0.9938650306748467,
        "support": 81.0
    },
    "5": {
        "precision": 0.9743589743589743,
        "recall": 0.9382716049382716,
        "f1-score": 0.9559748427672956,
        "support": 81.0
    },
    "6": {
        "precision": 0.8387096774193549,
        "recall": 0.9629629629629629,
        "f1-score": 0.896551724137931,
        "support": 81.0
    },
    "7": {
        "precision": 0.9655172413793104,
        "recall": 0.691358024691358,
        "f1-score": 0.8057553956834532,
        "support": 81.0
    },
    "8": {
        "precision": 0.7922077922077922,
        "recall": 0.7530864197530864,
        "f1-score": 0.7721518987341772,
        "support": 81.0
    },
    "9": {
        "precision": 0.4,
        "recall": 0.09876543209876543,
        "f1-score": 0.15841584158415842,
        "support": 81.0
    },
    "micro avg": {
        "precision": 0.9261538461538461,
        "recall": 0.8257887517146777,
        "f1-score": 0.8730964467005076,
        "support": 729.0
    },
    "macro avg": {
        "precision": 0.884288729268246,
        "recall": 0.8257887517146776,
        "f1-score": 0.8418337281619599,
        "support": 729.0
    },
    "weighted avg": {
        "precision": 0.8842887292682458,
        "recall": 0.8257887517146777,
        "f1-score": 0.8418337281619599,
        "support": 729.0
    },
    "accuracy": 0.8257887517146777
}