{
    "2": {
        "precision": 1.0,
        "recall": 0.9991496598639455,
        "f1-score": 0.9995746490854955,
        "support": 1176.0
    },
    "3": {
        "precision": 0.999009900990099,
        "recall": 0.8579931972789115,
        "f1-score": 0.9231473010064044,
        "support": 1176.0
    },
    "4": {
        "precision": 0.8180545836249126,
        "recall": 0.9940476190476191,
        "f1-score": 0.8975047984644914,
        "support": 1176.0
    },
    "5": {
        "precision": 0.9794661190965093,
        "recall": 0.40561224489795916,
        "f1-score": 0.5736620565243535,
        "support": 1176.0
    },
    "6": {
        "precision": 0.6038394415357766,
        "recall": 0.8826530612244898,
        "f1-score": 0.7170984455958549,
        "support": 1176.0
    },
    "7": {
        "precision": 0.5440640932265113,
        "recall": 0.6352040816326531,
        "f1-score": 0.5861122008630836,
        "support": 1176.0
    },
    "8": {
        "precision": 0.4187725631768953,
        "recall": 0.29591836734693877,
        "f1-score": 0.34678624813153963,
        "support": 1176.0
    },
    "9": {
        "precision": 0.6543745480838756,
        "recall": 0.7695578231292517,
        "f1-score": 0.7073075420085971,
        "support": 1176.0
    },
    "micro avg": {
        "precision": 0.7300946103965132,
        "recall": 0.7300170068027211,
        "f1-score": 0.7300558065373373,
        "support": 9408.0
    },
    "macro avg": {
        "precision": 0.7521976562168224,
        "recall": 0.7300170068027211,
        "f1-score": 0.7188991552099775,
        "support": 9408.0
    },
    "weighted avg": {
        "precision": 0.7521976562168224,
        "recall": 0.7300170068027211,
        "f1-score": 0.7188991552099775,
        "support": 9408.0
    },
    "accuracy": 0.7300170068027211
}