{
    "1": {
        "precision": 1.0,
        "recall": 0.2716049382716049,
        "f1-score": 0.42718446601941745,
        "support": 81.0
    },
    "2": {
        "precision": 0.25316455696202533,
        "recall": 0.24691358024691357,
        "f1-score": 0.25,
        "support": 81.0
    },
    "3": {
        "precision": 0.31343283582089554,
        "recall": 0.25925925925925924,
        "f1-score": 0.28378378378378377,
        "support": 81.0
    },
    "4": {
        "precision": 0.4222222222222222,
        "recall": 0.2345679012345679,
        "f1-score": 0.30158730158730157,
        "support": 81.0
    },
    "5": {
        "precision": 0.25,
        "recall": 0.19753086419753085,
        "f1-score": 0.2206896551724138,
        "support": 81.0
    },
    "6": {
        "precision": 0.30851063829787234,
        "recall": 0.35802469135802467,
        "f1-score": 0.3314285714285714,
        "support": 81.0
    },
    "7": {
        "precision": 0.375,
        "recall": 0.2222222222222222,
        "f1-score": 0.27906976744186046,
        "support": 81.0
    },
    "8": {
        "precision": 0.25471698113207547,
        "recall": 0.3333333333333333,
        "f1-score": 0.2887700534759358,
        "support": 81.0
    },
    "9": {
        "precision": 0.32857142857142857,
        "recall": 0.2839506172839506,
        "f1-score": 0.304635761589404,
        "support": 81.0
    },
    "micro avg": {
        "precision": 0.3277310924369748,
        "recall": 0.2674897119341564,
        "f1-score": 0.2945619335347432,
        "support": 729.0
    },
    "macro avg": {
        "precision": 0.38951318477850216,
        "recall": 0.2674897119341564,
        "f1-score": 0.2985721511665209,
        "support": 729.0
    },
    "weighted avg": {
        "precision": 0.38951318477850216,
        "recall": 0.2674897119341564,
        "f1-score": 0.2985721511665209,
        "support": 729.0
    },
    "accuracy": 0.2674897119341564
}