{
    "2": {
        "precision": 1.0,
        "recall": 0.9591836734693877,
        "f1-score": 0.9791666666666666,
        "support": 49.0
    },
    "3": {
        "precision": 1.0,
        "recall": 0.8979591836734694,
        "f1-score": 0.946236559139785,
        "support": 49.0
    },
    "4": {
        "precision": 0.803921568627451,
        "recall": 0.8367346938775511,
        "f1-score": 0.82,
        "support": 49.0
    },
    "5": {
        "precision": 0.7380952380952381,
        "recall": 0.6326530612244898,
        "f1-score": 0.6813186813186813,
        "support": 49.0
    },
    "6": {
        "precision": 0.4027777777777778,
        "recall": 0.5918367346938775,
        "f1-score": 0.4793388429752066,
        "support": 49.0
    },
    "7": {
        "precision": 0.5333333333333333,
        "recall": 0.4897959183673469,
        "f1-score": 0.5106382978723404,
        "support": 49.0
    },
    "8": {
        "precision": 0.3157894736842105,
        "recall": 0.4897959183673469,
        "f1-score": 0.384,
        "support": 49.0
    },
    "9": {
        "precision": 0.8,
        "recall": 0.24489795918367346,
        "f1-score": 0.375,
        "support": 49.0
    },
    "accuracy": 0.6428571428571429,
    "macro avg": {
        "precision": 0.6992396739397513,
        "recall": 0.6428571428571429,
        "f1-score": 0.646962380996585,
        "support": 392.0
    },
    "weighted avg": {
        "precision": 0.6992396739397514,
        "recall": 0.6428571428571429,
        "f1-score": 0.646962380996585,
        "support": 392.0
    }
}