{
    "1": {
        "precision": 1.0,
        "recall": 1.0,
        "f1-score": 1.0,
        "support": 81.0
    },
    "2": {
        "precision": 0.8837209302325582,
        "recall": 0.9382716049382716,
        "f1-score": 0.9101796407185628,
        "support": 81.0
    },
    "3": {
        "precision": 0.7228915662650602,
        "recall": 0.7407407407407407,
        "f1-score": 0.7317073170731707,
        "support": 81.0
    },
    "4": {
        "precision": 0.6323529411764706,
        "recall": 0.5308641975308642,
        "f1-score": 0.5771812080536913,
        "support": 81.0
    },
    "5": {
        "precision": 0.5833333333333334,
        "recall": 0.25925925925925924,
        "f1-score": 0.358974358974359,
        "support": 81.0
    },
    "6": {
        "precision": 0.25,
        "recall": 0.07407407407407407,
        "f1-score": 0.11428571428571428,
        "support": 81.0
    },
    "7": {
        "precision": 0.0,
        "recall": 0.0,
        "f1-score": 0.0,
        "support": 81.0
    },
    "8": {
        "precision": 0.21621621621621623,
        "recall": 0.5925925925925926,
        "f1-score": 0.31683168316831684,
        "support": 81.0
    },
    "9": {
        "precision": 0.265625,
        "recall": 0.41975308641975306,
        "f1-score": 0.3253588516746411,
        "support": 81.0
    },
    "accuracy": 0.5061728395061729,
    "macro avg": {
        "precision": 0.5060155541359599,
        "recall": 0.5061728395061729,
        "f1-score": 0.4816131971053841,
        "support": 729.0
    },
    "weighted avg": {
        "precision": 0.5060155541359598,
        "recall": 0.5061728395061729,
        "f1-score": 0.481613197105384,
        "support": 729.0
    }
}