{
    "1": {
        "precision": 1.0,
        "recall": 0.9958847736625515,
        "f1-score": 0.9979381443298969,
        "support": 243.0
    },
    "2": {
        "precision": 0.987603305785124,
        "recall": 0.9835390946502057,
        "f1-score": 0.9855670103092784,
        "support": 243.0
    },
    "3": {
        "precision": 0.9766355140186916,
        "recall": 0.8600823045267489,
        "f1-score": 0.9146608315098468,
        "support": 243.0
    },
    "4": {
        "precision": 0.8167330677290837,
        "recall": 0.8436213991769548,
        "f1-score": 0.8299595141700404,
        "support": 243.0
    },
    "5": {
        "precision": 0.714828897338403,
        "recall": 0.7736625514403292,
        "f1-score": 0.7430830039525692,
        "support": 243.0
    },
    "6": {
        "precision": 0.5024752475247525,
        "recall": 0.8353909465020576,
        "f1-score": 0.6275115919629057,
        "support": 243.0
    },
    "7": {
        "precision": 0.3389830508474576,
        "recall": 0.411522633744856,
        "f1-score": 0.37174721189591076,
        "support": 243.0
    },
    "8": {
        "precision": 0.36318407960199006,
        "recall": 0.3004115226337449,
        "f1-score": 0.32882882882882886,
        "support": 243.0
    },
    "9": {
        "precision": 0.8933333333333333,
        "recall": 0.2757201646090535,
        "f1-score": 0.42138364779874216,
        "support": 243.0
    },
    "accuracy": 0.6977594878829446,
    "macro avg": {
        "precision": 0.7326418329087595,
        "recall": 0.6977594878829446,
        "f1-score": 0.6911866427508911,
        "support": 2187.0
    },
    "weighted avg": {
        "precision": 0.7326418329087595,
        "recall": 0.6977594878829446,
        "f1-score": 0.691186642750891,
        "support": 2187.0
    }
}