{
    "2": {
        "precision": 1.0,
        "recall": 0.9379251700680272,
        "f1-score": 0.9679684071961386,
        "support": 1176.0
    },
    "3": {
        "precision": 0.9262152777777778,
        "recall": 0.907312925170068,
        "f1-score": 0.9166666666666666,
        "support": 1176.0
    },
    "4": {
        "precision": 0.8222222222222222,
        "recall": 0.8180272108843537,
        "f1-score": 0.8201193520886616,
        "support": 1176.0
    },
    "5": {
        "precision": 0.6796193497224425,
        "recall": 0.7287414965986394,
        "f1-score": 0.7033237587197374,
        "support": 1176.0
    },
    "6": {
        "precision": 0.7044270833333334,
        "recall": 0.46003401360544216,
        "f1-score": 0.5565843621399177,
        "support": 1176.0
    },
    "7": {
        "precision": 0.49258160237388726,
        "recall": 0.70578231292517,
        "f1-score": 0.5802167074449494,
        "support": 1176.0
    },
    "8": {
        "precision": 0.5236294896030246,
        "recall": 0.4710884353741497,
        "f1-score": 0.4959713518352731,
        "support": 1176.0
    },
    "9": {
        "precision": 0.7415078707539354,
        "recall": 0.7610544217687075,
        "f1-score": 0.751154007553504,
        "support": 1176.0
    },
    "micro avg": {
        "precision": 0.7240535942152275,
        "recall": 0.7237457482993197,
        "f1-score": 0.7238996385285987,
        "support": 9408.0
    },
    "macro avg": {
        "precision": 0.7362753619733279,
        "recall": 0.7237457482993197,
        "f1-score": 0.724000576705606,
        "support": 9408.0
    },
    "weighted avg": {
        "precision": 0.736275361973328,
        "recall": 0.7237457482993197,
        "f1-score": 0.724000576705606,
        "support": 9408.0
    },
    "accuracy": 0.7237457482993197
}