{
    "1": {
        "precision": 1.0,
        "recall": 1.0,
        "f1-score": 1.0,
        "support": 81.0
    },
    "2": {
        "precision": 1.0,
        "recall": 0.9629629629629629,
        "f1-score": 0.9811320754716981,
        "support": 81.0
    },
    "3": {
        "precision": 0.9615384615384616,
        "recall": 0.9259259259259259,
        "f1-score": 0.9433962264150944,
        "support": 81.0
    },
    "4": {
        "precision": 0.8555555555555555,
        "recall": 0.9506172839506173,
        "f1-score": 0.9005847953216374,
        "support": 81.0
    },
    "5": {
        "precision": 0.7474747474747475,
        "recall": 0.9135802469135802,
        "f1-score": 0.8222222222222222,
        "support": 81.0
    },
    "6": {
        "precision": 0.7023809523809523,
        "recall": 0.7283950617283951,
        "f1-score": 0.7151515151515152,
        "support": 81.0
    },
    "7": {
        "precision": 0.5288461538461539,
        "recall": 0.6790123456790124,
        "f1-score": 0.5945945945945946,
        "support": 81.0
    },
    "8": {
        "precision": 0.4157303370786517,
        "recall": 0.4567901234567901,
        "f1-score": 0.43529411764705883,
        "support": 81.0
    },
    "9": {
        "precision": 1.0,
        "recall": 0.32098765432098764,
        "f1-score": 0.48598130841121495,
        "support": 81.0
    },
    "accuracy": 0.7709190672153635,
    "macro avg": {
        "precision": 0.8012806897638358,
        "recall": 0.7709190672153634,
        "f1-score": 0.7642618728038928,
        "support": 729.0
    },
    "weighted avg": {
        "precision": 0.8012806897638359,
        "recall": 0.7709190672153635,
        "f1-score": 0.7642618728038928,
        "support": 729.0
    }
}