{
    "2": {
        "precision": 1.0,
        "recall": 0.9795918367346939,
        "f1-score": 0.9896907216494846,
        "support": 49.0
    },
    "3": {
        "precision": 0.98,
        "recall": 1.0,
        "f1-score": 0.98989898989899,
        "support": 49.0
    },
    "4": {
        "precision": 1.0,
        "recall": 1.0,
        "f1-score": 1.0,
        "support": 49.0
    },
    "5": {
        "precision": 1.0,
        "recall": 0.3673469387755102,
        "f1-score": 0.5373134328358209,
        "support": 49.0
    },
    "6": {
        "precision": 0.5054945054945055,
        "recall": 0.9387755102040817,
        "f1-score": 0.6571428571428571,
        "support": 49.0
    },
    "7": {
        "precision": 1.0,
        "recall": 0.02040816326530612,
        "f1-score": 0.04,
        "support": 49.0
    },
    "8": {
        "precision": 0.3783783783783784,
        "recall": 0.2857142857142857,
        "f1-score": 0.32558139534883723,
        "support": 49.0
    },
    "9": {
        "precision": 0.3469387755102041,
        "recall": 0.6938775510204082,
        "f1-score": 0.46258503401360546,
        "support": 49.0
    },
    "accuracy": 0.6607142857142857,
    "macro avg": {
        "precision": 0.776351457422886,
        "recall": 0.6607142857142858,
        "f1-score": 0.6252765538611995,
        "support": 392.0
    },
    "weighted avg": {
        "precision": 0.776351457422886,
        "recall": 0.6607142857142857,
        "f1-score": 0.6252765538611993,
        "support": 392.0
    }
}