{
    "1": {
        "precision": 0.9310344827586207,
        "recall": 1.0,
        "f1-score": 0.9642857142857143,
        "support": 81.0
    },
    "2": {
        "precision": 0.987012987012987,
        "recall": 0.9382716049382716,
        "f1-score": 0.9620253164556962,
        "support": 81.0
    },
    "3": {
        "precision": 0.8809523809523809,
        "recall": 0.9135802469135802,
        "f1-score": 0.896969696969697,
        "support": 81.0
    },
    "4": {
        "precision": 0.8918918918918919,
        "recall": 0.8148148148148148,
        "f1-score": 0.8516129032258064,
        "support": 81.0
    },
    "5": {
        "precision": 0.8787878787878788,
        "recall": 0.7160493827160493,
        "f1-score": 0.7891156462585034,
        "support": 81.0
    },
    "6": {
        "precision": 0.5859375,
        "recall": 0.9259259259259259,
        "f1-score": 0.7177033492822966,
        "support": 81.0
    },
    "7": {
        "precision": 0.6666666666666666,
        "recall": 0.41975308641975306,
        "f1-score": 0.5151515151515151,
        "support": 81.0
    },
    "8": {
        "precision": 0.432,
        "recall": 0.6666666666666666,
        "f1-score": 0.5242718446601942,
        "support": 81.0
    },
    "9": {
        "precision": 0.6216216216216216,
        "recall": 0.2839506172839506,
        "f1-score": 0.3898305084745763,
        "support": 81.0
    },
    "accuracy": 0.7421124828532236,
    "macro avg": {
        "precision": 0.7639894899657831,
        "recall": 0.7421124828532236,
        "f1-score": 0.7345518327515556,
        "support": 729.0
    },
    "weighted avg": {
        "precision": 0.7639894899657831,
        "recall": 0.7421124828532236,
        "f1-score": 0.7345518327515554,
        "support": 729.0
    }
}