{
    "2": {
        "precision": 1.0,
        "recall": 0.2857142857142857,
        "f1-score": 0.4444444444444444,
        "support": 49.0
    },
    "3": {
        "precision": 0.484375,
        "recall": 0.6326530612244898,
        "f1-score": 0.5486725663716814,
        "support": 49.0
    },
    "4": {
        "precision": 0.589041095890411,
        "recall": 0.8775510204081632,
        "f1-score": 0.7049180327868853,
        "support": 49.0
    },
    "5": {
        "precision": 0.35714285714285715,
        "recall": 0.6122448979591837,
        "f1-score": 0.45112781954887216,
        "support": 49.0
    },
    "6": {
        "precision": 0.22340425531914893,
        "recall": 0.42857142857142855,
        "f1-score": 0.2937062937062937,
        "support": 49.0
    },
    "7": {
        "precision": 0.0,
        "recall": 0.0,
        "f1-score": 0.0,
        "support": 49.0
    },
    "8": {
        "precision": 0.3090909090909091,
        "recall": 0.3469387755102041,
        "f1-score": 0.3269230769230769,
        "support": 49.0
    },
    "9": {
        "precision": 0.625,
        "recall": 0.10204081632653061,
        "f1-score": 0.17543859649122806,
        "support": 49.0
    },
    "accuracy": 0.4107142857142857,
    "macro avg": {
        "precision": 0.4485067646804157,
        "recall": 0.4107142857142857,
        "f1-score": 0.3681538537840602,
        "support": 392.0
    },
    "weighted avg": {
        "precision": 0.4485067646804157,
        "recall": 0.4107142857142857,
        "f1-score": 0.36815385378406024,
        "support": 392.0
    }
}