{
    "1": {
        "precision": 1.0,
        "recall": 1.0,
        "f1-score": 1.0,
        "support": 81.0
    },
    "2": {
        "precision": 1.0,
        "recall": 0.9259259259259259,
        "f1-score": 0.9615384615384616,
        "support": 81.0
    },
    "3": {
        "precision": 0.9178082191780822,
        "recall": 0.8271604938271605,
        "f1-score": 0.8701298701298701,
        "support": 81.0
    },
    "4": {
        "precision": 0.6818181818181818,
        "recall": 0.37037037037037035,
        "f1-score": 0.48,
        "support": 81.0
    },
    "5": {
        "precision": 0.39285714285714285,
        "recall": 0.4074074074074074,
        "f1-score": 0.4,
        "support": 81.0
    },
    "6": {
        "precision": 0.2878787878787879,
        "recall": 0.2345679012345679,
        "f1-score": 0.2585034013605442,
        "support": 81.0
    },
    "7": {
        "precision": 0.24705882352941178,
        "recall": 0.25925925925925924,
        "f1-score": 0.25301204819277107,
        "support": 81.0
    },
    "8": {
        "precision": 0.022727272727272728,
        "recall": 0.012345679012345678,
        "f1-score": 0.016,
        "support": 81.0
    },
    "9": {
        "precision": 0.06060606060606061,
        "recall": 0.04938271604938271,
        "f1-score": 0.05442176870748299,
        "support": 81.0
    },
    "micro avg": {
        "precision": 0.5355987055016181,
        "recall": 0.4540466392318244,
        "f1-score": 0.4914625092798812,
        "support": 729.0
    },
    "macro avg": {
        "precision": 0.5123060542883267,
        "recall": 0.4540466392318245,
        "f1-score": 0.4770672833254589,
        "support": 729.0
    },
    "weighted avg": {
        "precision": 0.5123060542883268,
        "recall": 0.4540466392318244,
        "f1-score": 0.47706728332545884,
        "support": 729.0
    },
    "accuracy": 0.4540466392318244
}