{
    "1": {
        "precision": 1.0,
        "recall": 1.0,
        "f1-score": 1.0,
        "support": 81.0
    },
    "2": {
        "precision": 1.0,
        "recall": 1.0,
        "f1-score": 1.0,
        "support": 81.0
    },
    "3": {
        "precision": 1.0,
        "recall": 1.0,
        "f1-score": 1.0,
        "support": 81.0
    },
    "4": {
        "precision": 1.0,
        "recall": 0.9876543209876543,
        "f1-score": 0.9937888198757764,
        "support": 81.0
    },
    "5": {
        "precision": 0.9,
        "recall": 1.0,
        "f1-score": 0.9473684210526315,
        "support": 81.0
    },
    "6": {
        "precision": 0.9402985074626866,
        "recall": 0.7777777777777778,
        "f1-score": 0.8513513513513513,
        "support": 81.0
    },
    "7": {
        "precision": 0.6666666666666666,
        "recall": 0.9135802469135802,
        "f1-score": 0.7708333333333334,
        "support": 81.0
    },
    "8": {
        "precision": 1.0,
        "recall": 0.04938271604938271,
        "f1-score": 0.09411764705882353,
        "support": 81.0
    },
    "9": {
        "precision": 0.40963855421686746,
        "recall": 0.41975308641975306,
        "f1-score": 0.4146341463414634,
        "support": 81.0
    },
    "micro avg": {
        "precision": 0.8539823008849557,
        "recall": 0.7942386831275721,
        "f1-score": 0.8230277185501066,
        "support": 729.0
    },
    "macro avg": {
        "precision": 0.8796226364829134,
        "recall": 0.794238683127572,
        "f1-score": 0.7857881910014867,
        "support": 729.0
    },
    "weighted avg": {
        "precision": 0.8796226364829134,
        "recall": 0.7942386831275721,
        "f1-score": 0.7857881910014867,
        "support": 729.0
    },
    "accuracy": 0.7942386831275721
}