{
    "1": {
        "precision": 1.0,
        "recall": 0.6296296296296297,
        "f1-score": 0.7727272727272727,
        "support": 81.0
    },
    "2": {
        "precision": 0.6629213483146067,
        "recall": 0.7283950617283951,
        "f1-score": 0.6941176470588235,
        "support": 81.0
    },
    "3": {
        "precision": 0.8194444444444444,
        "recall": 0.7283950617283951,
        "f1-score": 0.7712418300653595,
        "support": 81.0
    },
    "4": {
        "precision": 0.6931818181818182,
        "recall": 0.7530864197530864,
        "f1-score": 0.7218934911242604,
        "support": 81.0
    },
    "5": {
        "precision": 0.6785714285714286,
        "recall": 0.7037037037037037,
        "f1-score": 0.6909090909090909,
        "support": 81.0
    },
    "6": {
        "precision": 0.5849056603773585,
        "recall": 0.7654320987654321,
        "f1-score": 0.6631016042780749,
        "support": 81.0
    },
    "7": {
        "precision": 0.46534653465346537,
        "recall": 0.5802469135802469,
        "f1-score": 0.5164835164835165,
        "support": 81.0
    },
    "8": {
        "precision": 0.34513274336283184,
        "recall": 0.48148148148148145,
        "f1-score": 0.4020618556701031,
        "support": 81.0
    },
    "9": {
        "precision": 0.5882352941176471,
        "recall": 0.12345679012345678,
        "f1-score": 0.20408163265306123,
        "support": 81.0
    },
    "micro avg": {
        "precision": 0.6171983356449375,
        "recall": 0.6104252400548696,
        "f1-score": 0.6137931034482759,
        "support": 729.0
    },
    "macro avg": {
        "precision": 0.6486376968915111,
        "recall": 0.6104252400548696,
        "f1-score": 0.6040686601077291,
        "support": 729.0
    },
    "weighted avg": {
        "precision": 0.6486376968915112,
        "recall": 0.6104252400548696,
        "f1-score": 0.6040686601077292,
        "support": 729.0
    },
    "accuracy": 0.6104252400548696
}