{
    "1": {
        "precision": 0.0,
        "recall": 0.0,
        "f1-score": 0.0,
        "support": 243.0
    },
    "2": {
        "precision": 0.03463203463203463,
        "recall": 0.03292181069958848,
        "f1-score": 0.03375527426160337,
        "support": 243.0
    },
    "3": {
        "precision": 0.25895316804407714,
        "recall": 0.3868312757201646,
        "f1-score": 0.3102310231023102,
        "support": 243.0
    },
    "4": {
        "precision": 0.1791907514450867,
        "recall": 0.12757201646090535,
        "f1-score": 0.14903846153846154,
        "support": 243.0
    },
    "5": {
        "precision": 0.323943661971831,
        "recall": 0.3786008230452675,
        "f1-score": 0.349146110056926,
        "support": 243.0
    },
    "6": {
        "precision": 0.0,
        "recall": 0.0,
        "f1-score": 0.0,
        "support": 243.0
    },
    "7": {
        "precision": 0.22826086956521738,
        "recall": 0.25925925925925924,
        "f1-score": 0.24277456647398843,
        "support": 243.0
    },
    "8": {
        "precision": 0.0,
        "recall": 0.0,
        "f1-score": 0.0,
        "support": 243.0
    },
    "9": {
        "precision": 0.43478260869565216,
        "recall": 0.0411522633744856,
        "f1-score": 0.07518796992481203,
        "support": 243.0
    },
    "accuracy": 0.13625971650663007,
    "macro avg": {
        "precision": 0.16219589937265544,
        "recall": 0.13625971650663007,
        "f1-score": 0.1289037117064557,
        "support": 2187.0
    },
    "weighted avg": {
        "precision": 0.16219589937265547,
        "recall": 0.13625971650663007,
        "f1-score": 0.1289037117064557,
        "support": 2187.0
    }
}