{
    "2": {
        "precision": 1.0,
        "recall": 0.8571428571428571,
        "f1-score": 0.9230769230769231,
        "support": 49.0
    },
    "3": {
        "precision": 0.972972972972973,
        "recall": 0.7346938775510204,
        "f1-score": 0.8372093023255814,
        "support": 49.0
    },
    "4": {
        "precision": 0.6268656716417911,
        "recall": 0.8571428571428571,
        "f1-score": 0.7241379310344828,
        "support": 49.0
    },
    "5": {
        "precision": 0.9090909090909091,
        "recall": 0.40816326530612246,
        "f1-score": 0.5633802816901409,
        "support": 49.0
    },
    "6": {
        "precision": 0.40229885057471265,
        "recall": 0.7142857142857143,
        "f1-score": 0.5147058823529411,
        "support": 49.0
    },
    "7": {
        "precision": 0.6052631578947368,
        "recall": 0.46938775510204084,
        "f1-score": 0.5287356321839081,
        "support": 49.0
    },
    "8": {
        "precision": 0.5,
        "recall": 0.42857142857142855,
        "f1-score": 0.46153846153846156,
        "support": 49.0
    },
    "9": {
        "precision": 0.7368421052631579,
        "recall": 0.8571428571428571,
        "f1-score": 0.7924528301886793,
        "support": 49.0
    },
    "accuracy": 0.6658163265306123,
    "macro avg": {
        "precision": 0.7191667084297851,
        "recall": 0.6658163265306123,
        "f1-score": 0.6681546555488898,
        "support": 392.0
    },
    "weighted avg": {
        "precision": 0.7191667084297851,
        "recall": 0.6658163265306123,
        "f1-score": 0.6681546555488898,
        "support": 392.0
    }
}