{
    "1": {
        "precision": 1.0,
        "recall": 0.6666666666666666,
        "f1-score": 0.8,
        "support": 81.0
    },
    "2": {
        "precision": 0.6823529411764706,
        "recall": 0.7160493827160493,
        "f1-score": 0.6987951807228916,
        "support": 81.0
    },
    "3": {
        "precision": 0.8055555555555556,
        "recall": 0.7160493827160493,
        "f1-score": 0.7581699346405228,
        "support": 81.0
    },
    "4": {
        "precision": 0.7407407407407407,
        "recall": 0.7407407407407407,
        "f1-score": 0.7407407407407407,
        "support": 81.0
    },
    "5": {
        "precision": 0.6962025316455697,
        "recall": 0.6790123456790124,
        "f1-score": 0.6875,
        "support": 81.0
    },
    "6": {
        "precision": 0.6095238095238096,
        "recall": 0.7901234567901234,
        "f1-score": 0.6881720430107527,
        "support": 81.0
    },
    "7": {
        "precision": 0.4380952380952381,
        "recall": 0.5679012345679012,
        "f1-score": 0.4946236559139785,
        "support": 81.0
    },
    "8": {
        "precision": 0.3584905660377358,
        "recall": 0.4691358024691358,
        "f1-score": 0.40641711229946526,
        "support": 81.0
    },
    "9": {
        "precision": 0.75,
        "recall": 0.2222222222222222,
        "f1-score": 0.34285714285714286,
        "support": 81.0
    },
    "micro avg": {
        "precision": 0.6343178621659634,
        "recall": 0.6186556927297668,
        "f1-score": 0.6263888888888889,
        "support": 729.0
    },
    "macro avg": {
        "precision": 0.6756623758639022,
        "recall": 0.6186556927297668,
        "f1-score": 0.6241417566872771,
        "support": 729.0
    },
    "weighted avg": {
        "precision": 0.6756623758639022,
        "recall": 0.6186556927297668,
        "f1-score": 0.6241417566872772,
        "support": 729.0
    },
    "accuracy": 0.6186556927297668
}