{
    "1": {
        "precision": 1.0,
        "recall": 1.0,
        "f1-score": 1.0,
        "support": 81.0
    },
    "2": {
        "precision": 0.8105263157894737,
        "recall": 0.9506172839506173,
        "f1-score": 0.875,
        "support": 81.0
    },
    "3": {
        "precision": 0.686046511627907,
        "recall": 0.7283950617283951,
        "f1-score": 0.7065868263473054,
        "support": 81.0
    },
    "4": {
        "precision": 0.5384615384615384,
        "recall": 0.6049382716049383,
        "f1-score": 0.5697674418604651,
        "support": 81.0
    },
    "5": {
        "precision": 0.5365853658536586,
        "recall": 0.2716049382716049,
        "f1-score": 0.36065573770491804,
        "support": 81.0
    },
    "6": {
        "precision": 0.48484848484848486,
        "recall": 0.19753086419753085,
        "f1-score": 0.2807017543859649,
        "support": 81.0
    },
    "7": {
        "precision": 0.0,
        "recall": 0.0,
        "f1-score": 0.0,
        "support": 81.0
    },
    "8": {
        "precision": 0.23628691983122363,
        "recall": 0.691358024691358,
        "f1-score": 0.3522012578616352,
        "support": 81.0
    },
    "9": {
        "precision": 0.3125,
        "recall": 0.24691358024691357,
        "f1-score": 0.27586206896551724,
        "support": 81.0
    },
    "accuracy": 0.5212620027434842,
    "macro avg": {
        "precision": 0.5116950151569206,
        "recall": 0.5212620027434842,
        "f1-score": 0.49119723190286724,
        "support": 729.0
    },
    "weighted avg": {
        "precision": 0.5116950151569207,
        "recall": 0.5212620027434842,
        "f1-score": 0.49119723190286735,
        "support": 729.0
    }
}