{
    "2": {
        "precision": 1.0,
        "recall": 0.42857142857142855,
        "f1-score": 0.6,
        "support": 49.0
    },
    "3": {
        "precision": 0.5694444444444444,
        "recall": 0.8367346938775511,
        "f1-score": 0.6776859504132231,
        "support": 49.0
    },
    "4": {
        "precision": 0.7301587301587301,
        "recall": 0.9387755102040817,
        "f1-score": 0.8214285714285714,
        "support": 49.0
    },
    "5": {
        "precision": 0.6086956521739131,
        "recall": 0.2857142857142857,
        "f1-score": 0.3888888888888889,
        "support": 49.0
    },
    "6": {
        "precision": 0.425531914893617,
        "recall": 0.40816326530612246,
        "f1-score": 0.4166666666666667,
        "support": 49.0
    },
    "7": {
        "precision": 0.0,
        "recall": 0.0,
        "f1-score": 0.0,
        "support": 49.0
    },
    "8": {
        "precision": 0.20689655172413793,
        "recall": 0.3673469387755102,
        "f1-score": 0.2647058823529412,
        "support": 49.0
    },
    "9": {
        "precision": 0.23684210526315788,
        "recall": 0.3673469387755102,
        "f1-score": 0.288,
        "support": 49.0
    },
    "accuracy": 0.45408163265306123,
    "macro avg": {
        "precision": 0.47219617483225007,
        "recall": 0.45408163265306123,
        "f1-score": 0.4321719949687864,
        "support": 392.0
    },
    "weighted avg": {
        "precision": 0.47219617483225,
        "recall": 0.45408163265306123,
        "f1-score": 0.4321719949687864,
        "support": 392.0
    }
}