{
    "1": {
        "precision": 1.0,
        "recall": 1.0,
        "f1-score": 1.0,
        "support": 81.0
    },
    "2": {
        "precision": 1.0,
        "recall": 0.9135802469135802,
        "f1-score": 0.9548387096774194,
        "support": 81.0
    },
    "3": {
        "precision": 0.9066666666666666,
        "recall": 0.8395061728395061,
        "f1-score": 0.8717948717948718,
        "support": 81.0
    },
    "4": {
        "precision": 0.6904761904761905,
        "recall": 0.35802469135802467,
        "f1-score": 0.4715447154471545,
        "support": 81.0
    },
    "5": {
        "precision": 0.30666666666666664,
        "recall": 0.2839506172839506,
        "f1-score": 0.2948717948717949,
        "support": 81.0
    },
    "6": {
        "precision": 0.2692307692307692,
        "recall": 0.25925925925925924,
        "f1-score": 0.2641509433962264,
        "support": 81.0
    },
    "7": {
        "precision": 0.27710843373493976,
        "recall": 0.2839506172839506,
        "f1-score": 0.2804878048780488,
        "support": 81.0
    },
    "8": {
        "precision": 0.046511627906976744,
        "recall": 0.024691358024691357,
        "f1-score": 0.03225806451612903,
        "support": 81.0
    },
    "9": {
        "precision": 0.05714285714285714,
        "recall": 0.04938271604938271,
        "f1-score": 0.052980132450331126,
        "support": 81.0
    },
    "micro avg": {
        "precision": 0.5233494363929146,
        "recall": 0.4458161865569273,
        "f1-score": 0.48148148148148145,
        "support": 729.0
    },
    "macro avg": {
        "precision": 0.5059781346472296,
        "recall": 0.4458161865569273,
        "f1-score": 0.4692141152257751,
        "support": 729.0
    },
    "weighted avg": {
        "precision": 0.5059781346472296,
        "recall": 0.4458161865569273,
        "f1-score": 0.4692141152257751,
        "support": 729.0
    },
    "accuracy": 0.4458161865569273
}