{
    "1": {
        "precision": 1.0,
        "recall": 1.0,
        "f1-score": 1.0,
        "support": 81.0
    },
    "2": {
        "precision": 1.0,
        "recall": 0.8148148148148148,
        "f1-score": 0.8979591836734694,
        "support": 81.0
    },
    "3": {
        "precision": 0.7272727272727273,
        "recall": 0.49382716049382713,
        "f1-score": 0.5882352941176471,
        "support": 81.0
    },
    "4": {
        "precision": 0.07142857142857142,
        "recall": 0.037037037037037035,
        "f1-score": 0.04878048780487805,
        "support": 81.0
    },
    "5": {
        "precision": 0.028985507246376812,
        "recall": 0.024691358024691357,
        "f1-score": 0.02666666666666667,
        "support": 81.0
    },
    "6": {
        "precision": 0.018867924528301886,
        "recall": 0.012345679012345678,
        "f1-score": 0.014925373134328358,
        "support": 81.0
    },
    "7": {
        "precision": 0.029411764705882353,
        "recall": 0.024691358024691357,
        "f1-score": 0.026845637583892617,
        "support": 81.0
    },
    "8": {
        "precision": 0.14814814814814814,
        "recall": 0.24691358024691357,
        "f1-score": 0.18518518518518517,
        "support": 81.0
    },
    "9": {
        "precision": 0.23728813559322035,
        "recall": 0.1728395061728395,
        "f1-score": 0.2,
        "support": 81.0
    },
    "micro avg": {
        "precision": 0.3646496815286624,
        "recall": 0.31412894375857336,
        "f1-score": 0.3375092114959469,
        "support": 729.0
    },
    "macro avg": {
        "precision": 0.36237808654702536,
        "recall": 0.31412894375857336,
        "f1-score": 0.3320664253517853,
        "support": 729.0
    },
    "weighted avg": {
        "precision": 0.36237808654702536,
        "recall": 0.31412894375857336,
        "f1-score": 0.33206642535178527,
        "support": 729.0
    },
    "accuracy": 0.31412894375857336
}