{
    "1": {
        "precision": 1.0,
        "recall": 1.0,
        "f1-score": 1.0,
        "support": 81.0
    },
    "2": {
        "precision": 1.0,
        "recall": 0.9753086419753086,
        "f1-score": 0.9875,
        "support": 81.0
    },
    "3": {
        "precision": 0.9743589743589743,
        "recall": 0.9382716049382716,
        "f1-score": 0.9559748427672956,
        "support": 81.0
    },
    "4": {
        "precision": 0.8681318681318682,
        "recall": 0.9753086419753086,
        "f1-score": 0.9186046511627907,
        "support": 81.0
    },
    "5": {
        "precision": 0.7115384615384616,
        "recall": 0.9135802469135802,
        "f1-score": 0.8,
        "support": 81.0
    },
    "6": {
        "precision": 0.6162790697674418,
        "recall": 0.654320987654321,
        "f1-score": 0.6347305389221557,
        "support": 81.0
    },
    "7": {
        "precision": 0.4375,
        "recall": 0.6049382716049383,
        "f1-score": 0.5077720207253886,
        "support": 81.0
    },
    "8": {
        "precision": 0.2696629213483146,
        "recall": 0.2962962962962963,
        "f1-score": 0.2823529411764706,
        "support": 81.0
    },
    "9": {
        "precision": 1.0,
        "recall": 0.1111111111111111,
        "f1-score": 0.2,
        "support": 81.0
    },
    "accuracy": 0.7187928669410151,
    "macro avg": {
        "precision": 0.76416347723834,
        "recall": 0.7187928669410151,
        "f1-score": 0.6985483327504558,
        "support": 729.0
    },
    "weighted avg": {
        "precision": 0.7641634772383401,
        "recall": 0.7187928669410151,
        "f1-score": 0.6985483327504557,
        "support": 729.0
    }
}