{
    "2": {
        "precision": 1.0,
        "recall": 0.9795918367346939,
        "f1-score": 0.9896907216494846,
        "support": 49.0
    },
    "3": {
        "precision": 0.9782608695652174,
        "recall": 0.9183673469387755,
        "f1-score": 0.9473684210526315,
        "support": 49.0
    },
    "4": {
        "precision": 0.9074074074074074,
        "recall": 1.0,
        "f1-score": 0.9514563106796117,
        "support": 49.0
    },
    "5": {
        "precision": 1.0,
        "recall": 0.061224489795918366,
        "f1-score": 0.11538461538461539,
        "support": 49.0
    },
    "6": {
        "precision": 0.2903225806451613,
        "recall": 0.3673469387755102,
        "f1-score": 0.32432432432432434,
        "support": 49.0
    },
    "7": {
        "precision": 0.0,
        "recall": 0.0,
        "f1-score": 0.0,
        "support": 49.0
    },
    "8": {
        "precision": 0.05555555555555555,
        "recall": 0.04081632653061224,
        "f1-score": 0.047058823529411764,
        "support": 49.0
    },
    "9": {
        "precision": 0.34507042253521125,
        "recall": 1.0,
        "f1-score": 0.5130890052356021,
        "support": 49.0
    },
    "accuracy": 0.5459183673469388,
    "macro avg": {
        "precision": 0.5720771044635691,
        "recall": 0.5459183673469388,
        "f1-score": 0.48604652773196017,
        "support": 392.0
    },
    "weighted avg": {
        "precision": 0.5720771044635691,
        "recall": 0.5459183673469388,
        "f1-score": 0.4860465277319601,
        "support": 392.0
    }
}