{
    "1": {
        "precision": 1.0,
        "recall": 1.0,
        "f1-score": 1.0,
        "support": 81.0
    },
    "2": {
        "precision": 0.9759036144578314,
        "recall": 1.0,
        "f1-score": 0.9878048780487805,
        "support": 81.0
    },
    "3": {
        "precision": 0.875,
        "recall": 0.9506172839506173,
        "f1-score": 0.9112426035502958,
        "support": 81.0
    },
    "4": {
        "precision": 0.5303030303030303,
        "recall": 0.8641975308641975,
        "f1-score": 0.6572769953051644,
        "support": 81.0
    },
    "5": {
        "precision": 0.37755102040816324,
        "recall": 0.4567901234567901,
        "f1-score": 0.4134078212290503,
        "support": 81.0
    },
    "6": {
        "precision": 0.358974358974359,
        "recall": 0.1728395061728395,
        "f1-score": 0.23333333333333334,
        "support": 81.0
    },
    "7": {
        "precision": 0.3202614379084967,
        "recall": 0.6049382716049383,
        "f1-score": 0.4188034188034188,
        "support": 81.0
    },
    "8": {
        "precision": 0.3170731707317073,
        "recall": 0.16049382716049382,
        "f1-score": 0.21311475409836064,
        "support": 81.0
    },
    "9": {
        "precision": 0.8571428571428571,
        "recall": 0.14814814814814814,
        "f1-score": 0.25263157894736843,
        "support": 81.0
    },
    "accuracy": 0.5953360768175583,
    "macro avg": {
        "precision": 0.6235788322140494,
        "recall": 0.5953360768175583,
        "f1-score": 0.565290598146197,
        "support": 729.0
    },
    "weighted avg": {
        "precision": 0.6235788322140495,
        "recall": 0.5953360768175583,
        "f1-score": 0.565290598146197,
        "support": 729.0
    }
}