{
    "2": {
        "precision": 1.0,
        "recall": 0.9795918367346939,
        "f1-score": 0.9896907216494846,
        "support": 49.0
    },
    "3": {
        "precision": 0.9791666666666666,
        "recall": 0.9591836734693877,
        "f1-score": 0.9690721649484536,
        "support": 49.0
    },
    "4": {
        "precision": 0.92,
        "recall": 0.9387755102040817,
        "f1-score": 0.9292929292929293,
        "support": 49.0
    },
    "5": {
        "precision": 0.8035714285714286,
        "recall": 0.9183673469387755,
        "f1-score": 0.8571428571428571,
        "support": 49.0
    },
    "6": {
        "precision": 0.8888888888888888,
        "recall": 0.4897959183673469,
        "f1-score": 0.631578947368421,
        "support": 49.0
    },
    "7": {
        "precision": 0.47297297297297297,
        "recall": 0.7142857142857143,
        "f1-score": 0.5691056910569106,
        "support": 49.0
    },
    "8": {
        "precision": 0.44642857142857145,
        "recall": 0.5102040816326531,
        "f1-score": 0.47619047619047616,
        "support": 49.0
    },
    "9": {
        "precision": 0.8484848484848485,
        "recall": 0.5714285714285714,
        "f1-score": 0.6829268292682927,
        "support": 49.0
    },
    "accuracy": 0.7602040816326531,
    "macro avg": {
        "precision": 0.7949391721266721,
        "recall": 0.7602040816326531,
        "f1-score": 0.7631250771147282,
        "support": 392.0
    },
    "weighted avg": {
        "precision": 0.7949391721266721,
        "recall": 0.7602040816326531,
        "f1-score": 0.763125077114728,
        "support": 392.0
    }
}