{
    "1": {
        "precision": 1.0,
        "recall": 0.9835390946502057,
        "f1-score": 0.991701244813278,
        "support": 243.0
    },
    "2": {
        "precision": 0.9629629629629629,
        "recall": 0.8559670781893004,
        "f1-score": 0.906318082788671,
        "support": 243.0
    },
    "3": {
        "precision": 0.8271604938271605,
        "recall": 0.8271604938271605,
        "f1-score": 0.8271604938271605,
        "support": 243.0
    },
    "4": {
        "precision": 0.6559485530546624,
        "recall": 0.8395061728395061,
        "f1-score": 0.7364620938628159,
        "support": 243.0
    },
    "5": {
        "precision": 0.6704545454545454,
        "recall": 0.48559670781893005,
        "f1-score": 0.5632458233890215,
        "support": 243.0
    },
    "6": {
        "precision": 0.4838709677419355,
        "recall": 0.49382716049382713,
        "f1-score": 0.48879837067209775,
        "support": 243.0
    },
    "7": {
        "precision": 0.40264026402640263,
        "recall": 0.5020576131687243,
        "f1-score": 0.4468864468864469,
        "support": 243.0
    },
    "8": {
        "precision": 0.40425531914893614,
        "recall": 0.4691358024691358,
        "f1-score": 0.4342857142857143,
        "support": 243.0
    },
    "9": {
        "precision": 0.6686390532544378,
        "recall": 0.46502057613168724,
        "f1-score": 0.5485436893203883,
        "support": 243.0
    },
    "accuracy": 0.6579789666209419,
    "macro avg": {
        "precision": 0.6751035732745604,
        "recall": 0.6579789666209419,
        "f1-score": 0.6603779955383993,
        "support": 2187.0
    },
    "weighted avg": {
        "precision": 0.6751035732745604,
        "recall": 0.6579789666209419,
        "f1-score": 0.6603779955383994,
        "support": 2187.0
    }
}