{
    "1": {
        "precision": 0.9868421052631579,
        "recall": 0.30864197530864196,
        "f1-score": 0.4702194357366771,
        "support": 243.0
    },
    "2": {
        "precision": 0.36619718309859156,
        "recall": 0.4279835390946502,
        "f1-score": 0.3946869070208729,
        "support": 243.0
    },
    "3": {
        "precision": 0.3147410358565737,
        "recall": 0.32510288065843623,
        "f1-score": 0.31983805668016196,
        "support": 243.0
    },
    "4": {
        "precision": 0.2396694214876033,
        "recall": 0.23868312757201646,
        "f1-score": 0.23917525773195877,
        "support": 243.0
    },
    "5": {
        "precision": 0.3150684931506849,
        "recall": 0.2839506172839506,
        "f1-score": 0.2987012987012987,
        "support": 243.0
    },
    "6": {
        "precision": 0.23636363636363636,
        "recall": 0.2674897119341564,
        "f1-score": 0.25096525096525096,
        "support": 243.0
    },
    "7": {
        "precision": 0.2,
        "recall": 0.01646090534979424,
        "f1-score": 0.030418250950570342,
        "support": 243.0
    },
    "8": {
        "precision": 0.25125628140703515,
        "recall": 0.6172839506172839,
        "f1-score": 0.35714285714285715,
        "support": 243.0
    },
    "9": {
        "precision": 0.3811659192825112,
        "recall": 0.3497942386831276,
        "f1-score": 0.3648068669527897,
        "support": 243.0
    },
    "accuracy": 0.31504343850022865,
    "macro avg": {
        "precision": 0.36570045287886604,
        "recall": 0.3150434385002286,
        "f1-score": 0.30288379798693754,
        "support": 2187.0
    },
    "weighted avg": {
        "precision": 0.365700452878866,
        "recall": 0.31504343850022865,
        "f1-score": 0.30288379798693754,
        "support": 2187.0
    }
}