{
    "2": {
        "precision": 1.0,
        "recall": 0.9345238095238095,
        "f1-score": 0.9661538461538461,
        "support": 1176.0
    },
    "3": {
        "precision": 0.9871668311944719,
        "recall": 0.8503401360544217,
        "f1-score": 0.9136592051164916,
        "support": 1176.0
    },
    "4": {
        "precision": 0.7478991596638656,
        "recall": 0.8324829931972789,
        "f1-score": 0.7879275653923541,
        "support": 1176.0
    },
    "5": {
        "precision": 0.811965811965812,
        "recall": 0.4846938775510204,
        "f1-score": 0.6070287539936102,
        "support": 1176.0
    },
    "6": {
        "precision": 0.40502942750133764,
        "recall": 0.6437074829931972,
        "f1-score": 0.4972085385878489,
        "support": 1176.0
    },
    "7": {
        "precision": 0.6180851063829788,
        "recall": 0.49404761904761907,
        "f1-score": 0.5491493383742911,
        "support": 1176.0
    },
    "8": {
        "precision": 0.3835521769177609,
        "recall": 0.4719387755102041,
        "f1-score": 0.42317956538314905,
        "support": 1176.0
    },
    "9": {
        "precision": 0.7276264591439688,
        "recall": 0.6360544217687075,
        "f1-score": 0.6787658802177858,
        "support": 1176.0
    },
    "micro avg": {
        "precision": 0.6685447007547571,
        "recall": 0.6684736394557823,
        "f1-score": 0.6685091682168482,
        "support": 9408.0
    },
    "macro avg": {
        "precision": 0.7101656215962744,
        "recall": 0.6684736394557823,
        "f1-score": 0.6778840866524222,
        "support": 9408.0
    },
    "weighted avg": {
        "precision": 0.7101656215962745,
        "recall": 0.6684736394557823,
        "f1-score": 0.6778840866524222,
        "support": 9408.0
    },
    "accuracy": 0.6684736394557823
}