{
    "2": {
        "precision": 1.0,
        "recall": 1.0,
        "f1-score": 1.0,
        "support": 49.0
    },
    "3": {
        "precision": 1.0,
        "recall": 0.9795918367346939,
        "f1-score": 0.9896907216494846,
        "support": 49.0
    },
    "4": {
        "precision": 0.8421052631578947,
        "recall": 0.9795918367346939,
        "f1-score": 0.9056603773584906,
        "support": 49.0
    },
    "5": {
        "precision": 0.76,
        "recall": 0.7755102040816326,
        "f1-score": 0.7676767676767676,
        "support": 49.0
    },
    "6": {
        "precision": 0.7857142857142857,
        "recall": 0.673469387755102,
        "f1-score": 0.7252747252747253,
        "support": 49.0
    },
    "7": {
        "precision": 0.5882352941176471,
        "recall": 0.8163265306122449,
        "f1-score": 0.6837606837606838,
        "support": 49.0
    },
    "8": {
        "precision": 0.5897435897435898,
        "recall": 0.46938775510204084,
        "f1-score": 0.5227272727272727,
        "support": 49.0
    },
    "9": {
        "precision": 0.8974358974358975,
        "recall": 0.7142857142857143,
        "f1-score": 0.7954545454545454,
        "support": 49.0
    },
    "accuracy": 0.8010204081632653,
    "macro avg": {
        "precision": 0.8079042912711643,
        "recall": 0.8010204081632653,
        "f1-score": 0.7987806367377461,
        "support": 392.0
    },
    "weighted avg": {
        "precision": 0.8079042912711644,
        "recall": 0.8010204081632653,
        "f1-score": 0.7987806367377462,
        "support": 392.0
    }
}