{
    "2": {
        "precision": 1.0,
        "recall": 0.5510204081632653,
        "f1-score": 0.7105263157894737,
        "support": 49.0
    },
    "3": {
        "precision": 0.5555555555555556,
        "recall": 0.6122448979591837,
        "f1-score": 0.5825242718446602,
        "support": 49.0
    },
    "4": {
        "precision": 0.46875,
        "recall": 0.30612244897959184,
        "f1-score": 0.37037037037037035,
        "support": 49.0
    },
    "5": {
        "precision": 0.4827586206896552,
        "recall": 0.8571428571428571,
        "f1-score": 0.6176470588235294,
        "support": 49.0
    },
    "6": {
        "precision": 0.46153846153846156,
        "recall": 0.3673469387755102,
        "f1-score": 0.4090909090909091,
        "support": 49.0
    },
    "7": {
        "precision": 1.0,
        "recall": 0.02040816326530612,
        "f1-score": 0.04,
        "support": 49.0
    },
    "8": {
        "precision": 0.3258426966292135,
        "recall": 0.5918367346938775,
        "f1-score": 0.42028985507246375,
        "support": 49.0
    },
    "9": {
        "precision": 0.3492063492063492,
        "recall": 0.4489795918367347,
        "f1-score": 0.39285714285714285,
        "support": 49.0
    },
    "accuracy": 0.46938775510204084,
    "macro avg": {
        "precision": 0.5804564604524044,
        "recall": 0.4693877551020408,
        "f1-score": 0.44291324048106867,
        "support": 392.0
    },
    "weighted avg": {
        "precision": 0.5804564604524044,
        "recall": 0.46938775510204084,
        "f1-score": 0.44291324048106867,
        "support": 392.0
    }
}