{
    "1": {
        "precision": 0.0,
        "recall": 0.0,
        "f1-score": 0.0,
        "support": 81.0
    },
    "2": {
        "precision": 0.48148148148148145,
        "recall": 0.32098765432098764,
        "f1-score": 0.3851851851851852,
        "support": 81.0
    },
    "3": {
        "precision": 0.27941176470588236,
        "recall": 0.7037037037037037,
        "f1-score": 0.4,
        "support": 81.0
    },
    "4": {
        "precision": 0.4230769230769231,
        "recall": 0.2716049382716049,
        "f1-score": 0.3308270676691729,
        "support": 81.0
    },
    "5": {
        "precision": 0.0,
        "recall": 0.0,
        "f1-score": 0.0,
        "support": 81.0
    },
    "6": {
        "precision": 0.0,
        "recall": 0.0,
        "f1-score": 0.0,
        "support": 81.0
    },
    "7": {
        "precision": 0.0,
        "recall": 0.0,
        "f1-score": 0.0,
        "support": 81.0
    },
    "8": {
        "precision": 0.0,
        "recall": 0.0,
        "f1-score": 0.0,
        "support": 81.0
    },
    "9": {
        "precision": 0.0,
        "recall": 0.0,
        "f1-score": 0.0,
        "support": 81.0
    },
    "accuracy": 0.1440329218106996,
    "macro avg": {
        "precision": 0.1315522410293652,
        "recall": 0.1440329218106996,
        "f1-score": 0.12400136142826201,
        "support": 729.0
    },
    "weighted avg": {
        "precision": 0.13155224102936522,
        "recall": 0.1440329218106996,
        "f1-score": 0.124001361428262,
        "support": 729.0
    }
}