{
    "1": {
        "precision": 0.03636363636363636,
        "recall": 0.024691358024691357,
        "f1-score": 0.029411764705882353,
        "support": 81.0
    },
    "2": {
        "precision": 0.8,
        "recall": 0.09876543209876543,
        "f1-score": 0.17582417582417584,
        "support": 81.0
    },
    "3": {
        "precision": 0.07432432432432433,
        "recall": 0.13580246913580246,
        "f1-score": 0.09606986899563319,
        "support": 81.0
    },
    "4": {
        "precision": 0.19753086419753085,
        "recall": 0.19753086419753085,
        "f1-score": 0.19753086419753085,
        "support": 81.0
    },
    "5": {
        "precision": 0.21987951807228914,
        "recall": 0.9012345679012346,
        "f1-score": 0.35351089588377727,
        "support": 81.0
    },
    "6": {
        "precision": 0.0,
        "recall": 0.0,
        "f1-score": 0.0,
        "support": 81.0
    },
    "7": {
        "precision": 0.0,
        "recall": 0.0,
        "f1-score": 0.0,
        "support": 81.0
    },
    "8": {
        "precision": 0.3137254901960784,
        "recall": 0.3950617283950617,
        "f1-score": 0.34972677595628415,
        "support": 81.0
    },
    "9": {
        "precision": 0.0,
        "recall": 0.0,
        "f1-score": 0.0,
        "support": 81.0
    },
    "accuracy": 0.19478737997256515,
    "macro avg": {
        "precision": 0.1824248703504288,
        "recall": 0.19478737997256515,
        "f1-score": 0.1335638161736982,
        "support": 729.0
    },
    "weighted avg": {
        "precision": 0.18242487035042879,
        "recall": 0.19478737997256515,
        "f1-score": 0.1335638161736982,
        "support": 729.0
    }
}