{
    "2": {
        "precision": 1.0,
        "recall": 0.9795918367346939,
        "f1-score": 0.9896907216494846,
        "support": 49.0
    },
    "3": {
        "precision": 0.9607843137254902,
        "recall": 1.0,
        "f1-score": 0.98,
        "support": 49.0
    },
    "4": {
        "precision": 1.0,
        "recall": 1.0,
        "f1-score": 1.0,
        "support": 49.0
    },
    "5": {
        "precision": 1.0,
        "recall": 0.32653061224489793,
        "f1-score": 0.49230769230769234,
        "support": 49.0
    },
    "6": {
        "precision": 0.5301204819277109,
        "recall": 0.8979591836734694,
        "f1-score": 0.6666666666666666,
        "support": 49.0
    },
    "7": {
        "precision": 0.0,
        "recall": 0.0,
        "f1-score": 0.0,
        "support": 49.0
    },
    "8": {
        "precision": 0.32432432432432434,
        "recall": 0.24489795918367346,
        "f1-score": 0.27906976744186046,
        "support": 49.0
    },
    "9": {
        "precision": 0.3055555555555556,
        "recall": 0.673469387755102,
        "f1-score": 0.42038216560509556,
        "support": 49.0
    },
    "accuracy": 0.6403061224489796,
    "macro avg": {
        "precision": 0.6400980844416351,
        "recall": 0.6403061224489796,
        "f1-score": 0.6035146267088499,
        "support": 392.0
    },
    "weighted avg": {
        "precision": 0.6400980844416351,
        "recall": 0.6403061224489796,
        "f1-score": 0.6035146267088499,
        "support": 392.0
    }
}