{
    "2": {
        "precision": 1.0,
        "recall": 0.1836734693877551,
        "f1-score": 0.3103448275862069,
        "support": 49.0
    },
    "3": {
        "precision": 0.5,
        "recall": 0.02040816326530612,
        "f1-score": 0.0392156862745098,
        "support": 49.0
    },
    "4": {
        "precision": 0.24369747899159663,
        "recall": 0.5918367346938775,
        "f1-score": 0.34523809523809523,
        "support": 49.0
    },
    "5": {
        "precision": 0.0,
        "recall": 0.0,
        "f1-score": 0.0,
        "support": 49.0
    },
    "6": {
        "precision": 0.28448275862068967,
        "recall": 0.673469387755102,
        "f1-score": 0.4,
        "support": 49.0
    },
    "7": {
        "precision": 0.0,
        "recall": 0.0,
        "f1-score": 0.0,
        "support": 49.0
    },
    "8": {
        "precision": 0.5,
        "recall": 0.02040816326530612,
        "f1-score": 0.0392156862745098,
        "support": 49.0
    },
    "9": {
        "precision": 0.3333333333333333,
        "recall": 0.9795918367346939,
        "f1-score": 0.49740932642487046,
        "support": 49.0
    },
    "accuracy": 0.3086734693877551,
    "macro avg": {
        "precision": 0.35768919636820246,
        "recall": 0.3086734693877551,
        "f1-score": 0.20392795272477404,
        "support": 392.0
    },
    "weighted avg": {
        "precision": 0.35768919636820246,
        "recall": 0.3086734693877551,
        "f1-score": 0.20392795272477404,
        "support": 392.0
    }
}