{
    "2": {
        "precision": 0.9433962264150944,
        "recall": 0.9259259259259259,
        "f1-score": 0.9345794392523364,
        "support": 54.0
    },
    "3": {
        "precision": 0.9622641509433962,
        "recall": 0.8947368421052632,
        "f1-score": 0.9272727272727272,
        "support": 57.0
    },
    "4": {
        "precision": 0.8793103448275862,
        "recall": 0.9272727272727272,
        "f1-score": 0.9026548672566371,
        "support": 55.0
    },
    "5": {
        "precision": 0.9666666666666667,
        "recall": 0.6590909090909091,
        "f1-score": 0.7837837837837838,
        "support": 44.0
    },
    "6": {
        "precision": 0.74,
        "recall": 0.6379310344827587,
        "f1-score": 0.6851851851851852,
        "support": 58.0
    },
    "7": {
        "precision": 0.5384615384615384,
        "recall": 0.40384615384615385,
        "f1-score": 0.46153846153846156,
        "support": 52.0
    },
    "8": {
        "precision": 0.5625,
        "recall": 0.3157894736842105,
        "f1-score": 0.4044943820224719,
        "support": 57.0
    },
    "9": {
        "precision": 0.5151515151515151,
        "recall": 0.85,
        "f1-score": 0.6415094339622641,
        "support": 60.0
    },
    "10": {
        "precision": 0.631578947368421,
        "recall": 0.2222222222222222,
        "f1-score": 0.3287671232876712,
        "support": 54.0
    },
    "micro avg": {
        "precision": 0.7390300230946882,
        "recall": 0.6517311608961304,
        "f1-score": 0.6926406926406926,
        "support": 491.0
    },
    "macro avg": {
        "precision": 0.7488143766482465,
        "recall": 0.648535032070019,
        "f1-score": 0.6744206003957266,
        "support": 491.0
    },
    "weighted avg": {
        "precision": 0.7427387152668531,
        "recall": 0.6517311608961304,
        "f1-score": 0.67310641664168,
        "support": 491.0
    }
}