{
    "2": {
        "precision": 1.0,
        "recall": 1.0,
        "f1-score": 1.0,
        "support": 49.0
    },
    "3": {
        "precision": 1.0,
        "recall": 0.673469387755102,
        "f1-score": 0.8048780487804879,
        "support": 49.0
    },
    "4": {
        "precision": 0.5697674418604651,
        "recall": 1.0,
        "f1-score": 0.725925925925926,
        "support": 49.0
    },
    "5": {
        "precision": 1.0,
        "recall": 0.3673469387755102,
        "f1-score": 0.5373134328358209,
        "support": 49.0
    },
    "6": {
        "precision": 0.7419354838709677,
        "recall": 0.9387755102040817,
        "f1-score": 0.8288288288288288,
        "support": 49.0
    },
    "7": {
        "precision": 0.4868421052631579,
        "recall": 0.7551020408163265,
        "f1-score": 0.592,
        "support": 49.0
    },
    "8": {
        "precision": 0.2857142857142857,
        "recall": 0.16326530612244897,
        "f1-score": 0.2077922077922078,
        "support": 49.0
    },
    "9": {
        "precision": 0.9,
        "recall": 0.7346938775510204,
        "f1-score": 0.8089887640449438,
        "support": 49.0
    },
    "accuracy": 0.7040816326530612,
    "macro avg": {
        "precision": 0.7480324145886096,
        "recall": 0.7040816326530612,
        "f1-score": 0.6882159010260269,
        "support": 392.0
    },
    "weighted avg": {
        "precision": 0.7480324145886096,
        "recall": 0.7040816326530612,
        "f1-score": 0.6882159010260268,
        "support": 392.0
    }
}