{
    "1": {
        "precision": 1.0,
        "recall": 0.3333333333333333,
        "f1-score": 0.5,
        "support": 81.0
    },
    "2": {
        "precision": 0.3333333333333333,
        "recall": 0.3333333333333333,
        "f1-score": 0.3333333333333333,
        "support": 81.0
    },
    "3": {
        "precision": 0.37681159420289856,
        "recall": 0.32098765432098764,
        "f1-score": 0.3466666666666667,
        "support": 81.0
    },
    "4": {
        "precision": 0.49056603773584906,
        "recall": 0.32098765432098764,
        "f1-score": 0.3880597014925373,
        "support": 81.0
    },
    "5": {
        "precision": 0.36764705882352944,
        "recall": 0.30864197530864196,
        "f1-score": 0.33557046979865773,
        "support": 81.0
    },
    "6": {
        "precision": 0.375,
        "recall": 0.4444444444444444,
        "f1-score": 0.4067796610169492,
        "support": 81.0
    },
    "7": {
        "precision": 0.4827586206896552,
        "recall": 0.345679012345679,
        "f1-score": 0.4028776978417266,
        "support": 81.0
    },
    "8": {
        "precision": 0.3442622950819672,
        "recall": 0.5185185185185185,
        "f1-score": 0.41379310344827586,
        "support": 81.0
    },
    "9": {
        "precision": 0.5131578947368421,
        "recall": 0.48148148148148145,
        "f1-score": 0.4968152866242038,
        "support": 81.0
    },
    "micro avg": {
        "precision": 0.4246153846153846,
        "recall": 0.3786008230452675,
        "f1-score": 0.4002900652646846,
        "support": 729.0
    },
    "macro avg": {
        "precision": 0.4759485371782306,
        "recall": 0.3786008230452675,
        "f1-score": 0.4026551022469278,
        "support": 729.0
    },
    "weighted avg": {
        "precision": 0.47594853717823055,
        "recall": 0.3786008230452675,
        "f1-score": 0.40265510224692785,
        "support": 729.0
    },
    "accuracy": 0.3786008230452675
}