{
    "1": {
        "precision": 1.0,
        "recall": 1.0,
        "f1-score": 1.0,
        "support": 81.0
    },
    "2": {
        "precision": 0.9759036144578314,
        "recall": 1.0,
        "f1-score": 0.9878048780487805,
        "support": 81.0
    },
    "3": {
        "precision": 0.8369565217391305,
        "recall": 0.9506172839506173,
        "f1-score": 0.8901734104046243,
        "support": 81.0
    },
    "4": {
        "precision": 0.6504854368932039,
        "recall": 0.8271604938271605,
        "f1-score": 0.7282608695652174,
        "support": 81.0
    },
    "5": {
        "precision": 0.5217391304347826,
        "recall": 0.5925925925925926,
        "f1-score": 0.5549132947976878,
        "support": 81.0
    },
    "6": {
        "precision": 0.45054945054945056,
        "recall": 0.5061728395061729,
        "f1-score": 0.47674418604651164,
        "support": 81.0
    },
    "7": {
        "precision": 0.425,
        "recall": 0.41975308641975306,
        "f1-score": 0.422360248447205,
        "support": 81.0
    },
    "8": {
        "precision": 0.66,
        "recall": 0.4074074074074074,
        "f1-score": 0.5038167938931297,
        "support": 81.0
    },
    "9": {
        "precision": 0.9230769230769231,
        "recall": 0.5925925925925926,
        "f1-score": 0.7218045112781954,
        "support": 81.0
    },
    "micro avg": {
        "precision": 0.7044198895027625,
        "recall": 0.6995884773662552,
        "f1-score": 0.7019958706125258,
        "support": 729.0
    },
    "macro avg": {
        "precision": 0.715967897461258,
        "recall": 0.6995884773662551,
        "f1-score": 0.6984309102757058,
        "support": 729.0
    },
    "weighted avg": {
        "precision": 0.715967897461258,
        "recall": 0.6995884773662552,
        "f1-score": 0.6984309102757057,
        "support": 729.0
    },
    "accuracy": 0.6995884773662552
}