{
    "1": {
        "precision": 1.0,
        "recall": 1.0,
        "f1-score": 1.0,
        "support": 81.0
    },
    "2": {
        "precision": 1.0,
        "recall": 1.0,
        "f1-score": 1.0,
        "support": 81.0
    },
    "3": {
        "precision": 0.975609756097561,
        "recall": 0.9876543209876543,
        "f1-score": 0.9815950920245399,
        "support": 81.0
    },
    "4": {
        "precision": 0.926829268292683,
        "recall": 0.9382716049382716,
        "f1-score": 0.9325153374233128,
        "support": 81.0
    },
    "5": {
        "precision": 0.868421052631579,
        "recall": 0.8148148148148148,
        "f1-score": 0.8407643312101911,
        "support": 81.0
    },
    "6": {
        "precision": 0.76,
        "recall": 0.7037037037037037,
        "f1-score": 0.7307692307692307,
        "support": 81.0
    },
    "7": {
        "precision": 0.6823529411764706,
        "recall": 0.7160493827160493,
        "f1-score": 0.6987951807228916,
        "support": 81.0
    },
    "8": {
        "precision": 0.5517241379310345,
        "recall": 0.3950617283950617,
        "f1-score": 0.460431654676259,
        "support": 81.0
    },
    "9": {
        "precision": 0.5063291139240507,
        "recall": 0.49382716049382713,
        "f1-score": 0.5,
        "support": 81.0
    },
    "micro avg": {
        "precision": 0.8168812589413448,
        "recall": 0.7832647462277091,
        "f1-score": 0.7997198879551821,
        "support": 729.0
    },
    "macro avg": {
        "precision": 0.8079184744503753,
        "recall": 0.7832647462277093,
        "f1-score": 0.7938745363140473,
        "support": 729.0
    },
    "weighted avg": {
        "precision": 0.8079184744503753,
        "recall": 0.7832647462277091,
        "f1-score": 0.7938745363140473,
        "support": 729.0
    },
    "accuracy": 0.7832647462277091
}