{
    "2": {
        "precision": 1.0,
        "recall": 0.9387755102040817,
        "f1-score": 0.968421052631579,
        "support": 49.0
    },
    "3": {
        "precision": 0.6049382716049383,
        "recall": 1.0,
        "f1-score": 0.7538461538461538,
        "support": 49.0
    },
    "4": {
        "precision": 1.0,
        "recall": 0.30612244897959184,
        "f1-score": 0.46875,
        "support": 49.0
    },
    "5": {
        "precision": 0.5,
        "recall": 1.0,
        "f1-score": 0.6666666666666666,
        "support": 49.0
    },
    "6": {
        "precision": 0.0,
        "recall": 0.0,
        "f1-score": 0.0,
        "support": 49.0
    },
    "7": {
        "precision": 0.5,
        "recall": 0.9795918367346939,
        "f1-score": 0.6620689655172414,
        "support": 49.0
    },
    "8": {
        "precision": 0.0,
        "recall": 0.0,
        "f1-score": 0.0,
        "support": 49.0
    },
    "9": {
        "precision": 0.8214285714285714,
        "recall": 0.9387755102040817,
        "f1-score": 0.8761904761904762,
        "support": 49.0
    },
    "accuracy": 0.6454081632653061,
    "macro avg": {
        "precision": 0.5532958553791887,
        "recall": 0.6454081632653061,
        "f1-score": 0.5494929143565146,
        "support": 392.0
    },
    "weighted avg": {
        "precision": 0.5532958553791887,
        "recall": 0.6454081632653061,
        "f1-score": 0.5494929143565146,
        "support": 392.0
    }
}