{
    "2": {
        "precision": 1.0,
        "recall": 1.0,
        "f1-score": 1.0,
        "support": 49.0
    },
    "3": {
        "precision": 0.9375,
        "recall": 0.6122448979591837,
        "f1-score": 0.7407407407407407,
        "support": 49.0
    },
    "4": {
        "precision": 0.6811594202898551,
        "recall": 0.9591836734693877,
        "f1-score": 0.7966101694915254,
        "support": 49.0
    },
    "5": {
        "precision": 1.0,
        "recall": 0.3877551020408163,
        "f1-score": 0.5588235294117647,
        "support": 49.0
    },
    "6": {
        "precision": 0.484375,
        "recall": 0.6326530612244898,
        "f1-score": 0.5486725663716814,
        "support": 49.0
    },
    "7": {
        "precision": 1.0,
        "recall": 0.04081632653061224,
        "f1-score": 0.0784313725490196,
        "support": 49.0
    },
    "8": {
        "precision": 0.23255813953488372,
        "recall": 0.20408163265306123,
        "f1-score": 0.21739130434782608,
        "support": 49.0
    },
    "9": {
        "precision": 0.4298245614035088,
        "recall": 1.0,
        "f1-score": 0.6012269938650306,
        "support": 49.0
    },
    "accuracy": 0.6045918367346939,
    "macro avg": {
        "precision": 0.720677140153531,
        "recall": 0.6045918367346939,
        "f1-score": 0.5677370845971985,
        "support": 392.0
    },
    "weighted avg": {
        "precision": 0.720677140153531,
        "recall": 0.6045918367346939,
        "f1-score": 0.5677370845971986,
        "support": 392.0
    }
}