{
    "2": {
        "precision": 1.0,
        "recall": 0.32653061224489793,
        "f1-score": 0.49230769230769234,
        "support": 49.0
    },
    "3": {
        "precision": 0.5,
        "recall": 0.6122448979591837,
        "f1-score": 0.5504587155963303,
        "support": 49.0
    },
    "4": {
        "precision": 0.6716417910447762,
        "recall": 0.9183673469387755,
        "f1-score": 0.7758620689655172,
        "support": 49.0
    },
    "5": {
        "precision": 0.8888888888888888,
        "recall": 0.16326530612244897,
        "f1-score": 0.27586206896551724,
        "support": 49.0
    },
    "6": {
        "precision": 0.44680851063829785,
        "recall": 0.42857142857142855,
        "f1-score": 0.4375,
        "support": 49.0
    },
    "7": {
        "precision": 0.0,
        "recall": 0.0,
        "f1-score": 0.0,
        "support": 49.0
    },
    "8": {
        "precision": 0.2235294117647059,
        "recall": 0.3877551020408163,
        "f1-score": 0.2835820895522388,
        "support": 49.0
    },
    "9": {
        "precision": 0.24074074074074073,
        "recall": 0.5306122448979592,
        "f1-score": 0.33121019108280253,
        "support": 49.0
    },
    "accuracy": 0.42091836734693877,
    "macro avg": {
        "precision": 0.49645116788467614,
        "recall": 0.42091836734693877,
        "f1-score": 0.3933478533087623,
        "support": 392.0
    },
    "weighted avg": {
        "precision": 0.49645116788467614,
        "recall": 0.42091836734693877,
        "f1-score": 0.3933478533087623,
        "support": 392.0
    }
}