{
    "2": {
        "precision": 1.0,
        "recall": 1.0,
        "f1-score": 1.0,
        "support": 49.0
    },
    "3": {
        "precision": 1.0,
        "recall": 1.0,
        "f1-score": 1.0,
        "support": 49.0
    },
    "4": {
        "precision": 1.0,
        "recall": 1.0,
        "f1-score": 1.0,
        "support": 49.0
    },
    "5": {
        "precision": 0.9714285714285714,
        "recall": 0.6938775510204082,
        "f1-score": 0.8095238095238095,
        "support": 49.0
    },
    "6": {
        "precision": 0.7619047619047619,
        "recall": 0.9795918367346939,
        "f1-score": 0.8571428571428571,
        "support": 49.0
    },
    "7": {
        "precision": 0.8163265306122449,
        "recall": 0.8163265306122449,
        "f1-score": 0.8163265306122449,
        "support": 49.0
    },
    "8": {
        "precision": 0.7142857142857143,
        "recall": 0.30612244897959184,
        "f1-score": 0.42857142857142855,
        "support": 49.0
    },
    "9": {
        "precision": 0.6233766233766234,
        "recall": 0.9795918367346939,
        "f1-score": 0.7619047619047619,
        "support": 49.0
    },
    "accuracy": 0.8469387755102041,
    "macro avg": {
        "precision": 0.8609152752009894,
        "recall": 0.846938775510204,
        "f1-score": 0.8341836734693877,
        "support": 392.0
    },
    "weighted avg": {
        "precision": 0.8609152752009895,
        "recall": 0.8469387755102041,
        "f1-score": 0.8341836734693877,
        "support": 392.0
    }
}