{
    "2": {
        "precision": 1.0,
        "recall": 0.9795918367346939,
        "f1-score": 0.9896907216494846,
        "support": 49.0
    },
    "3": {
        "precision": 1.0,
        "recall": 0.9183673469387755,
        "f1-score": 0.9574468085106383,
        "support": 49.0
    },
    "4": {
        "precision": 0.8627450980392157,
        "recall": 0.8979591836734694,
        "f1-score": 0.88,
        "support": 49.0
    },
    "5": {
        "precision": 0.6792452830188679,
        "recall": 0.7346938775510204,
        "f1-score": 0.7058823529411765,
        "support": 49.0
    },
    "6": {
        "precision": 0.4426229508196721,
        "recall": 0.5510204081632653,
        "f1-score": 0.4909090909090909,
        "support": 49.0
    },
    "7": {
        "precision": 0.6222222222222222,
        "recall": 0.5714285714285714,
        "f1-score": 0.5957446808510638,
        "support": 49.0
    },
    "8": {
        "precision": 0.4126984126984127,
        "recall": 0.5306122448979592,
        "f1-score": 0.4642857142857143,
        "support": 49.0
    },
    "9": {
        "precision": 0.8076923076923077,
        "recall": 0.42857142857142855,
        "f1-score": 0.56,
        "support": 49.0
    },
    "accuracy": 0.701530612244898,
    "macro avg": {
        "precision": 0.7284032843113373,
        "recall": 0.701530612244898,
        "f1-score": 0.7054949211433961,
        "support": 392.0
    },
    "weighted avg": {
        "precision": 0.7284032843113374,
        "recall": 0.701530612244898,
        "f1-score": 0.7054949211433961,
        "support": 392.0
    }
}