{
    "2": {
        "precision": 1.0,
        "recall": 0.5918367346938775,
        "f1-score": 0.7435897435897436,
        "support": 49.0
    },
    "3": {
        "precision": 0.6065573770491803,
        "recall": 0.7551020408163265,
        "f1-score": 0.6727272727272727,
        "support": 49.0
    },
    "4": {
        "precision": 0.525,
        "recall": 0.42857142857142855,
        "f1-score": 0.47191011235955055,
        "support": 49.0
    },
    "5": {
        "precision": 0.5,
        "recall": 0.5918367346938775,
        "f1-score": 0.5420560747663551,
        "support": 49.0
    },
    "6": {
        "precision": 0.18181818181818182,
        "recall": 0.12244897959183673,
        "f1-score": 0.14634146341463414,
        "support": 49.0
    },
    "7": {
        "precision": 0.0,
        "recall": 0.0,
        "f1-score": 0.0,
        "support": 49.0
    },
    "8": {
        "precision": 0.26495726495726496,
        "recall": 0.6326530612244898,
        "f1-score": 0.37349397590361444,
        "support": 49.0
    },
    "9": {
        "precision": 0.25925925925925924,
        "recall": 0.2857142857142857,
        "f1-score": 0.27184466019417475,
        "support": 49.0
    },
    "accuracy": 0.4260204081632653,
    "macro avg": {
        "precision": 0.4171990103854858,
        "recall": 0.4260204081632653,
        "f1-score": 0.40274541286941823,
        "support": 392.0
    },
    "weighted avg": {
        "precision": 0.4171990103854858,
        "recall": 0.4260204081632653,
        "f1-score": 0.4027454128694182,
        "support": 392.0
    }
}