{
    "1": {
        "precision": 1.0,
        "recall": 1.0,
        "f1-score": 1.0,
        "support": 81.0
    },
    "2": {
        "precision": 1.0,
        "recall": 0.8271604938271605,
        "f1-score": 0.9054054054054054,
        "support": 81.0
    },
    "3": {
        "precision": 0.8133333333333334,
        "recall": 0.7530864197530864,
        "f1-score": 0.782051282051282,
        "support": 81.0
    },
    "4": {
        "precision": 0.7468354430379747,
        "recall": 0.7283950617283951,
        "f1-score": 0.7375,
        "support": 81.0
    },
    "5": {
        "precision": 0.6756756756756757,
        "recall": 0.6172839506172839,
        "f1-score": 0.6451612903225806,
        "support": 81.0
    },
    "6": {
        "precision": 0.547945205479452,
        "recall": 0.49382716049382713,
        "f1-score": 0.5194805194805194,
        "support": 81.0
    },
    "7": {
        "precision": 0.51,
        "recall": 0.6296296296296297,
        "f1-score": 0.56353591160221,
        "support": 81.0
    },
    "8": {
        "precision": 0.5531914893617021,
        "recall": 0.6419753086419753,
        "f1-score": 0.5942857142857143,
        "support": 81.0
    },
    "9": {
        "precision": 0.6865671641791045,
        "recall": 0.5679012345679012,
        "f1-score": 0.6216216216216216,
        "support": 81.0
    },
    "micro avg": {
        "precision": 0.7140845070422536,
        "recall": 0.6954732510288066,
        "f1-score": 0.7046560111188325,
        "support": 729.0
    },
    "macro avg": {
        "precision": 0.7259498123408048,
        "recall": 0.6954732510288065,
        "f1-score": 0.7076713049743705,
        "support": 729.0
    },
    "weighted avg": {
        "precision": 0.7259498123408047,
        "recall": 0.6954732510288066,
        "f1-score": 0.7076713049743704,
        "support": 729.0
    },
    "accuracy": 0.6954732510288066
}