{
    "1": {
        "precision": 1.0,
        "recall": 1.0,
        "f1-score": 1.0,
        "support": 81.0
    },
    "2": {
        "precision": 0.9864864864864865,
        "recall": 0.9012345679012346,
        "f1-score": 0.9419354838709677,
        "support": 81.0
    },
    "3": {
        "precision": 0.8695652173913043,
        "recall": 0.7407407407407407,
        "f1-score": 0.8,
        "support": 81.0
    },
    "4": {
        "precision": 0.6746987951807228,
        "recall": 0.691358024691358,
        "f1-score": 0.6829268292682927,
        "support": 81.0
    },
    "5": {
        "precision": 0.625,
        "recall": 0.6790123456790124,
        "f1-score": 0.650887573964497,
        "support": 81.0
    },
    "6": {
        "precision": 0.575,
        "recall": 0.2839506172839506,
        "f1-score": 0.38016528925619836,
        "support": 81.0
    },
    "7": {
        "precision": 0.36,
        "recall": 0.6666666666666666,
        "f1-score": 0.4675324675324675,
        "support": 81.0
    },
    "8": {
        "precision": 0.4421052631578947,
        "recall": 0.5185185185185185,
        "f1-score": 0.4772727272727273,
        "support": 81.0
    },
    "9": {
        "precision": 0.8163265306122449,
        "recall": 0.49382716049382713,
        "f1-score": 0.6153846153846154,
        "support": 81.0
    },
    "accuracy": 0.663923182441701,
    "macro avg": {
        "precision": 0.7054646992031838,
        "recall": 0.6639231824417009,
        "f1-score": 0.6684561096166407,
        "support": 729.0
    },
    "weighted avg": {
        "precision": 0.7054646992031837,
        "recall": 0.663923182441701,
        "f1-score": 0.6684561096166407,
        "support": 729.0
    }
}