{
    "1": {
        "precision": 1.0,
        "recall": 0.9794238683127572,
        "f1-score": 0.9896049896049897,
        "support": 243.0
    },
    "2": {
        "precision": 0.9787234042553191,
        "recall": 0.9465020576131687,
        "f1-score": 0.9623430962343096,
        "support": 243.0
    },
    "3": {
        "precision": 0.9380952380952381,
        "recall": 0.8106995884773662,
        "f1-score": 0.869757174392936,
        "support": 243.0
    },
    "4": {
        "precision": 0.7983870967741935,
        "recall": 0.8148148148148148,
        "f1-score": 0.8065173116089613,
        "support": 243.0
    },
    "5": {
        "precision": 0.7368421052631579,
        "recall": 0.691358024691358,
        "f1-score": 0.7133757961783439,
        "support": 243.0
    },
    "6": {
        "precision": 0.5703125,
        "recall": 0.9012345679012346,
        "f1-score": 0.6985645933014354,
        "support": 243.0
    },
    "7": {
        "precision": 0.5303643724696356,
        "recall": 0.5390946502057613,
        "f1-score": 0.5346938775510204,
        "support": 243.0
    },
    "8": {
        "precision": 0.4708171206225681,
        "recall": 0.49794238683127573,
        "f1-score": 0.484,
        "support": 243.0
    },
    "9": {
        "precision": 0.8214285714285714,
        "recall": 0.4732510288065844,
        "f1-score": 0.6005221932114883,
        "support": 243.0
    },
    "accuracy": 0.7393689986282579,
    "macro avg": {
        "precision": 0.7605522676565204,
        "recall": 0.7393689986282578,
        "f1-score": 0.7399310035648317,
        "support": 2187.0
    },
    "weighted avg": {
        "precision": 0.7605522676565205,
        "recall": 0.7393689986282579,
        "f1-score": 0.7399310035648317,
        "support": 2187.0
    }
}