{
    "1": {
        "precision": 0.9409448818897638,
        "recall": 0.9835390946502057,
        "f1-score": 0.9617706237424547,
        "support": 243.0
    },
    "2": {
        "precision": 0.9045226130653267,
        "recall": 0.7407407407407407,
        "f1-score": 0.8144796380090498,
        "support": 243.0
    },
    "3": {
        "precision": 0.6158536585365854,
        "recall": 0.4156378600823045,
        "f1-score": 0.4963144963144963,
        "support": 243.0
    },
    "4": {
        "precision": 0.39183673469387753,
        "recall": 0.3950617283950617,
        "f1-score": 0.39344262295081966,
        "support": 243.0
    },
    "5": {
        "precision": 0.3782991202346041,
        "recall": 0.5308641975308642,
        "f1-score": 0.4417808219178082,
        "support": 243.0
    },
    "6": {
        "precision": 0.3170731707317073,
        "recall": 0.2674897119341564,
        "f1-score": 0.29017857142857145,
        "support": 243.0
    },
    "7": {
        "precision": 0.2685589519650655,
        "recall": 0.5061728395061729,
        "f1-score": 0.3509272467902996,
        "support": 243.0
    },
    "8": {
        "precision": 0.3380281690140845,
        "recall": 0.2962962962962963,
        "f1-score": 0.3157894736842105,
        "support": 243.0
    },
    "9": {
        "precision": 0.5648148148148148,
        "recall": 0.25102880658436216,
        "f1-score": 0.3475783475783476,
        "support": 243.0
    },
    "accuracy": 0.4874256973022405,
    "macro avg": {
        "precision": 0.5244369016606476,
        "recall": 0.48742569730224045,
        "f1-score": 0.49025131582400644,
        "support": 2187.0
    },
    "weighted avg": {
        "precision": 0.5244369016606477,
        "recall": 0.4874256973022405,
        "f1-score": 0.49025131582400644,
        "support": 2187.0
    }
}