{
    "1": {
        "precision": 1.0,
        "recall": 0.5282921810699589,
        "f1-score": 0.6913497139010434,
        "support": 1944.0
    },
    "2": {
        "precision": 0.5649905123339658,
        "recall": 0.6126543209876543,
        "f1-score": 0.587857847976308,
        "support": 1944.0
    },
    "3": {
        "precision": 0.6945701357466063,
        "recall": 0.6316872427983539,
        "f1-score": 0.6616379310344828,
        "support": 1944.0
    },
    "4": {
        "precision": 0.7184300341296929,
        "recall": 0.6496913580246914,
        "f1-score": 0.6823338735818476,
        "support": 1944.0
    },
    "5": {
        "precision": 0.6278153153153153,
        "recall": 0.573559670781893,
        "f1-score": 0.5994623655913979,
        "support": 1944.0
    },
    "6": {
        "precision": 0.5386154461784713,
        "recall": 0.6923868312757202,
        "f1-score": 0.6058969164978618,
        "support": 1944.0
    },
    "7": {
        "precision": 0.5206210577389617,
        "recall": 0.551954732510288,
        "f1-score": 0.5358302122347066,
        "support": 1944.0
    },
    "8": {
        "precision": 0.3988657844990548,
        "recall": 0.5426954732510288,
        "f1-score": 0.45979516234473744,
        "support": 1944.0
    },
    "9": {
        "precision": 0.6345634563456346,
        "recall": 0.3626543209876543,
        "f1-score": 0.46153846153846156,
        "support": 1944.0
    },
    "micro avg": {
        "precision": 0.5970870888796036,
        "recall": 0.5717306812985825,
        "f1-score": 0.5841338433238926,
        "support": 17496.0
    },
    "macro avg": {
        "precision": 0.6331635269208559,
        "recall": 0.5717306812985826,
        "f1-score": 0.5873002760778719,
        "support": 17496.0
    },
    "weighted avg": {
        "precision": 0.6331635269208558,
        "recall": 0.5717306812985825,
        "f1-score": 0.5873002760778719,
        "support": 17496.0
    },
    "accuracy": 0.5717306812985825
}