{
    "2": {
        "precision": 1.0,
        "recall": 0.8979591836734694,
        "f1-score": 0.946236559139785,
        "support": 49.0
    },
    "3": {
        "precision": 1.0,
        "recall": 0.6122448979591837,
        "f1-score": 0.759493670886076,
        "support": 49.0
    },
    "4": {
        "precision": 0.6111111111111112,
        "recall": 0.8979591836734694,
        "f1-score": 0.7272727272727273,
        "support": 49.0
    },
    "5": {
        "precision": 0.8333333333333334,
        "recall": 0.30612244897959184,
        "f1-score": 0.44776119402985076,
        "support": 49.0
    },
    "6": {
        "precision": 0.3614457831325301,
        "recall": 0.6122448979591837,
        "f1-score": 0.45454545454545453,
        "support": 49.0
    },
    "7": {
        "precision": 0.6875,
        "recall": 0.4489795918367347,
        "f1-score": 0.5432098765432098,
        "support": 49.0
    },
    "8": {
        "precision": 0.5128205128205128,
        "recall": 0.40816326530612246,
        "f1-score": 0.45454545454545453,
        "support": 49.0
    },
    "9": {
        "precision": 0.6486486486486487,
        "recall": 0.9795918367346939,
        "f1-score": 0.7804878048780488,
        "support": 49.0
    },
    "accuracy": 0.6454081632653061,
    "macro avg": {
        "precision": 0.706857423630767,
        "recall": 0.6454081632653061,
        "f1-score": 0.6391940927300759,
        "support": 392.0
    },
    "weighted avg": {
        "precision": 0.706857423630767,
        "recall": 0.6454081632653061,
        "f1-score": 0.6391940927300758,
        "support": 392.0
    }
}