{
    "1": {
        "precision": 0.2375366568914956,
        "recall": 1.0,
        "f1-score": 0.38388625592417064,
        "support": 81.0
    },
    "2": {
        "precision": 0.0,
        "recall": 0.0,
        "f1-score": 0.0,
        "support": 81.0
    },
    "3": {
        "precision": 0.125,
        "recall": 0.012345679012345678,
        "f1-score": 0.02247191011235955,
        "support": 81.0
    },
    "4": {
        "precision": 0.3103448275862069,
        "recall": 0.1111111111111111,
        "f1-score": 0.16363636363636364,
        "support": 81.0
    },
    "5": {
        "precision": 0.0,
        "recall": 0.0,
        "f1-score": 0.0,
        "support": 81.0
    },
    "6": {
        "precision": 0.09090909090909091,
        "recall": 0.024691358024691357,
        "f1-score": 0.038834951456310676,
        "support": 81.0
    },
    "7": {
        "precision": 0.25,
        "recall": 0.07407407407407407,
        "f1-score": 0.11428571428571428,
        "support": 81.0
    },
    "8": {
        "precision": 0.2084942084942085,
        "recall": 0.6666666666666666,
        "f1-score": 0.3176470588235294,
        "support": 81.0
    },
    "9": {
        "precision": 0.5434782608695652,
        "recall": 0.30864197530864196,
        "f1-score": 0.3937007874015748,
        "support": 81.0
    },
    "accuracy": 0.24417009602194786,
    "macro avg": {
        "precision": 0.19619589386117414,
        "recall": 0.24417009602194786,
        "f1-score": 0.159384782404447,
        "support": 729.0
    },
    "weighted avg": {
        "precision": 0.19619589386117411,
        "recall": 0.24417009602194786,
        "f1-score": 0.15938478240444698,
        "support": 729.0
    }
}