{
    "1": {
        "precision": 0.2924187725631769,
        "recall": 1.0,
        "f1-score": 0.45251396648044695,
        "support": 81.0
    },
    "2": {
        "precision": 1.0,
        "recall": 0.7901234567901234,
        "f1-score": 0.8827586206896552,
        "support": 81.0
    },
    "3": {
        "precision": 0.5436241610738255,
        "recall": 1.0,
        "f1-score": 0.7043478260869566,
        "support": 81.0
    },
    "4": {
        "precision": 0.6444444444444445,
        "recall": 0.35802469135802467,
        "f1-score": 0.4603174603174603,
        "support": 81.0
    },
    "5": {
        "precision": 0.47540983606557374,
        "recall": 0.35802469135802467,
        "f1-score": 0.4084507042253521,
        "support": 81.0
    },
    "6": {
        "precision": 0.5,
        "recall": 0.012345679012345678,
        "f1-score": 0.024096385542168676,
        "support": 81.0
    },
    "7": {
        "precision": 0.3,
        "recall": 0.48148148148148145,
        "f1-score": 0.3696682464454976,
        "support": 81.0
    },
    "8": {
        "precision": 0.0,
        "recall": 0.0,
        "f1-score": 0.0,
        "support": 81.0
    },
    "9": {
        "precision": 0.0,
        "recall": 0.0,
        "f1-score": 0.0,
        "support": 81.0
    },
    "accuracy": 0.4444444444444444,
    "macro avg": {
        "precision": 0.41732191268300234,
        "recall": 0.4444444444444444,
        "f1-score": 0.36690591219861524,
        "support": 729.0
    },
    "weighted avg": {
        "precision": 0.4173219126830023,
        "recall": 0.4444444444444444,
        "f1-score": 0.36690591219861524,
        "support": 729.0
    }
}