{
    "2": {
        "precision": 0.9215686274509803,
        "recall": 0.9591836734693877,
        "f1-score": 0.94,
        "support": 49.0
    },
    "3": {
        "precision": 0.9736842105263158,
        "recall": 0.7551020408163265,
        "f1-score": 0.8505747126436781,
        "support": 49.0
    },
    "4": {
        "precision": 0.47115384615384615,
        "recall": 1.0,
        "f1-score": 0.6405228758169934,
        "support": 49.0
    },
    "5": {
        "precision": 0.7777777777777778,
        "recall": 0.14285714285714285,
        "f1-score": 0.2413793103448276,
        "support": 49.0
    },
    "6": {
        "precision": 0.4835164835164835,
        "recall": 0.8979591836734694,
        "f1-score": 0.6285714285714286,
        "support": 49.0
    },
    "7": {
        "precision": 0.6875,
        "recall": 0.22448979591836735,
        "f1-score": 0.3384615384615385,
        "support": 49.0
    },
    "8": {
        "precision": 0.6666666666666666,
        "recall": 0.04081632653061224,
        "f1-score": 0.07692307692307693,
        "support": 49.0
    },
    "9": {
        "precision": 0.575,
        "recall": 0.9387755102040817,
        "f1-score": 0.7131782945736435,
        "support": 49.0
    },
    "accuracy": 0.6198979591836735,
    "macro avg": {
        "precision": 0.6946084515115087,
        "recall": 0.6198979591836734,
        "f1-score": 0.5537014046668983,
        "support": 392.0
    },
    "weighted avg": {
        "precision": 0.6946084515115089,
        "recall": 0.6198979591836735,
        "f1-score": 0.5537014046668982,
        "support": 392.0
    }
}