{
    "1": {
        "precision": 1.0,
        "recall": 1.0,
        "f1-score": 1.0,
        "support": 81.0
    },
    "2": {
        "precision": 0.9873417721518988,
        "recall": 0.9629629629629629,
        "f1-score": 0.975,
        "support": 81.0
    },
    "3": {
        "precision": 0.958904109589041,
        "recall": 0.8641975308641975,
        "f1-score": 0.9090909090909091,
        "support": 81.0
    },
    "4": {
        "precision": 0.7971014492753623,
        "recall": 0.6790123456790124,
        "f1-score": 0.7333333333333333,
        "support": 81.0
    },
    "5": {
        "precision": 0.648936170212766,
        "recall": 0.7530864197530864,
        "f1-score": 0.6971428571428572,
        "support": 81.0
    },
    "6": {
        "precision": 0.574468085106383,
        "recall": 0.3333333333333333,
        "f1-score": 0.421875,
        "support": 81.0
    },
    "7": {
        "precision": 0.40425531914893614,
        "recall": 0.7037037037037037,
        "f1-score": 0.5135135135135135,
        "support": 81.0
    },
    "8": {
        "precision": 0.4659090909090909,
        "recall": 0.5061728395061729,
        "f1-score": 0.48520710059171596,
        "support": 81.0
    },
    "9": {
        "precision": 0.8070175438596491,
        "recall": 0.5679012345679012,
        "f1-score": 0.6666666666666666,
        "support": 81.0
    },
    "accuracy": 0.7078189300411523,
    "macro avg": {
        "precision": 0.7382148378059029,
        "recall": 0.7078189300411522,
        "f1-score": 0.7113143755932217,
        "support": 729.0
    },
    "weighted avg": {
        "precision": 0.738214837805903,
        "recall": 0.7078189300411523,
        "f1-score": 0.7113143755932216,
        "support": 729.0
    }
}