{
    "1": {
        "precision": 1.0,
        "recall": 1.0,
        "f1-score": 1.0,
        "support": 81.0
    },
    "2": {
        "precision": 1.0,
        "recall": 0.9012345679012346,
        "f1-score": 0.948051948051948,
        "support": 81.0
    },
    "3": {
        "precision": 0.9,
        "recall": 0.8888888888888888,
        "f1-score": 0.8944099378881988,
        "support": 81.0
    },
    "4": {
        "precision": 0.8875,
        "recall": 0.8765432098765432,
        "f1-score": 0.8819875776397516,
        "support": 81.0
    },
    "5": {
        "precision": 0.8194444444444444,
        "recall": 0.7283950617283951,
        "f1-score": 0.7712418300653595,
        "support": 81.0
    },
    "6": {
        "precision": 0.6282051282051282,
        "recall": 0.6049382716049383,
        "f1-score": 0.6163522012578616,
        "support": 81.0
    },
    "7": {
        "precision": 0.6039603960396039,
        "recall": 0.7530864197530864,
        "f1-score": 0.6703296703296703,
        "support": 81.0
    },
    "8": {
        "precision": 0.6039603960396039,
        "recall": 0.7530864197530864,
        "f1-score": 0.6703296703296703,
        "support": 81.0
    },
    "9": {
        "precision": 0.8620689655172413,
        "recall": 0.6172839506172839,
        "f1-score": 0.7194244604316546,
        "support": 81.0
    },
    "micro avg": {
        "precision": 0.7969613259668509,
        "recall": 0.7914951989026063,
        "f1-score": 0.7942188575361322,
        "support": 729.0
    },
    "macro avg": {
        "precision": 0.8116821478051136,
        "recall": 0.7914951989026062,
        "f1-score": 0.796903032888235,
        "support": 729.0
    },
    "weighted avg": {
        "precision": 0.8116821478051134,
        "recall": 0.7914951989026063,
        "f1-score": 0.7969030328882349,
        "support": 729.0
    },
    "accuracy": 0.7914951989026063
}