{
    "2": {
        "precision": 1.0,
        "recall": 0.6326530612244898,
        "f1-score": 0.775,
        "support": 49.0
    },
    "3": {
        "precision": 0.6101694915254238,
        "recall": 0.7346938775510204,
        "f1-score": 0.6666666666666666,
        "support": 49.0
    },
    "4": {
        "precision": 0.5263157894736842,
        "recall": 0.6122448979591837,
        "f1-score": 0.5660377358490566,
        "support": 49.0
    },
    "5": {
        "precision": 0.4642857142857143,
        "recall": 0.5306122448979592,
        "f1-score": 0.49523809523809526,
        "support": 49.0
    },
    "6": {
        "precision": 0.25,
        "recall": 0.08163265306122448,
        "f1-score": 0.12307692307692308,
        "support": 49.0
    },
    "7": {
        "precision": 0.0,
        "recall": 0.0,
        "f1-score": 0.0,
        "support": 49.0
    },
    "8": {
        "precision": 0.25,
        "recall": 0.7551020408163265,
        "f1-score": 0.3756345177664975,
        "support": 49.0
    },
    "9": {
        "precision": 0.28,
        "recall": 0.14285714285714285,
        "f1-score": 0.1891891891891892,
        "support": 49.0
    },
    "accuracy": 0.4362244897959184,
    "macro avg": {
        "precision": 0.4225963744106028,
        "recall": 0.4362244897959183,
        "f1-score": 0.3988553909733036,
        "support": 392.0
    },
    "weighted avg": {
        "precision": 0.42259637441060277,
        "recall": 0.4362244897959184,
        "f1-score": 0.3988553909733035,
        "support": 392.0
    }
}