{
    "1": {
        "precision": 1.0,
        "recall": 1.0,
        "f1-score": 1.0,
        "support": 81.0
    },
    "2": {
        "precision": 1.0,
        "recall": 1.0,
        "f1-score": 1.0,
        "support": 81.0
    },
    "3": {
        "precision": 1.0,
        "recall": 1.0,
        "f1-score": 1.0,
        "support": 81.0
    },
    "4": {
        "precision": 1.0,
        "recall": 0.9753086419753086,
        "f1-score": 0.9875,
        "support": 81.0
    },
    "5": {
        "precision": 0.95,
        "recall": 0.9382716049382716,
        "f1-score": 0.9440993788819876,
        "support": 81.0
    },
    "6": {
        "precision": 0.8863636363636364,
        "recall": 0.9629629629629629,
        "f1-score": 0.9230769230769231,
        "support": 81.0
    },
    "7": {
        "precision": 0.9682539682539683,
        "recall": 0.7530864197530864,
        "f1-score": 0.8472222222222222,
        "support": 81.0
    },
    "8": {
        "precision": 0.7272727272727273,
        "recall": 0.5925925925925926,
        "f1-score": 0.6530612244897959,
        "support": 81.0
    },
    "9": {
        "precision": 0.0,
        "recall": 0.0,
        "f1-score": 0.0,
        "support": 81.0
    },
    "micro avg": {
        "precision": 0.9345047923322684,
        "recall": 0.8024691358024691,
        "f1-score": 0.8634686346863468,
        "support": 729.0
    },
    "macro avg": {
        "precision": 0.8368767035433702,
        "recall": 0.8024691358024691,
        "f1-score": 0.8172177498523254,
        "support": 729.0
    },
    "weighted avg": {
        "precision": 0.8368767035433702,
        "recall": 0.8024691358024691,
        "f1-score": 0.8172177498523254,
        "support": 729.0
    },
    "accuracy": 0.8024691358024691
}