{
    "1": {
        "precision": 1.0,
        "recall": 1.0,
        "f1-score": 1.0,
        "support": 81.0
    },
    "2": {
        "precision": 1.0,
        "recall": 0.9876543209876543,
        "f1-score": 0.9937888198757764,
        "support": 81.0
    },
    "3": {
        "precision": 0.9866666666666667,
        "recall": 0.9135802469135802,
        "f1-score": 0.9487179487179487,
        "support": 81.0
    },
    "4": {
        "precision": 0.8255813953488372,
        "recall": 0.8765432098765432,
        "f1-score": 0.8502994011976048,
        "support": 81.0
    },
    "5": {
        "precision": 0.660377358490566,
        "recall": 0.8641975308641975,
        "f1-score": 0.7486631016042781,
        "support": 81.0
    },
    "6": {
        "precision": 0.6623376623376623,
        "recall": 0.6296296296296297,
        "f1-score": 0.6455696202531646,
        "support": 81.0
    },
    "7": {
        "precision": 0.43283582089552236,
        "recall": 0.7160493827160493,
        "f1-score": 0.5395348837209303,
        "support": 81.0
    },
    "8": {
        "precision": 0.25675675675675674,
        "recall": 0.2345679012345679,
        "f1-score": 0.24516129032258063,
        "support": 81.0
    },
    "9": {
        "precision": 0.9375,
        "recall": 0.18518518518518517,
        "f1-score": 0.30927835051546393,
        "support": 81.0
    },
    "accuracy": 0.7119341563786008,
    "macro avg": {
        "precision": 0.7513395178328902,
        "recall": 0.7119341563786008,
        "f1-score": 0.6978903795786385,
        "support": 729.0
    },
    "weighted avg": {
        "precision": 0.7513395178328901,
        "recall": 0.7119341563786008,
        "f1-score": 0.6978903795786385,
        "support": 729.0
    }
}