{
    "2": {
        "precision": 1.0,
        "recall": 0.6122448979591837,
        "f1-score": 0.759493670886076,
        "support": 49.0
    },
    "3": {
        "precision": 0.7241379310344828,
        "recall": 0.8571428571428571,
        "f1-score": 0.7850467289719626,
        "support": 49.0
    },
    "4": {
        "precision": 0.6909090909090909,
        "recall": 0.7755102040816326,
        "f1-score": 0.7307692307692307,
        "support": 49.0
    },
    "5": {
        "precision": 0.6744186046511628,
        "recall": 0.5918367346938775,
        "f1-score": 0.6304347826086957,
        "support": 49.0
    },
    "6": {
        "precision": 0.4875,
        "recall": 0.7959183673469388,
        "f1-score": 0.6046511627906976,
        "support": 49.0
    },
    "7": {
        "precision": 0.3728813559322034,
        "recall": 0.4489795918367347,
        "f1-score": 0.4074074074074074,
        "support": 49.0
    },
    "8": {
        "precision": 0.2835820895522388,
        "recall": 0.3877551020408163,
        "f1-score": 0.3275862068965517,
        "support": 49.0
    },
    "9": {
        "precision": 0.0,
        "recall": 0.0,
        "f1-score": 0.0,
        "support": 49.0
    },
    "accuracy": 0.5586734693877551,
    "macro avg": {
        "precision": 0.5291786340098973,
        "recall": 0.5586734693877551,
        "f1-score": 0.5306736487913277,
        "support": 392.0
    },
    "weighted avg": {
        "precision": 0.5291786340098974,
        "recall": 0.5586734693877551,
        "f1-score": 0.5306736487913278,
        "support": 392.0
    }
}