{
    "1": {
        "precision": 0.9878048780487805,
        "recall": 1.0,
        "f1-score": 0.9938650306748467,
        "support": 81.0
    },
    "2": {
        "precision": 0.9875,
        "recall": 0.9753086419753086,
        "f1-score": 0.9813664596273292,
        "support": 81.0
    },
    "3": {
        "precision": 0.8526315789473684,
        "recall": 1.0,
        "f1-score": 0.9204545454545454,
        "support": 81.0
    },
    "4": {
        "precision": 0.9102564102564102,
        "recall": 0.8765432098765432,
        "f1-score": 0.8930817610062893,
        "support": 81.0
    },
    "5": {
        "precision": 0.890625,
        "recall": 0.7037037037037037,
        "f1-score": 0.7862068965517242,
        "support": 81.0
    },
    "6": {
        "precision": 0.46835443037974683,
        "recall": 0.9135802469135802,
        "f1-score": 0.6192468619246861,
        "support": 81.0
    },
    "7": {
        "precision": 0.30303030303030304,
        "recall": 0.24691358024691357,
        "f1-score": 0.272108843537415,
        "support": 81.0
    },
    "8": {
        "precision": 0.3469387755102041,
        "recall": 0.20987654320987653,
        "f1-score": 0.26153846153846155,
        "support": 81.0
    },
    "9": {
        "precision": 0.7192982456140351,
        "recall": 0.5061728395061729,
        "f1-score": 0.5942028985507246,
        "support": 81.0
    },
    "accuracy": 0.7146776406035665,
    "macro avg": {
        "precision": 0.7184932913096498,
        "recall": 0.7146776406035664,
        "f1-score": 0.7024524176517802,
        "support": 729.0
    },
    "weighted avg": {
        "precision": 0.7184932913096498,
        "recall": 0.7146776406035665,
        "f1-score": 0.7024524176517802,
        "support": 729.0
    }
}