{
    "1": {
        "precision": 1.0,
        "recall": 1.0,
        "f1-score": 1.0,
        "support": 81.0
    },
    "2": {
        "precision": 0.975609756097561,
        "recall": 0.9876543209876543,
        "f1-score": 0.9815950920245399,
        "support": 81.0
    },
    "3": {
        "precision": 0.8928571428571429,
        "recall": 0.9259259259259259,
        "f1-score": 0.9090909090909091,
        "support": 81.0
    },
    "4": {
        "precision": 0.6371681415929203,
        "recall": 0.8888888888888888,
        "f1-score": 0.7422680412371134,
        "support": 81.0
    },
    "5": {
        "precision": 0.49074074074074076,
        "recall": 0.654320987654321,
        "f1-score": 0.5608465608465608,
        "support": 81.0
    },
    "6": {
        "precision": 0.42857142857142855,
        "recall": 0.18518518518518517,
        "f1-score": 0.25862068965517243,
        "support": 81.0
    },
    "7": {
        "precision": 0.3063583815028902,
        "recall": 0.654320987654321,
        "f1-score": 0.41732283464566927,
        "support": 81.0
    },
    "8": {
        "precision": 0.275,
        "recall": 0.13580246913580246,
        "f1-score": 0.18181818181818182,
        "support": 81.0
    },
    "9": {
        "precision": 0.7692307692307693,
        "recall": 0.12345679012345678,
        "f1-score": 0.2127659574468085,
        "support": 81.0
    },
    "accuracy": 0.6172839506172839,
    "macro avg": {
        "precision": 0.6417262622881614,
        "recall": 0.6172839506172839,
        "f1-score": 0.5849253629738839,
        "support": 729.0
    },
    "weighted avg": {
        "precision": 0.6417262622881614,
        "recall": 0.6172839506172839,
        "f1-score": 0.5849253629738839,
        "support": 729.0
    }
}