{
    "2": {
        "precision": 1.0,
        "recall": 0.1836734693877551,
        "f1-score": 0.3103448275862069,
        "support": 49.0
    },
    "3": {
        "precision": 0.2631578947368421,
        "recall": 0.20408163265306123,
        "f1-score": 0.22988505747126436,
        "support": 49.0
    },
    "4": {
        "precision": 0.1891891891891892,
        "recall": 0.14285714285714285,
        "f1-score": 0.16279069767441862,
        "support": 49.0
    },
    "5": {
        "precision": 0.2222222222222222,
        "recall": 0.08163265306122448,
        "f1-score": 0.11940298507462686,
        "support": 49.0
    },
    "6": {
        "precision": 0.1694915254237288,
        "recall": 0.20408163265306123,
        "f1-score": 0.18518518518518517,
        "support": 49.0
    },
    "7": {
        "precision": 0.2696629213483146,
        "recall": 0.4897959183673469,
        "f1-score": 0.34782608695652173,
        "support": 49.0
    },
    "8": {
        "precision": 0.25471698113207547,
        "recall": 0.5510204081632653,
        "f1-score": 0.34838709677419355,
        "support": 49.0
    },
    "9": {
        "precision": 0.3611111111111111,
        "recall": 0.2653061224489796,
        "f1-score": 0.3058823529411765,
        "support": 49.0
    },
    "accuracy": 0.2653061224489796,
    "macro avg": {
        "precision": 0.34119398064543544,
        "recall": 0.26530612244897955,
        "f1-score": 0.2512130362079492,
        "support": 392.0
    },
    "weighted avg": {
        "precision": 0.34119398064543544,
        "recall": 0.2653061224489796,
        "f1-score": 0.2512130362079492,
        "support": 392.0
    }
}