{
    "2": {
        "precision": 1.0,
        "recall": 0.9795918367346939,
        "f1-score": 0.9896907216494846,
        "support": 49.0
    },
    "3": {
        "precision": 0.9772727272727273,
        "recall": 0.8775510204081632,
        "f1-score": 0.9247311827956989,
        "support": 49.0
    },
    "4": {
        "precision": 0.7758620689655172,
        "recall": 0.9183673469387755,
        "f1-score": 0.8411214953271028,
        "support": 49.0
    },
    "5": {
        "precision": 0.7777777777777778,
        "recall": 0.8571428571428571,
        "f1-score": 0.8155339805825242,
        "support": 49.0
    },
    "6": {
        "precision": 0.78,
        "recall": 0.7959183673469388,
        "f1-score": 0.7878787878787878,
        "support": 49.0
    },
    "7": {
        "precision": 0.4175824175824176,
        "recall": 0.7755102040816326,
        "f1-score": 0.5428571428571428,
        "support": 49.0
    },
    "8": {
        "precision": 0.11363636363636363,
        "recall": 0.10204081632653061,
        "f1-score": 0.10752688172043011,
        "support": 49.0
    },
    "9": {
        "precision": 1.0,
        "recall": 0.061224489795918366,
        "f1-score": 0.11538461538461539,
        "support": 49.0
    },
    "accuracy": 0.6709183673469388,
    "macro avg": {
        "precision": 0.7302664194043504,
        "recall": 0.6709183673469388,
        "f1-score": 0.6405906010244733,
        "support": 392.0
    },
    "weighted avg": {
        "precision": 0.7302664194043506,
        "recall": 0.6709183673469388,
        "f1-score": 0.6405906010244734,
        "support": 392.0
    }
}