{
    "1": {
        "precision": 0.22342064714946072,
        "recall": 0.5967078189300411,
        "f1-score": 0.3251121076233184,
        "support": 243.0
    },
    "2": {
        "precision": 0.0,
        "recall": 0.0,
        "f1-score": 0.0,
        "support": 243.0
    },
    "3": {
        "precision": 0.0,
        "recall": 0.0,
        "f1-score": 0.0,
        "support": 243.0
    },
    "4": {
        "precision": 0.0,
        "recall": 0.0,
        "f1-score": 0.0,
        "support": 243.0
    },
    "5": {
        "precision": 0.047619047619047616,
        "recall": 0.01646090534979424,
        "f1-score": 0.024464831804281346,
        "support": 243.0
    },
    "6": {
        "precision": 0.11964735516372796,
        "recall": 0.39094650205761317,
        "f1-score": 0.18322082931533268,
        "support": 243.0
    },
    "7": {
        "precision": 0.0,
        "recall": 0.0,
        "f1-score": 0.0,
        "support": 243.0
    },
    "8": {
        "precision": 0.0,
        "recall": 0.0,
        "f1-score": 0.0,
        "support": 243.0
    },
    "9": {
        "precision": 0.2650793650793651,
        "recall": 0.6872427983539094,
        "f1-score": 0.38258877434135163,
        "support": 243.0
    },
    "accuracy": 0.18792866941015088,
    "macro avg": {
        "precision": 0.07286293500128904,
        "recall": 0.18792866941015088,
        "f1-score": 0.10170961589825378,
        "support": 2187.0
    },
    "weighted avg": {
        "precision": 0.07286293500128904,
        "recall": 0.18792866941015088,
        "f1-score": 0.10170961589825378,
        "support": 2187.0
    }
}