{
    "1": {
        "precision": 1.0,
        "recall": 1.0,
        "f1-score": 1.0,
        "support": 81.0
    },
    "2": {
        "precision": 1.0,
        "recall": 0.9135802469135802,
        "f1-score": 0.9548387096774194,
        "support": 81.0
    },
    "3": {
        "precision": 0.8666666666666667,
        "recall": 0.8024691358024691,
        "f1-score": 0.8333333333333334,
        "support": 81.0
    },
    "4": {
        "precision": 0.43333333333333335,
        "recall": 0.16049382716049382,
        "f1-score": 0.23423423423423423,
        "support": 81.0
    },
    "5": {
        "precision": 0.1780821917808219,
        "recall": 0.16049382716049382,
        "f1-score": 0.16883116883116883,
        "support": 81.0
    },
    "6": {
        "precision": 0.06896551724137931,
        "recall": 0.024691358024691357,
        "f1-score": 0.03636363636363636,
        "support": 81.0
    },
    "7": {
        "precision": 0.029411764705882353,
        "recall": 0.012345679012345678,
        "f1-score": 0.017391304347826087,
        "support": 81.0
    },
    "8": {
        "precision": 0.0,
        "recall": 0.0,
        "f1-score": 0.0,
        "support": 81.0
    },
    "9": {
        "precision": 0.0,
        "recall": 0.0,
        "f1-score": 0.0,
        "support": 81.0
    },
    "micro avg": {
        "precision": 0.5253164556962026,
        "recall": 0.34156378600823045,
        "f1-score": 0.4139650872817955,
        "support": 729.0
    },
    "macro avg": {
        "precision": 0.39738438596978704,
        "recall": 0.3415637860082305,
        "f1-score": 0.3605547096430687,
        "support": 729.0
    },
    "weighted avg": {
        "precision": 0.39738438596978715,
        "recall": 0.34156378600823045,
        "f1-score": 0.36055470964306874,
        "support": 729.0
    },
    "accuracy": 0.34156378600823045
}