{
    "2": {
        "precision": 1.0,
        "recall": 0.9591836734693877,
        "f1-score": 0.9791666666666666,
        "support": 49.0
    },
    "3": {
        "precision": 0.96,
        "recall": 0.9795918367346939,
        "f1-score": 0.9696969696969697,
        "support": 49.0
    },
    "4": {
        "precision": 0.9705882352941176,
        "recall": 0.673469387755102,
        "f1-score": 0.7951807228915663,
        "support": 49.0
    },
    "5": {
        "precision": 0.6595744680851063,
        "recall": 0.6326530612244898,
        "f1-score": 0.6458333333333334,
        "support": 49.0
    },
    "6": {
        "precision": 0.4074074074074074,
        "recall": 0.22448979591836735,
        "f1-score": 0.2894736842105263,
        "support": 49.0
    },
    "7": {
        "precision": 0.362962962962963,
        "recall": 1.0,
        "f1-score": 0.532608695652174,
        "support": 49.0
    },
    "8": {
        "precision": 1.0,
        "recall": 0.02040816326530612,
        "f1-score": 0.04,
        "support": 49.0
    },
    "9": {
        "precision": 0.8823529411764706,
        "recall": 0.9183673469387755,
        "f1-score": 0.9,
        "support": 49.0
    },
    "accuracy": 0.6760204081632653,
    "macro avg": {
        "precision": 0.780360751865758,
        "recall": 0.6760204081632654,
        "f1-score": 0.6439950090564046,
        "support": 392.0
    },
    "weighted avg": {
        "precision": 0.780360751865758,
        "recall": 0.6760204081632653,
        "f1-score": 0.6439950090564045,
        "support": 392.0
    }
}