{
    "1": {
        "precision": 1.0,
        "recall": 1.0,
        "f1-score": 1.0,
        "support": 81.0
    },
    "2": {
        "precision": 0.9538461538461539,
        "recall": 0.7654320987654321,
        "f1-score": 0.8493150684931506,
        "support": 81.0
    },
    "3": {
        "precision": 0.6463414634146342,
        "recall": 0.654320987654321,
        "f1-score": 0.6503067484662577,
        "support": 81.0
    },
    "4": {
        "precision": 0.30952380952380953,
        "recall": 0.16049382716049382,
        "f1-score": 0.21138211382113822,
        "support": 81.0
    },
    "5": {
        "precision": 0.3411764705882353,
        "recall": 0.35802469135802467,
        "f1-score": 0.3493975903614458,
        "support": 81.0
    },
    "6": {
        "precision": 0.3157894736842105,
        "recall": 0.14814814814814814,
        "f1-score": 0.20168067226890757,
        "support": 81.0
    },
    "7": {
        "precision": 0.0,
        "recall": 0.0,
        "f1-score": 0.0,
        "support": 81.0
    },
    "8": {
        "precision": 0.22807017543859648,
        "recall": 0.48148148148148145,
        "f1-score": 0.30952380952380953,
        "support": 81.0
    },
    "9": {
        "precision": 0.2670807453416149,
        "recall": 0.5308641975308642,
        "f1-score": 0.35537190082644626,
        "support": 81.0
    },
    "accuracy": 0.4554183813443073,
    "macro avg": {
        "precision": 0.4513142546485839,
        "recall": 0.45541838134430723,
        "f1-score": 0.43633087819568395,
        "support": 729.0
    },
    "weighted avg": {
        "precision": 0.4513142546485839,
        "recall": 0.4554183813443073,
        "f1-score": 0.4363308781956839,
        "support": 729.0
    }
}