{
    "2": {
        "precision": 1.0,
        "recall": 0.9387755102040817,
        "f1-score": 0.968421052631579,
        "support": 49.0
    },
    "3": {
        "precision": 0.92,
        "recall": 0.9387755102040817,
        "f1-score": 0.9292929292929293,
        "support": 49.0
    },
    "4": {
        "precision": 0.9423076923076923,
        "recall": 1.0,
        "f1-score": 0.9702970297029703,
        "support": 49.0
    },
    "5": {
        "precision": 1.0,
        "recall": 0.42857142857142855,
        "f1-score": 0.6,
        "support": 49.0
    },
    "6": {
        "precision": 0.5512820512820513,
        "recall": 0.8775510204081632,
        "f1-score": 0.6771653543307087,
        "support": 49.0
    },
    "7": {
        "precision": 1.0,
        "recall": 0.02040816326530612,
        "f1-score": 0.04,
        "support": 49.0
    },
    "8": {
        "precision": 0.4,
        "recall": 0.3673469387755102,
        "f1-score": 0.3829787234042553,
        "support": 49.0
    },
    "9": {
        "precision": 0.31313131313131315,
        "recall": 0.6326530612244898,
        "f1-score": 0.4189189189189189,
        "support": 49.0
    },
    "accuracy": 0.6505102040816326,
    "macro avg": {
        "precision": 0.7658401320901321,
        "recall": 0.6505102040816326,
        "f1-score": 0.6233842510351701,
        "support": 392.0
    },
    "weighted avg": {
        "precision": 0.7658401320901322,
        "recall": 0.6505102040816326,
        "f1-score": 0.6233842510351701,
        "support": 392.0
    }
}