{
    "2": {
        "precision": 1.0,
        "recall": 1.0,
        "f1-score": 1.0,
        "support": 49.0
    },
    "3": {
        "precision": 1.0,
        "recall": 0.9795918367346939,
        "f1-score": 0.9896907216494846,
        "support": 49.0
    },
    "4": {
        "precision": 0.9607843137254902,
        "recall": 1.0,
        "f1-score": 0.98,
        "support": 49.0
    },
    "5": {
        "precision": 1.0,
        "recall": 0.1836734693877551,
        "f1-score": 0.3103448275862069,
        "support": 49.0
    },
    "6": {
        "precision": 0.43478260869565216,
        "recall": 0.6122448979591837,
        "f1-score": 0.5084745762711864,
        "support": 49.0
    },
    "7": {
        "precision": 0.0,
        "recall": 0.0,
        "f1-score": 0.0,
        "support": 49.0
    },
    "8": {
        "precision": 0.038461538461538464,
        "recall": 0.02040816326530612,
        "f1-score": 0.02666666666666667,
        "support": 49.0
    },
    "9": {
        "precision": 0.35,
        "recall": 1.0,
        "f1-score": 0.5185185185185185,
        "support": 49.0
    },
    "accuracy": 0.5994897959183674,
    "macro avg": {
        "precision": 0.5980035576103351,
        "recall": 0.5994897959183674,
        "f1-score": 0.5417119138365079,
        "support": 392.0
    },
    "weighted avg": {
        "precision": 0.5980035576103351,
        "recall": 0.5994897959183674,
        "f1-score": 0.5417119138365079,
        "support": 392.0
    }
}