{
    "1": {
        "precision": 0.9918367346938776,
        "recall": 1.0,
        "f1-score": 0.9959016393442623,
        "support": 243.0
    },
    "2": {
        "precision": 0.6936416184971098,
        "recall": 0.9876543209876543,
        "f1-score": 0.8149405772495756,
        "support": 243.0
    },
    "3": {
        "precision": 0.3302752293577982,
        "recall": 0.5925925925925926,
        "f1-score": 0.42415316642120765,
        "support": 243.0
    },
    "4": {
        "precision": 0.21568627450980393,
        "recall": 0.22633744855967078,
        "f1-score": 0.22088353413654618,
        "support": 243.0
    },
    "5": {
        "precision": 0.34285714285714286,
        "recall": 0.09876543209876543,
        "f1-score": 0.15335463258785942,
        "support": 243.0
    },
    "6": {
        "precision": 0.22505800464037123,
        "recall": 0.3991769547325103,
        "f1-score": 0.2878338278931751,
        "support": 243.0
    },
    "7": {
        "precision": 0.2445414847161572,
        "recall": 0.23045267489711935,
        "f1-score": 0.23728813559322035,
        "support": 243.0
    },
    "8": {
        "precision": 0.3384615384615385,
        "recall": 0.18106995884773663,
        "f1-score": 0.2359249329758713,
        "support": 243.0
    },
    "9": {
        "precision": 0.6222222222222222,
        "recall": 0.11522633744855967,
        "f1-score": 0.19444444444444445,
        "support": 243.0
    },
    "accuracy": 0.4256973022405121,
    "macro avg": {
        "precision": 0.4449533611062246,
        "recall": 0.42569730224051205,
        "f1-score": 0.39608054340512916,
        "support": 2187.0
    },
    "weighted avg": {
        "precision": 0.44495336110622463,
        "recall": 0.4256973022405121,
        "f1-score": 0.39608054340512916,
        "support": 2187.0
    }
}