{
    "1": {
        "precision": 0.9878048780487805,
        "recall": 1.0,
        "f1-score": 0.9938650306748467,
        "support": 81.0
    },
    "2": {
        "precision": 1.0,
        "recall": 0.9753086419753086,
        "f1-score": 0.9875,
        "support": 81.0
    },
    "3": {
        "precision": 0.8181818181818182,
        "recall": 1.0,
        "f1-score": 0.9,
        "support": 81.0
    },
    "4": {
        "precision": 0.8170731707317073,
        "recall": 0.8271604938271605,
        "f1-score": 0.8220858895705522,
        "support": 81.0
    },
    "5": {
        "precision": 0.7341772151898734,
        "recall": 0.7160493827160493,
        "f1-score": 0.725,
        "support": 81.0
    },
    "6": {
        "precision": 0.48031496062992124,
        "recall": 0.7530864197530864,
        "f1-score": 0.5865384615384616,
        "support": 81.0
    },
    "7": {
        "precision": 0.3939393939393939,
        "recall": 0.32098765432098764,
        "f1-score": 0.35374149659863946,
        "support": 81.0
    },
    "8": {
        "precision": 0.3684210526315789,
        "recall": 0.25925925925925924,
        "f1-score": 0.30434782608695654,
        "support": 81.0
    },
    "9": {
        "precision": 0.7068965517241379,
        "recall": 0.5061728395061729,
        "f1-score": 0.5899280575539568,
        "support": 81.0
    },
    "accuracy": 0.7064471879286695,
    "macro avg": {
        "precision": 0.7007565601196901,
        "recall": 0.7064471879286693,
        "f1-score": 0.6958896402248237,
        "support": 729.0
    },
    "weighted avg": {
        "precision": 0.7007565601196901,
        "recall": 0.7064471879286695,
        "f1-score": 0.6958896402248236,
        "support": 729.0
    }
}