{
    "2": {
        "precision": 1.0,
        "recall": 0.32653061224489793,
        "f1-score": 0.49230769230769234,
        "support": 49.0
    },
    "3": {
        "precision": 0.5333333333333333,
        "recall": 0.8163265306122449,
        "f1-score": 0.6451612903225806,
        "support": 49.0
    },
    "4": {
        "precision": 0.8363636363636363,
        "recall": 0.9387755102040817,
        "f1-score": 0.8846153846153846,
        "support": 49.0
    },
    "5": {
        "precision": 0.8,
        "recall": 0.4897959183673469,
        "f1-score": 0.6075949367088608,
        "support": 49.0
    },
    "6": {
        "precision": 0.484375,
        "recall": 0.6326530612244898,
        "f1-score": 0.5486725663716814,
        "support": 49.0
    },
    "7": {
        "precision": 0.0,
        "recall": 0.0,
        "f1-score": 0.0,
        "support": 49.0
    },
    "8": {
        "precision": 0.2727272727272727,
        "recall": 0.30612244897959184,
        "f1-score": 0.28846153846153844,
        "support": 49.0
    },
    "9": {
        "precision": 0.28865979381443296,
        "recall": 0.5714285714285714,
        "f1-score": 0.3835616438356164,
        "support": 49.0
    },
    "accuracy": 0.5102040816326531,
    "macro avg": {
        "precision": 0.5269323795298344,
        "recall": 0.510204081632653,
        "f1-score": 0.48129688157791933,
        "support": 392.0
    },
    "weighted avg": {
        "precision": 0.5269323795298344,
        "recall": 0.5102040816326531,
        "f1-score": 0.48129688157791933,
        "support": 392.0
    }
}