{
    "1": {
        "precision": 0.3537117903930131,
        "recall": 1.0,
        "f1-score": 0.5225806451612903,
        "support": 81.0
    },
    "2": {
        "precision": 0.987012987012987,
        "recall": 0.9382716049382716,
        "f1-score": 0.9620253164556962,
        "support": 81.0
    },
    "3": {
        "precision": 0.8488372093023255,
        "recall": 0.9012345679012346,
        "f1-score": 0.874251497005988,
        "support": 81.0
    },
    "4": {
        "precision": 0.7708333333333334,
        "recall": 0.4567901234567901,
        "f1-score": 0.5736434108527132,
        "support": 81.0
    },
    "5": {
        "precision": 0.5494505494505495,
        "recall": 0.6172839506172839,
        "f1-score": 0.5813953488372093,
        "support": 81.0
    },
    "6": {
        "precision": 0.6,
        "recall": 0.2962962962962963,
        "f1-score": 0.39669421487603307,
        "support": 81.0
    },
    "7": {
        "precision": 0.41911764705882354,
        "recall": 0.7037037037037037,
        "f1-score": 0.5253456221198156,
        "support": 81.0
    },
    "8": {
        "precision": 0.4,
        "recall": 0.04938271604938271,
        "f1-score": 0.08791208791208792,
        "support": 81.0
    },
    "9": {
        "precision": 0.9166666666666666,
        "recall": 0.13580246913580246,
        "f1-score": 0.23655913978494625,
        "support": 81.0
    },
    "accuracy": 0.5665294924554184,
    "macro avg": {
        "precision": 0.6495144648019665,
        "recall": 0.5665294924554183,
        "f1-score": 0.5289341425561978,
        "support": 729.0
    },
    "weighted avg": {
        "precision": 0.6495144648019665,
        "recall": 0.5665294924554184,
        "f1-score": 0.5289341425561978,
        "support": 729.0
    }
}