{
    "2": {
        "precision": 1.0,
        "recall": 0.9795918367346939,
        "f1-score": 0.9896907216494846,
        "support": 49.0
    },
    "3": {
        "precision": 0.9761904761904762,
        "recall": 0.8367346938775511,
        "f1-score": 0.9010989010989011,
        "support": 49.0
    },
    "4": {
        "precision": 0.84,
        "recall": 0.8571428571428571,
        "f1-score": 0.8484848484848485,
        "support": 49.0
    },
    "5": {
        "precision": 0.8125,
        "recall": 0.7959183673469388,
        "f1-score": 0.8041237113402062,
        "support": 49.0
    },
    "6": {
        "precision": 0.7692307692307693,
        "recall": 0.40816326530612246,
        "f1-score": 0.5333333333333333,
        "support": 49.0
    },
    "7": {
        "precision": 0.4246575342465753,
        "recall": 0.6326530612244898,
        "f1-score": 0.5081967213114754,
        "support": 49.0
    },
    "8": {
        "precision": 0.48214285714285715,
        "recall": 0.5510204081632653,
        "f1-score": 0.5142857142857142,
        "support": 49.0
    },
    "9": {
        "precision": 0.7551020408163265,
        "recall": 0.7551020408163265,
        "f1-score": 0.7551020408163265,
        "support": 49.0
    },
    "accuracy": 0.7270408163265306,
    "macro avg": {
        "precision": 0.7574779597033756,
        "recall": 0.7270408163265306,
        "f1-score": 0.7317894990400362,
        "support": 392.0
    },
    "weighted avg": {
        "precision": 0.7574779597033755,
        "recall": 0.7270408163265306,
        "f1-score": 0.7317894990400362,
        "support": 392.0
    }
}