{
    "2": {
        "precision": 1.0,
        "recall": 0.40816326530612246,
        "f1-score": 0.5797101449275363,
        "support": 49.0
    },
    "3": {
        "precision": 0.1,
        "recall": 0.061224489795918366,
        "f1-score": 0.0759493670886076,
        "support": 49.0
    },
    "4": {
        "precision": 0.08333333333333333,
        "recall": 0.061224489795918366,
        "f1-score": 0.07058823529411765,
        "support": 49.0
    },
    "5": {
        "precision": 0.0,
        "recall": 0.0,
        "f1-score": 0.0,
        "support": 49.0
    },
    "6": {
        "precision": 0.15476190476190477,
        "recall": 0.2653061224489796,
        "f1-score": 0.19548872180451127,
        "support": 49.0
    },
    "7": {
        "precision": 0.0,
        "recall": 0.0,
        "f1-score": 0.0,
        "support": 49.0
    },
    "8": {
        "precision": 0.0,
        "recall": 0.0,
        "f1-score": 0.0,
        "support": 49.0
    },
    "9": {
        "precision": 0.25654450261780104,
        "recall": 1.0,
        "f1-score": 0.4083333333333333,
        "support": 49.0
    },
    "accuracy": 0.22448979591836735,
    "macro avg": {
        "precision": 0.1993299675891299,
        "recall": 0.22448979591836737,
        "f1-score": 0.16625872530601327,
        "support": 392.0
    },
    "weighted avg": {
        "precision": 0.1993299675891299,
        "recall": 0.22448979591836735,
        "f1-score": 0.16625872530601327,
        "support": 392.0
    }
}