{
    "1": {
        "precision": 0.9529411764705882,
        "recall": 1.0,
        "f1-score": 0.9759036144578314,
        "support": 81.0
    },
    "2": {
        "precision": 1.0,
        "recall": 0.8765432098765432,
        "f1-score": 0.9342105263157895,
        "support": 81.0
    },
    "3": {
        "precision": 0.8478260869565217,
        "recall": 0.9629629629629629,
        "f1-score": 0.9017341040462428,
        "support": 81.0
    },
    "4": {
        "precision": 0.9736842105263158,
        "recall": 0.9135802469135802,
        "f1-score": 0.9426751592356688,
        "support": 81.0
    },
    "5": {
        "precision": 0.9629629629629629,
        "recall": 0.6419753086419753,
        "f1-score": 0.7703703703703704,
        "support": 81.0
    },
    "6": {
        "precision": 0.5161290322580645,
        "recall": 0.9876543209876543,
        "f1-score": 0.6779661016949152,
        "support": 81.0
    },
    "7": {
        "precision": 0.7297297297297297,
        "recall": 0.3333333333333333,
        "f1-score": 0.4576271186440678,
        "support": 81.0
    },
    "8": {
        "precision": 0.5,
        "recall": 0.37037037037037035,
        "f1-score": 0.425531914893617,
        "support": 81.0
    },
    "9": {
        "precision": 0.6262626262626263,
        "recall": 0.7654320987654321,
        "f1-score": 0.6888888888888889,
        "support": 81.0
    },
    "accuracy": 0.7613168724279835,
    "macro avg": {
        "precision": 0.7899484250185344,
        "recall": 0.7613168724279835,
        "f1-score": 0.7527675331719323,
        "support": 729.0
    },
    "weighted avg": {
        "precision": 0.7899484250185344,
        "recall": 0.7613168724279835,
        "f1-score": 0.7527675331719323,
        "support": 729.0
    }
}