{
    "2": {
        "precision": 1.0,
        "recall": 0.8571428571428571,
        "f1-score": 0.9230769230769231,
        "support": 49.0
    },
    "3": {
        "precision": 0.825,
        "recall": 0.673469387755102,
        "f1-score": 0.7415730337078652,
        "support": 49.0
    },
    "4": {
        "precision": 0.6862745098039216,
        "recall": 0.7142857142857143,
        "f1-score": 0.7,
        "support": 49.0
    },
    "5": {
        "precision": 0.673469387755102,
        "recall": 0.673469387755102,
        "f1-score": 0.673469387755102,
        "support": 49.0
    },
    "6": {
        "precision": 0.5555555555555556,
        "recall": 0.30612244897959184,
        "f1-score": 0.39473684210526316,
        "support": 49.0
    },
    "7": {
        "precision": 0.3939393939393939,
        "recall": 0.5306122448979592,
        "f1-score": 0.45217391304347826,
        "support": 49.0
    },
    "8": {
        "precision": 0.4915254237288136,
        "recall": 0.5918367346938775,
        "f1-score": 0.5370370370370371,
        "support": 49.0
    },
    "9": {
        "precision": 0.7068965517241379,
        "recall": 0.8367346938775511,
        "f1-score": 0.7663551401869159,
        "support": 49.0
    },
    "accuracy": 0.6479591836734694,
    "macro avg": {
        "precision": 0.6665826028133656,
        "recall": 0.6479591836734694,
        "f1-score": 0.6485527846140731,
        "support": 392.0
    },
    "weighted avg": {
        "precision": 0.6665826028133656,
        "recall": 0.6479591836734694,
        "f1-score": 0.6485527846140731,
        "support": 392.0
    }
}