{
    "2": {
        "precision": 0.0,
        "recall": 0.0,
        "f1-score": 0.0,
        "support": 49.0
    },
    "3": {
        "precision": 0.0,
        "recall": 0.0,
        "f1-score": 0.0,
        "support": 49.0
    },
    "4": {
        "precision": 0.17712177121771217,
        "recall": 0.9795918367346939,
        "f1-score": 0.3,
        "support": 49.0
    },
    "5": {
        "precision": 0.125,
        "recall": 0.12244897959183673,
        "f1-score": 0.12371134020618557,
        "support": 49.0
    },
    "6": {
        "precision": 0.027777777777777776,
        "recall": 0.02040816326530612,
        "f1-score": 0.023529411764705882,
        "support": 49.0
    },
    "7": {
        "precision": 1.0,
        "recall": 0.02040816326530612,
        "f1-score": 0.04,
        "support": 49.0
    },
    "8": {
        "precision": 0.3333333333333333,
        "recall": 0.12244897959183673,
        "f1-score": 0.1791044776119403,
        "support": 49.0
    },
    "9": {
        "precision": 0.0,
        "recall": 0.0,
        "f1-score": 0.0,
        "support": 49.0
    },
    "accuracy": 0.15816326530612246,
    "macro avg": {
        "precision": 0.2079041102911029,
        "recall": 0.15816326530612243,
        "f1-score": 0.08329315369785396,
        "support": 392.0
    },
    "weighted avg": {
        "precision": 0.2079041102911029,
        "recall": 0.15816326530612246,
        "f1-score": 0.08329315369785396,
        "support": 392.0
    }
}