{
    "2": {
        "precision": 1.0,
        "recall": 0.9795918367346939,
        "f1-score": 0.9896907216494846,
        "support": 49.0
    },
    "3": {
        "precision": 0.96,
        "recall": 0.9795918367346939,
        "f1-score": 0.9696969696969697,
        "support": 49.0
    },
    "4": {
        "precision": 0.8214285714285714,
        "recall": 0.9387755102040817,
        "f1-score": 0.8761904761904762,
        "support": 49.0
    },
    "5": {
        "precision": 0.6557377049180327,
        "recall": 0.8163265306122449,
        "f1-score": 0.7272727272727273,
        "support": 49.0
    },
    "6": {
        "precision": 0.8947368421052632,
        "recall": 0.3469387755102041,
        "f1-score": 0.5,
        "support": 49.0
    },
    "7": {
        "precision": 0.5512820512820513,
        "recall": 0.8775510204081632,
        "f1-score": 0.6771653543307087,
        "support": 49.0
    },
    "8": {
        "precision": 0.6153846153846154,
        "recall": 0.4897959183673469,
        "f1-score": 0.5454545454545454,
        "support": 49.0
    },
    "9": {
        "precision": 0.9024390243902439,
        "recall": 0.7551020408163265,
        "f1-score": 0.8222222222222222,
        "support": 49.0
    },
    "accuracy": 0.7729591836734694,
    "macro avg": {
        "precision": 0.8001261011885972,
        "recall": 0.7729591836734694,
        "f1-score": 0.7634616271021417,
        "support": 392.0
    },
    "weighted avg": {
        "precision": 0.8001261011885973,
        "recall": 0.7729591836734694,
        "f1-score": 0.7634616271021416,
        "support": 392.0
    }
}