{
    "2": {
        "precision": 1.0,
        "recall": 0.9591836734693877,
        "f1-score": 0.9791666666666666,
        "support": 49.0
    },
    "3": {
        "precision": 0.95,
        "recall": 0.7755102040816326,
        "f1-score": 0.8539325842696629,
        "support": 49.0
    },
    "4": {
        "precision": 0.7555555555555555,
        "recall": 0.6938775510204082,
        "f1-score": 0.723404255319149,
        "support": 49.0
    },
    "5": {
        "precision": 0.6153846153846154,
        "recall": 0.4897959183673469,
        "f1-score": 0.5454545454545454,
        "support": 49.0
    },
    "6": {
        "precision": 0.2647058823529412,
        "recall": 0.1836734693877551,
        "f1-score": 0.21686746987951808,
        "support": 49.0
    },
    "7": {
        "precision": 0.4,
        "recall": 0.7346938775510204,
        "f1-score": 0.5179856115107914,
        "support": 49.0
    },
    "8": {
        "precision": 0.47692307692307695,
        "recall": 0.6326530612244898,
        "f1-score": 0.543859649122807,
        "support": 49.0
    },
    "9": {
        "precision": 0.8125,
        "recall": 0.5306122448979592,
        "f1-score": 0.6419753086419753,
        "support": 49.0
    },
    "accuracy": 0.625,
    "macro avg": {
        "precision": 0.6593836412770236,
        "recall": 0.625,
        "f1-score": 0.6278307613581394,
        "support": 392.0
    },
    "weighted avg": {
        "precision": 0.6593836412770236,
        "recall": 0.625,
        "f1-score": 0.6278307613581395,
        "support": 392.0
    }
}