{
    "2": {
        "precision": 1.0,
        "recall": 1.0,
        "f1-score": 1.0,
        "support": 49.0
    },
    "3": {
        "precision": 0.7704918032786885,
        "recall": 0.9591836734693877,
        "f1-score": 0.8545454545454545,
        "support": 49.0
    },
    "4": {
        "precision": 0.9210526315789473,
        "recall": 0.7142857142857143,
        "f1-score": 0.8045977011494253,
        "support": 49.0
    },
    "5": {
        "precision": 0.9777777777777777,
        "recall": 0.8979591836734694,
        "f1-score": 0.9361702127659575,
        "support": 49.0
    },
    "6": {
        "precision": 0.9,
        "recall": 0.5510204081632653,
        "f1-score": 0.6835443037974683,
        "support": 49.0
    },
    "7": {
        "precision": 0.5961538461538461,
        "recall": 0.6326530612244898,
        "f1-score": 0.6138613861386139,
        "support": 49.0
    },
    "8": {
        "precision": 0.3541666666666667,
        "recall": 0.3469387755102041,
        "f1-score": 0.35051546391752575,
        "support": 49.0
    },
    "9": {
        "precision": 0.5362318840579711,
        "recall": 0.7551020408163265,
        "f1-score": 0.6271186440677966,
        "support": 49.0
    },
    "accuracy": 0.7321428571428571,
    "macro avg": {
        "precision": 0.7569843261892372,
        "recall": 0.7321428571428571,
        "f1-score": 0.7337941457977802,
        "support": 392.0
    },
    "weighted avg": {
        "precision": 0.7569843261892373,
        "recall": 0.7321428571428571,
        "f1-score": 0.7337941457977801,
        "support": 392.0
    }
}