{
    "2": {
        "precision": 1.0,
        "recall": 0.9591836734693877,
        "f1-score": 0.9791666666666666,
        "support": 49.0
    },
    "3": {
        "precision": 0.7,
        "recall": 1.0,
        "f1-score": 0.8235294117647058,
        "support": 49.0
    },
    "4": {
        "precision": 1.0,
        "recall": 0.5918367346938775,
        "f1-score": 0.7435897435897436,
        "support": 49.0
    },
    "5": {
        "precision": 0.8166666666666667,
        "recall": 1.0,
        "f1-score": 0.8990825688073395,
        "support": 49.0
    },
    "6": {
        "precision": 0.8571428571428571,
        "recall": 0.6122448979591837,
        "f1-score": 0.7142857142857143,
        "support": 49.0
    },
    "7": {
        "precision": 0.5454545454545454,
        "recall": 0.8571428571428571,
        "f1-score": 0.6666666666666666,
        "support": 49.0
    },
    "8": {
        "precision": 0.0,
        "recall": 0.0,
        "f1-score": 0.0,
        "support": 49.0
    },
    "9": {
        "precision": 0.6486486486486487,
        "recall": 0.9795918367346939,
        "f1-score": 0.7804878048780488,
        "support": 49.0
    },
    "accuracy": 0.75,
    "macro avg": {
        "precision": 0.6959890897390897,
        "recall": 0.75,
        "f1-score": 0.7008510720823606,
        "support": 392.0
    },
    "weighted avg": {
        "precision": 0.6959890897390897,
        "recall": 0.75,
        "f1-score": 0.7008510720823606,
        "support": 392.0
    }
}