{
    "2": {
        "precision": 1.0,
        "recall": 1.0,
        "f1-score": 1.0,
        "support": 49.0
    },
    "3": {
        "precision": 1.0,
        "recall": 1.0,
        "f1-score": 1.0,
        "support": 49.0
    },
    "4": {
        "precision": 0.7903225806451613,
        "recall": 1.0,
        "f1-score": 0.8828828828828829,
        "support": 49.0
    },
    "5": {
        "precision": 0.972972972972973,
        "recall": 0.7346938775510204,
        "f1-score": 0.8372093023255814,
        "support": 49.0
    },
    "6": {
        "precision": 0.5384615384615384,
        "recall": 1.0,
        "f1-score": 0.7,
        "support": 49.0
    },
    "7": {
        "precision": 0.4,
        "recall": 0.3673469387755102,
        "f1-score": 0.3829787234042553,
        "support": 49.0
    },
    "8": {
        "precision": 1.0,
        "recall": 0.061224489795918366,
        "f1-score": 0.11538461538461539,
        "support": 49.0
    },
    "9": {
        "precision": 0.8571428571428571,
        "recall": 0.9795918367346939,
        "f1-score": 0.9142857142857143,
        "support": 49.0
    },
    "accuracy": 0.7678571428571429,
    "macro avg": {
        "precision": 0.8198624936528163,
        "recall": 0.7678571428571428,
        "f1-score": 0.7290926547853811,
        "support": 392.0
    },
    "weighted avg": {
        "precision": 0.8198624936528162,
        "recall": 0.7678571428571429,
        "f1-score": 0.7290926547853811,
        "support": 392.0
    }
}