{
    "1": {
        "precision": 1.0,
        "recall": 1.0,
        "f1-score": 1.0,
        "support": 81.0
    },
    "2": {
        "precision": 0.963855421686747,
        "recall": 0.9876543209876543,
        "f1-score": 0.975609756097561,
        "support": 81.0
    },
    "3": {
        "precision": 0.8863636363636364,
        "recall": 0.9629629629629629,
        "f1-score": 0.9230769230769231,
        "support": 81.0
    },
    "4": {
        "precision": 0.9545454545454546,
        "recall": 0.5185185185185185,
        "f1-score": 0.672,
        "support": 81.0
    },
    "5": {
        "precision": 0.5949367088607594,
        "recall": 0.5802469135802469,
        "f1-score": 0.5875,
        "support": 81.0
    },
    "6": {
        "precision": 0.52,
        "recall": 0.32098765432098764,
        "f1-score": 0.3969465648854962,
        "support": 81.0
    },
    "7": {
        "precision": 0.34545454545454546,
        "recall": 0.2345679012345679,
        "f1-score": 0.27941176470588236,
        "support": 81.0
    },
    "8": {
        "precision": 0.3111111111111111,
        "recall": 0.5185185185185185,
        "f1-score": 0.3888888888888889,
        "support": 81.0
    },
    "9": {
        "precision": 0.5666666666666667,
        "recall": 0.20987654320987653,
        "f1-score": 0.3063063063063063,
        "support": 81.0
    },
    "micro avg": {
        "precision": 0.6697674418604651,
        "recall": 0.5925925925925926,
        "f1-score": 0.62882096069869,
        "support": 729.0
    },
    "macro avg": {
        "precision": 0.6825481716321024,
        "recall": 0.5925925925925926,
        "f1-score": 0.6144155782178954,
        "support": 729.0
    },
    "weighted avg": {
        "precision": 0.6825481716321024,
        "recall": 0.5925925925925926,
        "f1-score": 0.6144155782178953,
        "support": 729.0
    },
    "accuracy": 0.5925925925925926
}