{
    "2": {
        "precision": 1.0,
        "recall": 0.9591836734693877,
        "f1-score": 0.9791666666666666,
        "support": 49.0
    },
    "3": {
        "precision": 0.5903614457831325,
        "recall": 1.0,
        "f1-score": 0.7424242424242424,
        "support": 49.0
    },
    "4": {
        "precision": 1.0,
        "recall": 0.32653061224489793,
        "f1-score": 0.49230769230769234,
        "support": 49.0
    },
    "5": {
        "precision": 0.41025641025641024,
        "recall": 0.9795918367346939,
        "f1-score": 0.5783132530120482,
        "support": 49.0
    },
    "6": {
        "precision": 0.0,
        "recall": 0.0,
        "f1-score": 0.0,
        "support": 49.0
    },
    "7": {
        "precision": 0.3684210526315789,
        "recall": 0.5714285714285714,
        "f1-score": 0.448,
        "support": 49.0
    },
    "8": {
        "precision": 1.0,
        "recall": 0.02040816326530612,
        "f1-score": 0.04,
        "support": 49.0
    },
    "9": {
        "precision": 0.8461538461538461,
        "recall": 0.8979591836734694,
        "f1-score": 0.8712871287128713,
        "support": 49.0
    },
    "accuracy": 0.5943877551020408,
    "macro avg": {
        "precision": 0.6518990943531209,
        "recall": 0.5943877551020409,
        "f1-score": 0.5189373728904402,
        "support": 392.0
    },
    "weighted avg": {
        "precision": 0.651899094353121,
        "recall": 0.5943877551020408,
        "f1-score": 0.5189373728904401,
        "support": 392.0
    }
}