{
    "1": {
        "precision": 1.0,
        "recall": 1.0,
        "f1-score": 1.0,
        "support": 81.0
    },
    "2": {
        "precision": 1.0,
        "recall": 0.9876543209876543,
        "f1-score": 0.9937888198757764,
        "support": 81.0
    },
    "3": {
        "precision": 0.9506172839506173,
        "recall": 0.9506172839506173,
        "f1-score": 0.9506172839506173,
        "support": 81.0
    },
    "4": {
        "precision": 0.8461538461538461,
        "recall": 0.9506172839506173,
        "f1-score": 0.8953488372093024,
        "support": 81.0
    },
    "5": {
        "precision": 0.8227848101265823,
        "recall": 0.8024691358024691,
        "f1-score": 0.8125,
        "support": 81.0
    },
    "6": {
        "precision": 0.7049180327868853,
        "recall": 0.5308641975308642,
        "f1-score": 0.6056338028169014,
        "support": 81.0
    },
    "7": {
        "precision": 0.4473684210526316,
        "recall": 0.8395061728395061,
        "f1-score": 0.5836909871244635,
        "support": 81.0
    },
    "8": {
        "precision": 0.43548387096774194,
        "recall": 0.3333333333333333,
        "f1-score": 0.3776223776223776,
        "support": 81.0
    },
    "9": {
        "precision": 0.7142857142857143,
        "recall": 0.37037037037037035,
        "f1-score": 0.4878048780487805,
        "support": 81.0
    },
    "accuracy": 0.7517146776406035,
    "macro avg": {
        "precision": 0.7690679977026688,
        "recall": 0.7517146776406035,
        "f1-score": 0.7452229985164688,
        "support": 729.0
    },
    "weighted avg": {
        "precision": 0.7690679977026688,
        "recall": 0.7517146776406035,
        "f1-score": 0.7452229985164688,
        "support": 729.0
    }
}