{
    "2": {
        "precision": 0.96,
        "recall": 0.9795918367346939,
        "f1-score": 0.9696969696969697,
        "support": 49.0
    },
    "3": {
        "precision": 0.9074074074074074,
        "recall": 1.0,
        "f1-score": 0.9514563106796117,
        "support": 49.0
    },
    "4": {
        "precision": 0.9767441860465116,
        "recall": 0.8571428571428571,
        "f1-score": 0.9130434782608695,
        "support": 49.0
    },
    "5": {
        "precision": 0.9666666666666667,
        "recall": 0.5918367346938775,
        "f1-score": 0.7341772151898734,
        "support": 49.0
    },
    "6": {
        "precision": 0.6486486486486487,
        "recall": 0.9795918367346939,
        "f1-score": 0.7804878048780488,
        "support": 49.0
    },
    "7": {
        "precision": 0.9523809523809523,
        "recall": 0.40816326530612246,
        "f1-score": 0.5714285714285714,
        "support": 49.0
    },
    "8": {
        "precision": 0.4492753623188406,
        "recall": 0.6326530612244898,
        "f1-score": 0.5254237288135594,
        "support": 49.0
    },
    "9": {
        "precision": 0.6274509803921569,
        "recall": 0.6530612244897959,
        "f1-score": 0.64,
        "support": 49.0
    },
    "accuracy": 0.7627551020408163,
    "macro avg": {
        "precision": 0.811071775482648,
        "recall": 0.7627551020408163,
        "f1-score": 0.760714259868438,
        "support": 392.0
    },
    "weighted avg": {
        "precision": 0.811071775482648,
        "recall": 0.7627551020408163,
        "f1-score": 0.760714259868438,
        "support": 392.0
    }
}