{
    "1": {
        "precision": 0.9878048780487805,
        "recall": 1.0,
        "f1-score": 0.9938650306748467,
        "support": 81.0
    },
    "2": {
        "precision": 1.0,
        "recall": 0.9876543209876543,
        "f1-score": 0.9937888198757764,
        "support": 81.0
    },
    "3": {
        "precision": 0.9,
        "recall": 1.0,
        "f1-score": 0.9473684210526315,
        "support": 81.0
    },
    "4": {
        "precision": 0.891566265060241,
        "recall": 0.9135802469135802,
        "f1-score": 0.9024390243902439,
        "support": 81.0
    },
    "5": {
        "precision": 0.8714285714285714,
        "recall": 0.7530864197530864,
        "f1-score": 0.8079470198675497,
        "support": 81.0
    },
    "6": {
        "precision": 0.5538461538461539,
        "recall": 0.8888888888888888,
        "f1-score": 0.6824644549763034,
        "support": 81.0
    },
    "7": {
        "precision": 0.3804347826086957,
        "recall": 0.43209876543209874,
        "f1-score": 0.4046242774566474,
        "support": 81.0
    },
    "8": {
        "precision": 0.3333333333333333,
        "recall": 0.14814814814814814,
        "f1-score": 0.20512820512820512,
        "support": 81.0
    },
    "9": {
        "precision": 0.7424242424242424,
        "recall": 0.6049382716049383,
        "f1-score": 0.6666666666666666,
        "support": 81.0
    },
    "accuracy": 0.747599451303155,
    "macro avg": {
        "precision": 0.7400931363055575,
        "recall": 0.7475994513031551,
        "f1-score": 0.7338102133432078,
        "support": 729.0
    },
    "weighted avg": {
        "precision": 0.7400931363055576,
        "recall": 0.747599451303155,
        "f1-score": 0.733810213343208,
        "support": 729.0
    }
}