{
    "1": {
        "precision": 0.632,
        "recall": 0.9753086419753086,
        "f1-score": 0.7669902912621359,
        "support": 243.0
    },
    "2": {
        "precision": 0.3230769230769231,
        "recall": 0.43209876543209874,
        "f1-score": 0.36971830985915494,
        "support": 243.0
    },
    "3": {
        "precision": 0.23529411764705882,
        "recall": 0.23045267489711935,
        "f1-score": 0.23284823284823286,
        "support": 243.0
    },
    "4": {
        "precision": 0.1568627450980392,
        "recall": 0.36213991769547327,
        "f1-score": 0.21890547263681592,
        "support": 243.0
    },
    "5": {
        "precision": 0.20689655172413793,
        "recall": 0.07407407407407407,
        "f1-score": 0.10909090909090909,
        "support": 243.0
    },
    "6": {
        "precision": 0.17884130982367757,
        "recall": 0.29218106995884774,
        "f1-score": 0.221875,
        "support": 243.0
    },
    "7": {
        "precision": 0.21428571428571427,
        "recall": 0.012345679012345678,
        "f1-score": 0.023346303501945526,
        "support": 243.0
    },
    "8": {
        "precision": 0.27058823529411763,
        "recall": 0.18930041152263374,
        "f1-score": 0.22276029055690072,
        "support": 243.0
    },
    "9": {
        "precision": 0.15,
        "recall": 0.012345679012345678,
        "f1-score": 0.022813688212927757,
        "support": 243.0
    },
    "accuracy": 0.28669410150891633,
    "macro avg": {
        "precision": 0.2630939552166298,
        "recall": 0.28669410150891633,
        "f1-score": 0.24314983310766922,
        "support": 2187.0
    },
    "weighted avg": {
        "precision": 0.26309395521662987,
        "recall": 0.28669410150891633,
        "f1-score": 0.2431498331076692,
        "support": 2187.0
    }
}