{
    "1": {
        "precision": 1.0,
        "recall": 0.49382716049382713,
        "f1-score": 0.6611570247933884,
        "support": 81.0
    },
    "2": {
        "precision": 0.5494505494505495,
        "recall": 0.6172839506172839,
        "f1-score": 0.5813953488372093,
        "support": 81.0
    },
    "3": {
        "precision": 0.7121212121212122,
        "recall": 0.5802469135802469,
        "f1-score": 0.6394557823129252,
        "support": 81.0
    },
    "4": {
        "precision": 0.704225352112676,
        "recall": 0.6172839506172839,
        "f1-score": 0.6578947368421053,
        "support": 81.0
    },
    "5": {
        "precision": 0.5694444444444444,
        "recall": 0.5061728395061729,
        "f1-score": 0.5359477124183006,
        "support": 81.0
    },
    "6": {
        "precision": 0.5102040816326531,
        "recall": 0.6172839506172839,
        "f1-score": 0.5586592178770949,
        "support": 81.0
    },
    "7": {
        "precision": 0.6352941176470588,
        "recall": 0.6666666666666666,
        "f1-score": 0.6506024096385542,
        "support": 81.0
    },
    "8": {
        "precision": 0.5267857142857143,
        "recall": 0.7283950617283951,
        "f1-score": 0.6113989637305699,
        "support": 81.0
    },
    "9": {
        "precision": 0.75,
        "recall": 0.7037037037037037,
        "f1-score": 0.7261146496815286,
        "support": 81.0
    },
    "micro avg": {
        "precision": 0.630098452883263,
        "recall": 0.6145404663923183,
        "f1-score": 0.6222222222222222,
        "support": 729.0
    },
    "macro avg": {
        "precision": 0.661947274632701,
        "recall": 0.6145404663923182,
        "f1-score": 0.6247362051257419,
        "support": 729.0
    },
    "weighted avg": {
        "precision": 0.6619472746327009,
        "recall": 0.6145404663923183,
        "f1-score": 0.6247362051257418,
        "support": 729.0
    },
    "accuracy": 0.6145404663923183
}