{
    "2": {
        "precision": 1.0,
        "recall": 0.22448979591836735,
        "f1-score": 0.36666666666666664,
        "support": 49.0
    },
    "3": {
        "precision": 0.391304347826087,
        "recall": 0.3673469387755102,
        "f1-score": 0.37894736842105264,
        "support": 49.0
    },
    "4": {
        "precision": 0.3076923076923077,
        "recall": 0.24489795918367346,
        "f1-score": 0.2727272727272727,
        "support": 49.0
    },
    "5": {
        "precision": 0.6470588235294118,
        "recall": 0.22448979591836735,
        "f1-score": 0.3333333333333333,
        "support": 49.0
    },
    "6": {
        "precision": 0.29577464788732394,
        "recall": 0.42857142857142855,
        "f1-score": 0.35,
        "support": 49.0
    },
    "7": {
        "precision": 0.35443037974683544,
        "recall": 0.5714285714285714,
        "f1-score": 0.4375,
        "support": 49.0
    },
    "8": {
        "precision": 0.2616822429906542,
        "recall": 0.5714285714285714,
        "f1-score": 0.358974358974359,
        "support": 49.0
    },
    "9": {
        "precision": 0.2727272727272727,
        "recall": 0.12244897959183673,
        "f1-score": 0.16901408450704225,
        "support": 49.0
    },
    "accuracy": 0.34438775510204084,
    "macro avg": {
        "precision": 0.4413337527999866,
        "recall": 0.3443877551020408,
        "f1-score": 0.3333953855787158,
        "support": 392.0
    },
    "weighted avg": {
        "precision": 0.44133375279998666,
        "recall": 0.34438775510204084,
        "f1-score": 0.3333953855787158,
        "support": 392.0
    }
}