{
    "2": {
        "precision": 1.0,
        "recall": 1.0,
        "f1-score": 1.0,
        "support": 49.0
    },
    "3": {
        "precision": 1.0,
        "recall": 0.9795918367346939,
        "f1-score": 0.9896907216494846,
        "support": 49.0
    },
    "4": {
        "precision": 0.98,
        "recall": 1.0,
        "f1-score": 0.98989898989899,
        "support": 49.0
    },
    "5": {
        "precision": 1.0,
        "recall": 0.5306122448979592,
        "f1-score": 0.6933333333333334,
        "support": 49.0
    },
    "6": {
        "precision": 0.8,
        "recall": 0.7346938775510204,
        "f1-score": 0.7659574468085106,
        "support": 49.0
    },
    "7": {
        "precision": 0.6216216216216216,
        "recall": 0.46938775510204084,
        "f1-score": 0.5348837209302325,
        "support": 49.0
    },
    "8": {
        "precision": 0.09090909090909091,
        "recall": 0.04081632653061224,
        "f1-score": 0.056338028169014086,
        "support": 49.0
    },
    "9": {
        "precision": 0.4260869565217391,
        "recall": 1.0,
        "f1-score": 0.5975609756097561,
        "support": 49.0
    },
    "accuracy": 0.7193877551020408,
    "macro avg": {
        "precision": 0.7398272086315565,
        "recall": 0.7193877551020409,
        "f1-score": 0.7034579020499152,
        "support": 392.0
    },
    "weighted avg": {
        "precision": 0.7398272086315564,
        "recall": 0.7193877551020408,
        "f1-score": 0.7034579020499151,
        "support": 392.0
    }
}