{
    "2": {
        "precision": 1.0,
        "recall": 0.9795918367346939,
        "f1-score": 0.9896907216494846,
        "support": 49.0
    },
    "3": {
        "precision": 0.5975609756097561,
        "recall": 1.0,
        "f1-score": 0.7480916030534351,
        "support": 49.0
    },
    "4": {
        "precision": 1.0,
        "recall": 0.24489795918367346,
        "f1-score": 0.39344262295081966,
        "support": 49.0
    },
    "5": {
        "precision": 0.45714285714285713,
        "recall": 0.9795918367346939,
        "f1-score": 0.6233766233766234,
        "support": 49.0
    },
    "6": {
        "precision": 0.0,
        "recall": 0.0,
        "f1-score": 0.0,
        "support": 49.0
    },
    "7": {
        "precision": 0.7619047619047619,
        "recall": 0.6530612244897959,
        "f1-score": 0.7032967032967034,
        "support": 49.0
    },
    "8": {
        "precision": 0.75,
        "recall": 0.061224489795918366,
        "f1-score": 0.11320754716981132,
        "support": 49.0
    },
    "9": {
        "precision": 0.494949494949495,
        "recall": 1.0,
        "f1-score": 0.6621621621621622,
        "support": 49.0
    },
    "accuracy": 0.6147959183673469,
    "macro avg": {
        "precision": 0.6326947612008588,
        "recall": 0.6147959183673469,
        "f1-score": 0.5291584979573799,
        "support": 392.0
    },
    "weighted avg": {
        "precision": 0.6326947612008588,
        "recall": 0.6147959183673469,
        "f1-score": 0.5291584979573799,
        "support": 392.0
    }
}