{
    "2": {
        "precision": 1.0,
        "recall": 1.0,
        "f1-score": 1.0,
        "support": 49.0
    },
    "3": {
        "precision": 1.0,
        "recall": 0.7346938775510204,
        "f1-score": 0.8470588235294118,
        "support": 49.0
    },
    "4": {
        "precision": 0.5833333333333334,
        "recall": 1.0,
        "f1-score": 0.7368421052631579,
        "support": 49.0
    },
    "5": {
        "precision": 1.0,
        "recall": 0.40816326530612246,
        "f1-score": 0.5797101449275363,
        "support": 49.0
    },
    "6": {
        "precision": 0.6575342465753424,
        "recall": 0.9795918367346939,
        "f1-score": 0.7868852459016393,
        "support": 49.0
    },
    "7": {
        "precision": 0.4583333333333333,
        "recall": 0.673469387755102,
        "f1-score": 0.5454545454545454,
        "support": 49.0
    },
    "8": {
        "precision": 0.4,
        "recall": 0.20408163265306123,
        "f1-score": 0.2702702702702703,
        "support": 49.0
    },
    "9": {
        "precision": 1.0,
        "recall": 0.673469387755102,
        "f1-score": 0.8048780487804879,
        "support": 49.0
    },
    "accuracy": 0.7091836734693877,
    "macro avg": {
        "precision": 0.7624001141552512,
        "recall": 0.7091836734693877,
        "f1-score": 0.6963873980158811,
        "support": 392.0
    },
    "weighted avg": {
        "precision": 0.7624001141552511,
        "recall": 0.7091836734693877,
        "f1-score": 0.696387398015881,
        "support": 392.0
    }
}