{
    "2": {
        "precision": 1.0,
        "recall": 0.673469387755102,
        "f1-score": 0.8048780487804879,
        "support": 49.0
    },
    "3": {
        "precision": 0.7777777777777778,
        "recall": 0.8571428571428571,
        "f1-score": 0.8155339805825242,
        "support": 49.0
    },
    "4": {
        "precision": 0.7592592592592593,
        "recall": 0.8367346938775511,
        "f1-score": 0.7961165048543689,
        "support": 49.0
    },
    "5": {
        "precision": 0.8,
        "recall": 0.6530612244897959,
        "f1-score": 0.7191011235955056,
        "support": 49.0
    },
    "6": {
        "precision": 0.47674418604651164,
        "recall": 0.8367346938775511,
        "f1-score": 0.6074074074074074,
        "support": 49.0
    },
    "7": {
        "precision": 0.3387096774193548,
        "recall": 0.42857142857142855,
        "f1-score": 0.3783783783783784,
        "support": 49.0
    },
    "8": {
        "precision": 0.25396825396825395,
        "recall": 0.32653061224489793,
        "f1-score": 0.2857142857142857,
        "support": 49.0
    },
    "9": {
        "precision": 0.0,
        "recall": 0.0,
        "f1-score": 0.0,
        "support": 49.0
    },
    "accuracy": 0.576530612244898,
    "macro avg": {
        "precision": 0.5508073943088947,
        "recall": 0.5765306122448979,
        "f1-score": 0.5508912161641197,
        "support": 392.0
    },
    "weighted avg": {
        "precision": 0.5508073943088947,
        "recall": 0.576530612244898,
        "f1-score": 0.5508912161641197,
        "support": 392.0
    }
}