{
    "2": {
        "precision": 1.0,
        "recall": 0.9591836734693877,
        "f1-score": 0.9791666666666666,
        "support": 49.0
    },
    "3": {
        "precision": 0.96,
        "recall": 0.9795918367346939,
        "f1-score": 0.9696969696969697,
        "support": 49.0
    },
    "4": {
        "precision": 0.9361702127659575,
        "recall": 0.8979591836734694,
        "f1-score": 0.9166666666666666,
        "support": 49.0
    },
    "5": {
        "precision": 0.9642857142857143,
        "recall": 0.5510204081632653,
        "f1-score": 0.7012987012987013,
        "support": 49.0
    },
    "6": {
        "precision": 0.6125,
        "recall": 1.0,
        "f1-score": 0.7596899224806202,
        "support": 49.0
    },
    "7": {
        "precision": 1.0,
        "recall": 0.32653061224489793,
        "f1-score": 0.49230769230769234,
        "support": 49.0
    },
    "8": {
        "precision": 0.4225352112676056,
        "recall": 0.6122448979591837,
        "f1-score": 0.5,
        "support": 49.0
    },
    "9": {
        "precision": 0.6415094339622641,
        "recall": 0.6938775510204082,
        "f1-score": 0.6666666666666666,
        "support": 49.0
    },
    "accuracy": 0.7525510204081632,
    "macro avg": {
        "precision": 0.8171250715351928,
        "recall": 0.7525510204081632,
        "f1-score": 0.7481866607229979,
        "support": 392.0
    },
    "weighted avg": {
        "precision": 0.8171250715351926,
        "recall": 0.7525510204081632,
        "f1-score": 0.7481866607229979,
        "support": 392.0
    }
}