{
    "2": {
        "precision": 1.0,
        "recall": 0.9795918367346939,
        "f1-score": 0.9896907216494846,
        "support": 49.0
    },
    "3": {
        "precision": 0.8275862068965517,
        "recall": 0.9795918367346939,
        "f1-score": 0.897196261682243,
        "support": 49.0
    },
    "4": {
        "precision": 0.96875,
        "recall": 0.6326530612244898,
        "f1-score": 0.7654320987654321,
        "support": 49.0
    },
    "5": {
        "precision": 0.5161290322580645,
        "recall": 0.9795918367346939,
        "f1-score": 0.676056338028169,
        "support": 49.0
    },
    "6": {
        "precision": 1.0,
        "recall": 0.02040816326530612,
        "f1-score": 0.04,
        "support": 49.0
    },
    "7": {
        "precision": 0.3141025641025641,
        "recall": 1.0,
        "f1-score": 0.47804878048780486,
        "support": 49.0
    },
    "8": {
        "precision": 0.0,
        "recall": 0.0,
        "f1-score": 0.0,
        "support": 49.0
    },
    "9": {
        "precision": 1.0,
        "recall": 0.061224489795918366,
        "f1-score": 0.11538461538461539,
        "support": 49.0
    },
    "accuracy": 0.5816326530612245,
    "macro avg": {
        "precision": 0.7033209754071474,
        "recall": 0.5816326530612245,
        "f1-score": 0.4952261019997186,
        "support": 392.0
    },
    "weighted avg": {
        "precision": 0.7033209754071474,
        "recall": 0.5816326530612245,
        "f1-score": 0.49522610199971856,
        "support": 392.0
    }
}