{
    "1": {
        "precision": 0.7105263157894737,
        "recall": 1.0,
        "f1-score": 0.8307692307692308,
        "support": 81.0
    },
    "2": {
        "precision": 1.0,
        "recall": 0.8641975308641975,
        "f1-score": 0.9271523178807947,
        "support": 81.0
    },
    "3": {
        "precision": 0.5298013245033113,
        "recall": 0.9876543209876543,
        "f1-score": 0.6896551724137931,
        "support": 81.0
    },
    "4": {
        "precision": 0.6875,
        "recall": 0.2716049382716049,
        "f1-score": 0.3893805309734513,
        "support": 81.0
    },
    "5": {
        "precision": 0.5163934426229508,
        "recall": 0.7777777777777778,
        "f1-score": 0.6206896551724138,
        "support": 81.0
    },
    "6": {
        "precision": 0.6666666666666666,
        "recall": 0.024691358024691357,
        "f1-score": 0.047619047619047616,
        "support": 81.0
    },
    "7": {
        "precision": 0.30434782608695654,
        "recall": 0.8641975308641975,
        "f1-score": 0.45016077170418006,
        "support": 81.0
    },
    "8": {
        "precision": 0.0,
        "recall": 0.0,
        "f1-score": 0.0,
        "support": 81.0
    },
    "9": {
        "precision": 0.8571428571428571,
        "recall": 0.07407407407407407,
        "f1-score": 0.13636363636363635,
        "support": 81.0
    },
    "accuracy": 0.5404663923182441,
    "macro avg": {
        "precision": 0.585819825868024,
        "recall": 0.5404663923182442,
        "f1-score": 0.454643373655172,
        "support": 729.0
    },
    "weighted avg": {
        "precision": 0.5858198258680241,
        "recall": 0.5404663923182441,
        "f1-score": 0.454643373655172,
        "support": 729.0
    }
}