{
    "2": {
        "precision": 0.0,
        "recall": 0.0,
        "f1-score": 0.0,
        "support": 49.0
    },
    "3": {
        "precision": 0.15384615384615385,
        "recall": 0.04081632653061224,
        "f1-score": 0.06451612903225806,
        "support": 49.0
    },
    "4": {
        "precision": 0.3081761006289308,
        "recall": 1.0,
        "f1-score": 0.47115384615384615,
        "support": 49.0
    },
    "5": {
        "precision": 0.0,
        "recall": 0.0,
        "f1-score": 0.0,
        "support": 49.0
    },
    "6": {
        "precision": 0.0,
        "recall": 0.0,
        "f1-score": 0.0,
        "support": 49.0
    },
    "7": {
        "precision": 0.0,
        "recall": 0.0,
        "f1-score": 0.0,
        "support": 49.0
    },
    "8": {
        "precision": 0.0,
        "recall": 0.0,
        "f1-score": 0.0,
        "support": 49.0
    },
    "9": {
        "precision": 0.22272727272727272,
        "recall": 1.0,
        "f1-score": 0.3643122676579926,
        "support": 49.0
    },
    "accuracy": 0.25510204081632654,
    "macro avg": {
        "precision": 0.08559369090029467,
        "recall": 0.25510204081632654,
        "f1-score": 0.11249778035551211,
        "support": 392.0
    },
    "weighted avg": {
        "precision": 0.08559369090029467,
        "recall": 0.25510204081632654,
        "f1-score": 0.1124977803555121,
        "support": 392.0
    }
}