{
    "2": {
        "precision": 1.0,
        "recall": 0.9591836734693877,
        "f1-score": 0.9791666666666666,
        "support": 49.0
    },
    "3": {
        "precision": 0.9545454545454546,
        "recall": 0.8571428571428571,
        "f1-score": 0.9032258064516129,
        "support": 49.0
    },
    "4": {
        "precision": 0.86,
        "recall": 0.8775510204081632,
        "f1-score": 0.8686868686868687,
        "support": 49.0
    },
    "5": {
        "precision": 0.8125,
        "recall": 0.7959183673469388,
        "f1-score": 0.8041237113402062,
        "support": 49.0
    },
    "6": {
        "precision": 0.75,
        "recall": 0.42857142857142855,
        "f1-score": 0.5454545454545454,
        "support": 49.0
    },
    "7": {
        "precision": 0.4666666666666667,
        "recall": 0.7142857142857143,
        "f1-score": 0.5645161290322581,
        "support": 49.0
    },
    "8": {
        "precision": 0.5,
        "recall": 0.5102040816326531,
        "f1-score": 0.5050505050505051,
        "support": 49.0
    },
    "9": {
        "precision": 0.74,
        "recall": 0.7551020408163265,
        "f1-score": 0.7474747474747475,
        "support": 49.0
    },
    "accuracy": 0.7372448979591837,
    "macro avg": {
        "precision": 0.7604640151515152,
        "recall": 0.7372448979591837,
        "f1-score": 0.7397123725196764,
        "support": 392.0
    },
    "weighted avg": {
        "precision": 0.7604640151515152,
        "recall": 0.7372448979591837,
        "f1-score": 0.7397123725196764,
        "support": 392.0
    }
}