{
    "2": {
        "precision": 1.0,
        "recall": 1.0,
        "f1-score": 1.0,
        "support": 49.0
    },
    "3": {
        "precision": 1.0,
        "recall": 0.673469387755102,
        "f1-score": 0.8048780487804879,
        "support": 49.0
    },
    "4": {
        "precision": 0.6712328767123288,
        "recall": 1.0,
        "f1-score": 0.8032786885245902,
        "support": 49.0
    },
    "5": {
        "precision": 1.0,
        "recall": 0.4897959183673469,
        "f1-score": 0.6575342465753424,
        "support": 49.0
    },
    "6": {
        "precision": 0.7230769230769231,
        "recall": 0.9591836734693877,
        "f1-score": 0.8245614035087719,
        "support": 49.0
    },
    "7": {
        "precision": 0.5,
        "recall": 0.7142857142857143,
        "f1-score": 0.5882352941176471,
        "support": 49.0
    },
    "8": {
        "precision": 0.4642857142857143,
        "recall": 0.2653061224489796,
        "f1-score": 0.33766233766233766,
        "support": 49.0
    },
    "9": {
        "precision": 0.86,
        "recall": 0.8775510204081632,
        "f1-score": 0.8686868686868687,
        "support": 49.0
    },
    "accuracy": 0.7474489795918368,
    "macro avg": {
        "precision": 0.7773244392593708,
        "recall": 0.7474489795918368,
        "f1-score": 0.7356046109820058,
        "support": 392.0
    },
    "weighted avg": {
        "precision": 0.7773244392593707,
        "recall": 0.7474489795918368,
        "f1-score": 0.7356046109820057,
        "support": 392.0
    }
}