{
    "2": {
        "precision": 0.1504424778761062,
        "recall": 0.3469387755102041,
        "f1-score": 0.20987654320987653,
        "support": 49.0
    },
    "3": {
        "precision": 0.43820224719101125,
        "recall": 0.7959183673469388,
        "f1-score": 0.5652173913043478,
        "support": 49.0
    },
    "4": {
        "precision": 0.17142857142857143,
        "recall": 0.6122448979591837,
        "f1-score": 0.26785714285714285,
        "support": 49.0
    },
    "5": {
        "precision": 0.06666666666666667,
        "recall": 0.02040816326530612,
        "f1-score": 0.03125,
        "support": 49.0
    },
    "6": {
        "precision": 0.0,
        "recall": 0.0,
        "f1-score": 0.0,
        "support": 49.0
    },
    "7": {
        "precision": 0.0,
        "recall": 0.0,
        "f1-score": 0.0,
        "support": 49.0
    },
    "8": {
        "precision": 0.0,
        "recall": 0.0,
        "f1-score": 0.0,
        "support": 49.0
    },
    "9": {
        "precision": 0.0,
        "recall": 0.0,
        "f1-score": 0.0,
        "support": 49.0
    },
    "accuracy": 0.22193877551020408,
    "macro avg": {
        "precision": 0.10334249539529444,
        "recall": 0.22193877551020408,
        "f1-score": 0.13427513467142088,
        "support": 392.0
    },
    "weighted avg": {
        "precision": 0.10334249539529446,
        "recall": 0.22193877551020408,
        "f1-score": 0.1342751346714209,
        "support": 392.0
    }
}