{
    "2": {
        "precision": 0.9714285714285714,
        "recall": 0.6938775510204082,
        "f1-score": 0.8095238095238095,
        "support": 49.0
    },
    "3": {
        "precision": 0.6470588235294118,
        "recall": 0.673469387755102,
        "f1-score": 0.66,
        "support": 49.0
    },
    "4": {
        "precision": 0.4634146341463415,
        "recall": 0.3877551020408163,
        "f1-score": 0.4222222222222222,
        "support": 49.0
    },
    "5": {
        "precision": 0.46551724137931033,
        "recall": 0.5510204081632653,
        "f1-score": 0.5046728971962616,
        "support": 49.0
    },
    "6": {
        "precision": 0.22727272727272727,
        "recall": 0.10204081632653061,
        "f1-score": 0.14084507042253522,
        "support": 49.0
    },
    "7": {
        "precision": 0.0,
        "recall": 0.0,
        "f1-score": 0.0,
        "support": 49.0
    },
    "8": {
        "precision": 0.24666666666666667,
        "recall": 0.7551020408163265,
        "f1-score": 0.37185929648241206,
        "support": 49.0
    },
    "9": {
        "precision": 0.29411764705882354,
        "recall": 0.20408163265306123,
        "f1-score": 0.24096385542168675,
        "support": 49.0
    },
    "accuracy": 0.42091836734693877,
    "macro avg": {
        "precision": 0.4144345389352316,
        "recall": 0.4209183673469387,
        "f1-score": 0.3937608939086159,
        "support": 392.0
    },
    "weighted avg": {
        "precision": 0.4144345389352315,
        "recall": 0.42091836734693877,
        "f1-score": 0.3937608939086159,
        "support": 392.0
    }
}