{
    "2": {
        "precision": 1.0,
        "recall": 0.9591836734693877,
        "f1-score": 0.9791666666666666,
        "support": 49.0
    },
    "3": {
        "precision": 0.9795918367346939,
        "recall": 0.9795918367346939,
        "f1-score": 0.9795918367346939,
        "support": 49.0
    },
    "4": {
        "precision": 0.8867924528301887,
        "recall": 0.9591836734693877,
        "f1-score": 0.9215686274509803,
        "support": 49.0
    },
    "5": {
        "precision": 1.0,
        "recall": 0.2857142857142857,
        "f1-score": 0.4444444444444444,
        "support": 49.0
    },
    "6": {
        "precision": 0.39215686274509803,
        "recall": 0.40816326530612246,
        "f1-score": 0.4,
        "support": 49.0
    },
    "7": {
        "precision": 0.0,
        "recall": 0.0,
        "f1-score": 0.0,
        "support": 49.0
    },
    "8": {
        "precision": 0.10256410256410256,
        "recall": 0.16326530612244897,
        "f1-score": 0.12598425196850394,
        "support": 49.0
    },
    "9": {
        "precision": 0.4375,
        "recall": 0.8571428571428571,
        "f1-score": 0.5793103448275863,
        "support": 49.0
    },
    "accuracy": 0.576530612244898,
    "macro avg": {
        "precision": 0.5998256568592604,
        "recall": 0.576530612244898,
        "f1-score": 0.5537582715116094,
        "support": 392.0
    },
    "weighted avg": {
        "precision": 0.5998256568592604,
        "recall": 0.576530612244898,
        "f1-score": 0.5537582715116094,
        "support": 392.0
    }
}