{
    "2": {
        "precision": 0.9815281276238456,
        "recall": 0.9940476190476191,
        "f1-score": 0.9877482044782425,
        "support": 1176.0
    },
    "3": {
        "precision": 0.966131907308378,
        "recall": 0.9217687074829932,
        "f1-score": 0.9434290687554395,
        "support": 1176.0
    },
    "4": {
        "precision": 0.6214324178782983,
        "recall": 0.9812925170068028,
        "f1-score": 0.7609627431585888,
        "support": 1176.0
    },
    "5": {
        "precision": 0.5203488372093024,
        "recall": 0.45663265306122447,
        "f1-score": 0.48641304347826086,
        "support": 1176.0
    },
    "6": {
        "precision": 0.5280103026400516,
        "recall": 0.6972789115646258,
        "f1-score": 0.6009527299377061,
        "support": 1176.0
    },
    "7": {
        "precision": 0.3630308076602831,
        "recall": 0.3707482993197279,
        "f1-score": 0.3668489692890198,
        "support": 1176.0
    },
    "8": {
        "precision": 0.27800829875518673,
        "recall": 0.05697278911564626,
        "f1-score": 0.09456598447424136,
        "support": 1176.0
    },
    "9": {
        "precision": 0.7250206440957886,
        "recall": 0.7465986394557823,
        "f1-score": 0.7356514453288647,
        "support": 1176.0
    },
    "accuracy": 0.6531675170068028,
    "macro avg": {
        "precision": 0.6229389178963918,
        "recall": 0.6531675170068028,
        "f1-score": 0.6220715236125455,
        "support": 9408.0
    },
    "weighted avg": {
        "precision": 0.6229389178963917,
        "recall": 0.6531675170068028,
        "f1-score": 0.6220715236125455,
        "support": 9408.0
    }
}