{
    "1": {
        "precision": 1.0,
        "recall": 1.0,
        "f1-score": 1.0,
        "support": 81.0
    },
    "2": {
        "precision": 1.0,
        "recall": 0.9506172839506173,
        "f1-score": 0.9746835443037974,
        "support": 81.0
    },
    "3": {
        "precision": 0.9240506329113924,
        "recall": 0.9012345679012346,
        "f1-score": 0.9125,
        "support": 81.0
    },
    "4": {
        "precision": 0.8314606741573034,
        "recall": 0.9135802469135802,
        "f1-score": 0.8705882352941177,
        "support": 81.0
    },
    "5": {
        "precision": 0.7282608695652174,
        "recall": 0.8271604938271605,
        "f1-score": 0.7745664739884393,
        "support": 81.0
    },
    "6": {
        "precision": 0.72,
        "recall": 0.4444444444444444,
        "f1-score": 0.549618320610687,
        "support": 81.0
    },
    "7": {
        "precision": 0.48031496062992124,
        "recall": 0.7530864197530864,
        "f1-score": 0.5865384615384616,
        "support": 81.0
    },
    "8": {
        "precision": 0.43820224719101125,
        "recall": 0.48148148148148145,
        "f1-score": 0.4588235294117647,
        "support": 81.0
    },
    "9": {
        "precision": 0.7333333333333333,
        "recall": 0.4074074074074074,
        "f1-score": 0.5238095238095238,
        "support": 81.0
    },
    "accuracy": 0.7421124828532236,
    "macro avg": {
        "precision": 0.7617358575320199,
        "recall": 0.7421124828532235,
        "f1-score": 0.7390142321063101,
        "support": 729.0
    },
    "weighted avg": {
        "precision": 0.7617358575320199,
        "recall": 0.7421124828532236,
        "f1-score": 0.7390142321063101,
        "support": 729.0
    }
}