{
    "1": {
        "precision": 1.0,
        "recall": 1.0,
        "f1-score": 1.0,
        "support": 81.0
    },
    "2": {
        "precision": 1.0,
        "recall": 0.8765432098765432,
        "f1-score": 0.9342105263157895,
        "support": 81.0
    },
    "3": {
        "precision": 0.8571428571428571,
        "recall": 0.8148148148148148,
        "f1-score": 0.8354430379746836,
        "support": 81.0
    },
    "4": {
        "precision": 0.8045977011494253,
        "recall": 0.8641975308641975,
        "f1-score": 0.8333333333333334,
        "support": 81.0
    },
    "5": {
        "precision": 0.8170731707317073,
        "recall": 0.8271604938271605,
        "f1-score": 0.8220858895705522,
        "support": 81.0
    },
    "6": {
        "precision": 0.7209302325581395,
        "recall": 0.38271604938271603,
        "f1-score": 0.5,
        "support": 81.0
    },
    "7": {
        "precision": 0.43283582089552236,
        "recall": 0.7160493827160493,
        "f1-score": 0.5395348837209303,
        "support": 81.0
    },
    "8": {
        "precision": 0.42045454545454547,
        "recall": 0.4567901234567901,
        "f1-score": 0.4378698224852071,
        "support": 81.0
    },
    "9": {
        "precision": 0.6212121212121212,
        "recall": 0.5061728395061729,
        "f1-score": 0.5578231292517006,
        "support": 81.0
    },
    "accuracy": 0.7160493827160493,
    "macro avg": {
        "precision": 0.7415829387938131,
        "recall": 0.7160493827160495,
        "f1-score": 0.7178111802946886,
        "support": 729.0
    },
    "weighted avg": {
        "precision": 0.7415829387938132,
        "recall": 0.7160493827160493,
        "f1-score": 0.7178111802946886,
        "support": 729.0
    }
}