{
    "1": {
        "precision": 0.22285714285714286,
        "recall": 0.9629629629629629,
        "f1-score": 0.3619489559164733,
        "support": 81.0
    },
    "2": {
        "precision": 0.925,
        "recall": 0.9135802469135802,
        "f1-score": 0.9192546583850931,
        "support": 81.0
    },
    "3": {
        "precision": 0.8202247191011236,
        "recall": 0.9012345679012346,
        "f1-score": 0.8588235294117647,
        "support": 81.0
    },
    "4": {
        "precision": 0.8636363636363636,
        "recall": 0.7037037037037037,
        "f1-score": 0.7755102040816326,
        "support": 81.0
    },
    "5": {
        "precision": 0.6756756756756757,
        "recall": 0.6172839506172839,
        "f1-score": 0.6451612903225806,
        "support": 81.0
    },
    "6": {
        "precision": 0.8,
        "recall": 0.2962962962962963,
        "f1-score": 0.43243243243243246,
        "support": 81.0
    },
    "7": {
        "precision": 0.5555555555555556,
        "recall": 0.24691358024691357,
        "f1-score": 0.3418803418803419,
        "support": 81.0
    },
    "8": {
        "precision": 0.0,
        "recall": 0.0,
        "f1-score": 0.0,
        "support": 81.0
    },
    "9": {
        "precision": 0.5,
        "recall": 0.012345679012345678,
        "f1-score": 0.024096385542168676,
        "support": 81.0
    },
    "accuracy": 0.5171467764060357,
    "macro avg": {
        "precision": 0.5958832729806514,
        "recall": 0.5171467764060356,
        "f1-score": 0.484345310885832,
        "support": 729.0
    },
    "weighted avg": {
        "precision": 0.5958832729806514,
        "recall": 0.5171467764060357,
        "f1-score": 0.4843453108858319,
        "support": 729.0
    }
}