{
    "1": {
        "precision": 1.0,
        "recall": 0.48148148148148145,
        "f1-score": 0.65,
        "support": 81.0
    },
    "2": {
        "precision": 0.5227272727272727,
        "recall": 0.5679012345679012,
        "f1-score": 0.5443786982248521,
        "support": 81.0
    },
    "3": {
        "precision": 0.6829268292682927,
        "recall": 0.691358024691358,
        "f1-score": 0.6871165644171779,
        "support": 81.0
    },
    "4": {
        "precision": 0.6962025316455697,
        "recall": 0.6790123456790124,
        "f1-score": 0.6875,
        "support": 81.0
    },
    "5": {
        "precision": 0.7457627118644068,
        "recall": 0.5432098765432098,
        "f1-score": 0.6285714285714286,
        "support": 81.0
    },
    "6": {
        "precision": 0.4846153846153846,
        "recall": 0.7777777777777778,
        "f1-score": 0.5971563981042654,
        "support": 81.0
    },
    "7": {
        "precision": 0.43283582089552236,
        "recall": 0.7160493827160493,
        "f1-score": 0.5395348837209303,
        "support": 81.0
    },
    "8": {
        "precision": 0.5,
        "recall": 0.4074074074074074,
        "f1-score": 0.4489795918367347,
        "support": 81.0
    },
    "9": {
        "precision": 0.6923076923076923,
        "recall": 0.4444444444444444,
        "f1-score": 0.5413533834586466,
        "support": 81.0
    },
    "accuracy": 0.5898491083676269,
    "macro avg": {
        "precision": 0.6397086937026824,
        "recall": 0.5898491083676269,
        "f1-score": 0.5916212164815595,
        "support": 729.0
    },
    "weighted avg": {
        "precision": 0.6397086937026824,
        "recall": 0.5898491083676269,
        "f1-score": 0.5916212164815595,
        "support": 729.0
    }
}