{
    "2": {
        "precision": 1.0,
        "recall": 1.0,
        "f1-score": 1.0,
        "support": 49.0
    },
    "3": {
        "precision": 1.0,
        "recall": 0.6938775510204082,
        "f1-score": 0.8192771084337349,
        "support": 49.0
    },
    "4": {
        "precision": 0.6447368421052632,
        "recall": 1.0,
        "f1-score": 0.784,
        "support": 49.0
    },
    "5": {
        "precision": 1.0,
        "recall": 0.4489795918367347,
        "f1-score": 0.6197183098591549,
        "support": 49.0
    },
    "6": {
        "precision": 0.7058823529411765,
        "recall": 0.9795918367346939,
        "f1-score": 0.8205128205128205,
        "support": 49.0
    },
    "7": {
        "precision": 0.4852941176470588,
        "recall": 0.673469387755102,
        "f1-score": 0.5641025641025641,
        "support": 49.0
    },
    "8": {
        "precision": 0.43478260869565216,
        "recall": 0.20408163265306123,
        "f1-score": 0.2777777777777778,
        "support": 49.0
    },
    "9": {
        "precision": 0.8269230769230769,
        "recall": 0.8775510204081632,
        "f1-score": 0.8514851485148515,
        "support": 49.0
    },
    "accuracy": 0.7346938775510204,
    "macro avg": {
        "precision": 0.7622023747890285,
        "recall": 0.7346938775510203,
        "f1-score": 0.7171092161501129,
        "support": 392.0
    },
    "weighted avg": {
        "precision": 0.7622023747890285,
        "recall": 0.7346938775510204,
        "f1-score": 0.717109216150113,
        "support": 392.0
    }
}