{
    "1": {
        "precision": 1.0,
        "recall": 0.4567901234567901,
        "f1-score": 0.6271186440677966,
        "support": 81.0
    },
    "2": {
        "precision": 0.4634146341463415,
        "recall": 0.4691358024691358,
        "f1-score": 0.4662576687116564,
        "support": 81.0
    },
    "3": {
        "precision": 0.6052631578947368,
        "recall": 0.5679012345679012,
        "f1-score": 0.5859872611464968,
        "support": 81.0
    },
    "4": {
        "precision": 0.5211267605633803,
        "recall": 0.4567901234567901,
        "f1-score": 0.4868421052631579,
        "support": 81.0
    },
    "5": {
        "precision": 0.4857142857142857,
        "recall": 0.41975308641975306,
        "f1-score": 0.4503311258278146,
        "support": 81.0
    },
    "6": {
        "precision": 0.4745762711864407,
        "recall": 0.691358024691358,
        "f1-score": 0.5628140703517588,
        "support": 81.0
    },
    "7": {
        "precision": 0.44680851063829785,
        "recall": 0.7777777777777778,
        "f1-score": 0.5675675675675675,
        "support": 81.0
    },
    "8": {
        "precision": 0.5079365079365079,
        "recall": 0.3950617283950617,
        "f1-score": 0.4444444444444444,
        "support": 81.0
    },
    "9": {
        "precision": 0.6338028169014085,
        "recall": 0.5555555555555556,
        "f1-score": 0.5921052631578947,
        "support": 81.0
    },
    "accuracy": 0.532235939643347,
    "macro avg": {
        "precision": 0.5709603272201554,
        "recall": 0.532235939643347,
        "f1-score": 0.5314964611709542,
        "support": 729.0
    },
    "weighted avg": {
        "precision": 0.5709603272201554,
        "recall": 0.532235939643347,
        "f1-score": 0.5314964611709542,
        "support": 729.0
    }
}