{
    "2": {
        "precision": 1.0,
        "recall": 0.9183673469387755,
        "f1-score": 0.9574468085106383,
        "support": 49.0
    },
    "3": {
        "precision": 1.0,
        "recall": 0.8571428571428571,
        "f1-score": 0.9230769230769231,
        "support": 49.0
    },
    "4": {
        "precision": 0.8157894736842105,
        "recall": 0.6326530612244898,
        "f1-score": 0.7126436781609196,
        "support": 49.0
    },
    "5": {
        "precision": 0.8518518518518519,
        "recall": 0.46938775510204084,
        "f1-score": 0.6052631578947368,
        "support": 49.0
    },
    "6": {
        "precision": 0.3968253968253968,
        "recall": 0.5102040816326531,
        "f1-score": 0.44642857142857145,
        "support": 49.0
    },
    "7": {
        "precision": 0.75,
        "recall": 0.5510204081632653,
        "f1-score": 0.6352941176470588,
        "support": 49.0
    },
    "8": {
        "precision": 0.30612244897959184,
        "recall": 0.6122448979591837,
        "f1-score": 0.40816326530612246,
        "support": 49.0
    },
    "9": {
        "precision": 0.6511627906976745,
        "recall": 0.5714285714285714,
        "f1-score": 0.6086956521739131,
        "support": 49.0
    },
    "accuracy": 0.6403061224489796,
    "macro avg": {
        "precision": 0.7214689952548407,
        "recall": 0.6403061224489797,
        "f1-score": 0.6621265217748604,
        "support": 392.0
    },
    "weighted avg": {
        "precision": 0.7214689952548407,
        "recall": 0.6403061224489796,
        "f1-score": 0.6621265217748605,
        "support": 392.0
    }
}