{
    "2": {
        "precision": 1.0,
        "recall": 0.9855442176870748,
        "f1-score": 0.9927194860813704,
        "support": 1176.0
    },
    "3": {
        "precision": 0.9230072463768116,
        "recall": 0.8664965986394558,
        "f1-score": 0.893859649122807,
        "support": 1176.0
    },
    "4": {
        "precision": 0.8378588052754073,
        "recall": 0.9183673469387755,
        "f1-score": 0.8762677484787018,
        "support": 1176.0
    },
    "5": {
        "precision": 0.9854368932038835,
        "recall": 0.34523809523809523,
        "f1-score": 0.5113350125944585,
        "support": 1176.0
    },
    "6": {
        "precision": 0.4473684210526316,
        "recall": 0.5059523809523809,
        "f1-score": 0.4748603351955307,
        "support": 1176.0
    },
    "7": {
        "precision": 0.4541284403669725,
        "recall": 0.08418367346938775,
        "f1-score": 0.14203730272596843,
        "support": 1176.0
    },
    "8": {
        "precision": 0.1687797147385103,
        "recall": 0.18112244897959184,
        "f1-score": 0.17473338802296964,
        "support": 1176.0
    },
    "9": {
        "precision": 0.40144322066084315,
        "recall": 0.8988095238095238,
        "f1-score": 0.5550013126804936,
        "support": 1176.0
    },
    "micro avg": {
        "precision": 0.5982778781758266,
        "recall": 0.5982142857142857,
        "f1-score": 0.5982460802551156,
        "support": 9408.0
    },
    "macro avg": {
        "precision": 0.6522528427093824,
        "recall": 0.5982142857142857,
        "f1-score": 0.5776017793627874,
        "support": 9408.0
    },
    "weighted avg": {
        "precision": 0.6522528427093824,
        "recall": 0.5982142857142857,
        "f1-score": 0.5776017793627874,
        "support": 9408.0
    },
    "accuracy": 0.5982142857142857
}