{
    "1": {
        "precision": 0.9878048780487805,
        "recall": 1.0,
        "f1-score": 0.9938650306748467,
        "support": 81.0
    },
    "2": {
        "precision": 0.8507462686567164,
        "recall": 0.7037037037037037,
        "f1-score": 0.7702702702702703,
        "support": 81.0
    },
    "3": {
        "precision": 0.4772727272727273,
        "recall": 0.7777777777777778,
        "f1-score": 0.5915492957746479,
        "support": 81.0
    },
    "4": {
        "precision": 0.3870967741935484,
        "recall": 0.2962962962962963,
        "f1-score": 0.3356643356643357,
        "support": 81.0
    },
    "5": {
        "precision": 0.3333333333333333,
        "recall": 0.2716049382716049,
        "f1-score": 0.29931972789115646,
        "support": 81.0
    },
    "6": {
        "precision": 0.34146341463414637,
        "recall": 0.1728395061728395,
        "f1-score": 0.22950819672131148,
        "support": 81.0
    },
    "7": {
        "precision": 0.0,
        "recall": 0.0,
        "f1-score": 0.0,
        "support": 81.0
    },
    "8": {
        "precision": 0.25,
        "recall": 0.5061728395061729,
        "f1-score": 0.3346938775510204,
        "support": 81.0
    },
    "9": {
        "precision": 0.2956521739130435,
        "recall": 0.41975308641975306,
        "f1-score": 0.3469387755102041,
        "support": 81.0
    },
    "accuracy": 0.4609053497942387,
    "macro avg": {
        "precision": 0.4359299522280329,
        "recall": 0.46090534979423864,
        "f1-score": 0.43353439000642147,
        "support": 729.0
    },
    "weighted avg": {
        "precision": 0.4359299522280328,
        "recall": 0.4609053497942387,
        "f1-score": 0.4335343900064214,
        "support": 729.0
    }
}