{
    "2": {
        "precision": 1.0,
        "recall": 0.9387755102040817,
        "f1-score": 0.968421052631579,
        "support": 49.0
    },
    "3": {
        "precision": 0.7205882352941176,
        "recall": 1.0,
        "f1-score": 0.8376068376068376,
        "support": 49.0
    },
    "4": {
        "precision": 0.9705882352941176,
        "recall": 0.673469387755102,
        "f1-score": 0.7951807228915663,
        "support": 49.0
    },
    "5": {
        "precision": 0.8571428571428571,
        "recall": 0.9795918367346939,
        "f1-score": 0.9142857142857143,
        "support": 49.0
    },
    "6": {
        "precision": 1.0,
        "recall": 0.6326530612244898,
        "f1-score": 0.775,
        "support": 49.0
    },
    "7": {
        "precision": 0.5529411764705883,
        "recall": 0.9591836734693877,
        "f1-score": 0.7014925373134329,
        "support": 49.0
    },
    "8": {
        "precision": 0.0,
        "recall": 0.0,
        "f1-score": 0.0,
        "support": 49.0
    },
    "9": {
        "precision": 0.6666666666666666,
        "recall": 0.9795918367346939,
        "f1-score": 0.7933884297520661,
        "support": 49.0
    },
    "accuracy": 0.7704081632653061,
    "macro avg": {
        "precision": 0.7209908963585434,
        "recall": 0.7704081632653061,
        "f1-score": 0.7231719118101495,
        "support": 392.0
    },
    "weighted avg": {
        "precision": 0.7209908963585434,
        "recall": 0.7704081632653061,
        "f1-score": 0.7231719118101495,
        "support": 392.0
    }
}