{
    "1": {
        "precision": 1.0,
        "recall": 1.0,
        "f1-score": 1.0,
        "support": 243.0
    },
    "2": {
        "precision": 0.9642857142857143,
        "recall": 1.0,
        "f1-score": 0.9818181818181818,
        "support": 243.0
    },
    "3": {
        "precision": 0.928,
        "recall": 0.9547325102880658,
        "f1-score": 0.9411764705882353,
        "support": 243.0
    },
    "4": {
        "precision": 0.9772727272727273,
        "recall": 0.7078189300411523,
        "f1-score": 0.8210023866348448,
        "support": 243.0
    },
    "5": {
        "precision": 0.7647058823529411,
        "recall": 0.37448559670781895,
        "f1-score": 0.5027624309392266,
        "support": 243.0
    },
    "6": {
        "precision": 0.3807266982622433,
        "recall": 0.9917695473251029,
        "f1-score": 0.5502283105022832,
        "support": 243.0
    },
    "7": {
        "precision": 0.2713178294573643,
        "recall": 0.2880658436213992,
        "f1-score": 0.27944111776447106,
        "support": 243.0
    },
    "8": {
        "precision": 0.3854166666666667,
        "recall": 0.1522633744855967,
        "f1-score": 0.2182890855457227,
        "support": 243.0
    },
    "9": {
        "precision": 0.83125,
        "recall": 0.5473251028806584,
        "f1-score": 0.6600496277915633,
        "support": 243.0
    },
    "accuracy": 0.6684956561499772,
    "macro avg": {
        "precision": 0.7225528353664064,
        "recall": 0.6684956561499772,
        "f1-score": 0.6616408457316143,
        "support": 2187.0
    },
    "weighted avg": {
        "precision": 0.7225528353664064,
        "recall": 0.6684956561499772,
        "f1-score": 0.6616408457316143,
        "support": 2187.0
    }
}