{
    "2": {
        "precision": 1.0,
        "recall": 1.0,
        "f1-score": 1.0,
        "support": 49.0
    },
    "3": {
        "precision": 0.9074074074074074,
        "recall": 1.0,
        "f1-score": 0.9514563106796117,
        "support": 49.0
    },
    "4": {
        "precision": 0.9166666666666666,
        "recall": 0.8979591836734694,
        "f1-score": 0.9072164948453608,
        "support": 49.0
    },
    "5": {
        "precision": 0.9722222222222222,
        "recall": 0.7142857142857143,
        "f1-score": 0.8235294117647058,
        "support": 49.0
    },
    "6": {
        "precision": 0.631578947368421,
        "recall": 0.9795918367346939,
        "f1-score": 0.768,
        "support": 49.0
    },
    "7": {
        "precision": 0.8,
        "recall": 0.5714285714285714,
        "f1-score": 0.6666666666666666,
        "support": 49.0
    },
    "8": {
        "precision": 0.76,
        "recall": 0.3877551020408163,
        "f1-score": 0.5135135135135135,
        "support": 49.0
    },
    "9": {
        "precision": 0.6811594202898551,
        "recall": 0.9591836734693877,
        "f1-score": 0.7966101694915254,
        "support": 49.0
    },
    "accuracy": 0.8137755102040817,
    "macro avg": {
        "precision": 0.8336293329943216,
        "recall": 0.8137755102040817,
        "f1-score": 0.8033740708701731,
        "support": 392.0
    },
    "weighted avg": {
        "precision": 0.8336293329943214,
        "recall": 0.8137755102040817,
        "f1-score": 0.803374070870173,
        "support": 392.0
    }
}