{
    "1": {
        "precision": 0.24615384615384617,
        "recall": 0.9876543209876543,
        "f1-score": 0.39408866995073893,
        "support": 81.0
    },
    "2": {
        "precision": 0.9466666666666667,
        "recall": 0.8765432098765432,
        "f1-score": 0.9102564102564102,
        "support": 81.0
    },
    "3": {
        "precision": 0.7888888888888889,
        "recall": 0.8765432098765432,
        "f1-score": 0.8304093567251462,
        "support": 81.0
    },
    "4": {
        "precision": 0.803921568627451,
        "recall": 0.5061728395061729,
        "f1-score": 0.6212121212121212,
        "support": 81.0
    },
    "5": {
        "precision": 0.5813953488372093,
        "recall": 0.6172839506172839,
        "f1-score": 0.5988023952095808,
        "support": 81.0
    },
    "6": {
        "precision": 0.5882352941176471,
        "recall": 0.12345679012345678,
        "f1-score": 0.20408163265306123,
        "support": 81.0
    },
    "7": {
        "precision": 0.4246575342465753,
        "recall": 0.38271604938271603,
        "f1-score": 0.4025974025974026,
        "support": 81.0
    },
    "8": {
        "precision": 1.0,
        "recall": 0.012345679012345678,
        "f1-score": 0.024390243902439025,
        "support": 81.0
    },
    "9": {
        "precision": 0.6363636363636364,
        "recall": 0.08641975308641975,
        "f1-score": 0.15217391304347827,
        "support": 81.0
    },
    "accuracy": 0.49657064471879286,
    "macro avg": {
        "precision": 0.6684758648779913,
        "recall": 0.4965706447187929,
        "f1-score": 0.4597791272833754,
        "support": 729.0
    },
    "weighted avg": {
        "precision": 0.6684758648779913,
        "recall": 0.49657064471879286,
        "f1-score": 0.45977912728337544,
        "support": 729.0
    }
}