{
    "1": {
        "precision": 1.0,
        "recall": 1.0,
        "f1-score": 1.0,
        "support": 81.0
    },
    "2": {
        "precision": 0.8055555555555556,
        "recall": 0.35802469135802467,
        "f1-score": 0.49572649572649574,
        "support": 81.0
    },
    "3": {
        "precision": 0.4046242774566474,
        "recall": 0.8641975308641975,
        "f1-score": 0.5511811023622047,
        "support": 81.0
    },
    "4": {
        "precision": 0.4430379746835443,
        "recall": 0.43209876543209874,
        "f1-score": 0.4375,
        "support": 81.0
    },
    "5": {
        "precision": 0.3235294117647059,
        "recall": 0.13580246913580246,
        "f1-score": 0.19130434782608696,
        "support": 81.0
    },
    "6": {
        "precision": 0.2641509433962264,
        "recall": 0.1728395061728395,
        "f1-score": 0.208955223880597,
        "support": 81.0
    },
    "7": {
        "precision": 0.0,
        "recall": 0.0,
        "f1-score": 0.0,
        "support": 81.0
    },
    "8": {
        "precision": 0.26570048309178745,
        "recall": 0.6790123456790124,
        "f1-score": 0.3819444444444444,
        "support": 81.0
    },
    "9": {
        "precision": 0.3181818181818182,
        "recall": 0.25925925925925924,
        "f1-score": 0.2857142857142857,
        "support": 81.0
    },
    "accuracy": 0.4334705075445816,
    "macro avg": {
        "precision": 0.42497560712558724,
        "recall": 0.4334705075445816,
        "f1-score": 0.3947028777726794,
        "support": 729.0
    },
    "weighted avg": {
        "precision": 0.42497560712558724,
        "recall": 0.4334705075445816,
        "f1-score": 0.39470287777267943,
        "support": 729.0
    }
}