{
    "2": {
        "precision": 1.0,
        "recall": 0.1836734693877551,
        "f1-score": 0.3103448275862069,
        "support": 49.0
    },
    "3": {
        "precision": 0.2,
        "recall": 0.16326530612244897,
        "f1-score": 0.1797752808988764,
        "support": 49.0
    },
    "4": {
        "precision": 0.14545454545454545,
        "recall": 0.16326530612244897,
        "f1-score": 0.15384615384615385,
        "support": 49.0
    },
    "5": {
        "precision": 0.0,
        "recall": 0.0,
        "f1-score": 0.0,
        "support": 49.0
    },
    "6": {
        "precision": 0.2677595628415301,
        "recall": 1.0,
        "f1-score": 0.4224137931034483,
        "support": 49.0
    },
    "7": {
        "precision": 0.0,
        "recall": 0.0,
        "f1-score": 0.0,
        "support": 49.0
    },
    "8": {
        "precision": 0.0,
        "recall": 0.0,
        "f1-score": 0.0,
        "support": 49.0
    },
    "9": {
        "precision": 0.45544554455445546,
        "recall": 0.9387755102040817,
        "f1-score": 0.6133333333333333,
        "support": 49.0
    },
    "accuracy": 0.30612244897959184,
    "macro avg": {
        "precision": 0.2585824566063164,
        "recall": 0.30612244897959184,
        "f1-score": 0.20996417359600236,
        "support": 392.0
    },
    "weighted avg": {
        "precision": 0.25858245660631635,
        "recall": 0.30612244897959184,
        "f1-score": 0.20996417359600236,
        "support": 392.0
    }
}