{
    "2": {
        "precision": 0.7058823529411765,
        "recall": 0.7346938775510204,
        "f1-score": 0.72,
        "support": 49.0
    },
    "3": {
        "precision": 0.6190476190476191,
        "recall": 0.7959183673469388,
        "f1-score": 0.6964285714285714,
        "support": 49.0
    },
    "4": {
        "precision": 0.6458333333333334,
        "recall": 0.6326530612244898,
        "f1-score": 0.6391752577319587,
        "support": 49.0
    },
    "5": {
        "precision": 0.9130434782608695,
        "recall": 0.42857142857142855,
        "f1-score": 0.5833333333333334,
        "support": 49.0
    },
    "6": {
        "precision": 0.49206349206349204,
        "recall": 0.6326530612244898,
        "f1-score": 0.5535714285714286,
        "support": 49.0
    },
    "7": {
        "precision": 0.0,
        "recall": 0.0,
        "f1-score": 0.0,
        "support": 49.0
    },
    "8": {
        "precision": 0.2375,
        "recall": 0.3877551020408163,
        "f1-score": 0.29457364341085274,
        "support": 49.0
    },
    "9": {
        "precision": 0.23333333333333334,
        "recall": 0.2857142857142857,
        "f1-score": 0.25688073394495414,
        "support": 49.0
    },
    "micro avg": {
        "precision": 0.49226804123711343,
        "recall": 0.4872448979591837,
        "f1-score": 0.4897435897435897,
        "support": 392.0
    },
    "macro avg": {
        "precision": 0.48083795112247796,
        "recall": 0.48724489795918374,
        "f1-score": 0.4679953710526374,
        "support": 392.0
    },
    "weighted avg": {
        "precision": 0.480837951122478,
        "recall": 0.4872448979591837,
        "f1-score": 0.4679953710526374,
        "support": 392.0
    },
    "accuracy": 0.4872448979591837
}