{
    "1": {
        "precision": 0.5669291338582677,
        "recall": 0.8888888888888888,
        "f1-score": 0.6923076923076923,
        "support": 81.0
    },
    "2": {
        "precision": 0.8636363636363636,
        "recall": 0.9382716049382716,
        "f1-score": 0.8994082840236687,
        "support": 81.0
    },
    "3": {
        "precision": 0.7978723404255319,
        "recall": 0.9259259259259259,
        "f1-score": 0.8571428571428571,
        "support": 81.0
    },
    "4": {
        "precision": 0.7936507936507936,
        "recall": 0.6172839506172839,
        "f1-score": 0.6944444444444444,
        "support": 81.0
    },
    "5": {
        "precision": 0.46357615894039733,
        "recall": 0.8641975308641975,
        "f1-score": 0.603448275862069,
        "support": 81.0
    },
    "6": {
        "precision": 0.0,
        "recall": 0.0,
        "f1-score": 0.0,
        "support": 81.0
    },
    "7": {
        "precision": 0.3473053892215569,
        "recall": 0.7160493827160493,
        "f1-score": 0.46774193548387094,
        "support": 81.0
    },
    "8": {
        "precision": 0.0,
        "recall": 0.0,
        "f1-score": 0.0,
        "support": 81.0
    },
    "9": {
        "precision": 0.6923076923076923,
        "recall": 0.3333333333333333,
        "f1-score": 0.45,
        "support": 81.0
    },
    "accuracy": 0.5871056241426612,
    "macro avg": {
        "precision": 0.5028086524489559,
        "recall": 0.5871056241426611,
        "f1-score": 0.5182770543627336,
        "support": 729.0
    },
    "weighted avg": {
        "precision": 0.5028086524489559,
        "recall": 0.5871056241426612,
        "f1-score": 0.5182770543627336,
        "support": 729.0
    }
}