{
    "1": {
        "precision": 0.9759036144578314,
        "recall": 1.0,
        "f1-score": 0.9878048780487805,
        "support": 81.0
    },
    "2": {
        "precision": 1.0,
        "recall": 0.9382716049382716,
        "f1-score": 0.9681528662420382,
        "support": 81.0
    },
    "3": {
        "precision": 0.9186046511627907,
        "recall": 0.9753086419753086,
        "f1-score": 0.9461077844311377,
        "support": 81.0
    },
    "4": {
        "precision": 0.9315068493150684,
        "recall": 0.8395061728395061,
        "f1-score": 0.8831168831168831,
        "support": 81.0
    },
    "5": {
        "precision": 0.8615384615384616,
        "recall": 0.691358024691358,
        "f1-score": 0.7671232876712328,
        "support": 81.0
    },
    "6": {
        "precision": 0.6697247706422018,
        "recall": 0.9012345679012346,
        "f1-score": 0.7684210526315789,
        "support": 81.0
    },
    "7": {
        "precision": 0.6219512195121951,
        "recall": 0.6296296296296297,
        "f1-score": 0.6257668711656442,
        "support": 81.0
    },
    "8": {
        "precision": 0.41739130434782606,
        "recall": 0.5925925925925926,
        "f1-score": 0.4897959183673469,
        "support": 81.0
    },
    "9": {
        "precision": 0.675,
        "recall": 0.3333333333333333,
        "f1-score": 0.4462809917355372,
        "support": 81.0
    },
    "accuracy": 0.766803840877915,
    "macro avg": {
        "precision": 0.7857356523307084,
        "recall": 0.7668038408779149,
        "f1-score": 0.7647300592677977,
        "support": 729.0
    },
    "weighted avg": {
        "precision": 0.7857356523307083,
        "recall": 0.766803840877915,
        "f1-score": 0.7647300592677977,
        "support": 729.0
    }
}