{
    "1": {
        "precision": 1.0,
        "recall": 1.0,
        "f1-score": 1.0,
        "support": 81.0
    },
    "2": {
        "precision": 0.9634146341463414,
        "recall": 0.9753086419753086,
        "f1-score": 0.9693251533742331,
        "support": 81.0
    },
    "3": {
        "precision": 0.8909090909090909,
        "recall": 0.6049382716049383,
        "f1-score": 0.7205882352941176,
        "support": 81.0
    },
    "4": {
        "precision": 0.2564102564102564,
        "recall": 0.12345679012345678,
        "f1-score": 0.16666666666666666,
        "support": 81.0
    },
    "5": {
        "precision": 0.23255813953488372,
        "recall": 0.24691358024691357,
        "f1-score": 0.23952095808383234,
        "support": 81.0
    },
    "6": {
        "precision": 0.09615384615384616,
        "recall": 0.06172839506172839,
        "f1-score": 0.07518796992481203,
        "support": 81.0
    },
    "7": {
        "precision": 0.1323529411764706,
        "recall": 0.1111111111111111,
        "f1-score": 0.12080536912751678,
        "support": 81.0
    },
    "8": {
        "precision": 0.17647058823529413,
        "recall": 0.25925925925925924,
        "f1-score": 0.21,
        "support": 81.0
    },
    "9": {
        "precision": 0.2857142857142857,
        "recall": 0.09876543209876543,
        "f1-score": 0.14678899082568808,
        "support": 81.0
    },
    "micro avg": {
        "precision": 0.46229508196721314,
        "recall": 0.3868312757201646,
        "f1-score": 0.421209858103062,
        "support": 729.0
    },
    "macro avg": {
        "precision": 0.44822042025338543,
        "recall": 0.3868312757201646,
        "f1-score": 0.4054314825885408,
        "support": 729.0
    },
    "weighted avg": {
        "precision": 0.44822042025338554,
        "recall": 0.3868312757201646,
        "f1-score": 0.4054314825885407,
        "support": 729.0
    },
    "accuracy": 0.3868312757201646
}