{
    "1": {
        "precision": 0.1729490022172949,
        "recall": 0.9629629629629629,
        "f1-score": 0.2932330827067669,
        "support": 81.0
    },
    "2": {
        "precision": 0.8860759493670886,
        "recall": 0.8641975308641975,
        "f1-score": 0.875,
        "support": 81.0
    },
    "3": {
        "precision": 0.5538461538461539,
        "recall": 0.8888888888888888,
        "f1-score": 0.6824644549763034,
        "support": 81.0
    },
    "4": {
        "precision": 0.8636363636363636,
        "recall": 0.2345679012345679,
        "f1-score": 0.36893203883495146,
        "support": 81.0
    },
    "5": {
        "precision": 0.5777777777777777,
        "recall": 0.32098765432098764,
        "f1-score": 0.4126984126984127,
        "support": 81.0
    },
    "6": {
        "precision": 0.0,
        "recall": 0.0,
        "f1-score": 0.0,
        "support": 81.0
    },
    "7": {
        "precision": 0.5,
        "recall": 0.012345679012345678,
        "f1-score": 0.024096385542168676,
        "support": 81.0
    },
    "8": {
        "precision": 0.0,
        "recall": 0.0,
        "f1-score": 0.0,
        "support": 81.0
    },
    "9": {
        "precision": 0.0,
        "recall": 0.0,
        "f1-score": 0.0,
        "support": 81.0
    },
    "accuracy": 0.36488340192043894,
    "macro avg": {
        "precision": 0.394920582982742,
        "recall": 0.36488340192043894,
        "f1-score": 0.295158263862067,
        "support": 729.0
    },
    "weighted avg": {
        "precision": 0.39492058298274213,
        "recall": 0.36488340192043894,
        "f1-score": 0.295158263862067,
        "support": 729.0
    }
}