{
    "1": {
        "precision": 0.2962962962962963,
        "recall": 0.2962962962962963,
        "f1-score": 0.2962962962962963,
        "support": 243.0
    },
    "2": {
        "precision": 0.5,
        "recall": 0.0205761316872428,
        "f1-score": 0.039525691699604744,
        "support": 243.0
    },
    "3": {
        "precision": 0.5,
        "recall": 0.00823045267489712,
        "f1-score": 0.016194331983805668,
        "support": 243.0
    },
    "4": {
        "precision": 0.0,
        "recall": 0.0,
        "f1-score": 0.0,
        "support": 243.0
    },
    "5": {
        "precision": 0.12291933418693982,
        "recall": 0.3950617283950617,
        "f1-score": 0.1875,
        "support": 243.0
    },
    "6": {
        "precision": 0.12854030501089325,
        "recall": 0.48559670781893005,
        "f1-score": 0.20327304048234282,
        "support": 243.0
    },
    "7": {
        "precision": 0.0,
        "recall": 0.0,
        "f1-score": 0.0,
        "support": 243.0
    },
    "8": {
        "precision": 0.0,
        "recall": 0.0,
        "f1-score": 0.0,
        "support": 243.0
    },
    "9": {
        "precision": 0.3349282296650718,
        "recall": 0.2880658436213992,
        "f1-score": 0.30973451327433627,
        "support": 243.0
    },
    "accuracy": 0.16598079561042525,
    "macro avg": {
        "precision": 0.20918712946213344,
        "recall": 0.16598079561042522,
        "f1-score": 0.11694709708182065,
        "support": 2187.0
    },
    "weighted avg": {
        "precision": 0.20918712946213344,
        "recall": 0.16598079561042525,
        "f1-score": 0.11694709708182063,
        "support": 2187.0
    }
}