{
    "2": {
        "precision": 1.0,
        "recall": 1.0,
        "f1-score": 1.0,
        "support": 49.0
    },
    "3": {
        "precision": 0.8275862068965517,
        "recall": 0.9795918367346939,
        "f1-score": 0.897196261682243,
        "support": 49.0
    },
    "4": {
        "precision": 1.0,
        "recall": 0.8163265306122449,
        "f1-score": 0.898876404494382,
        "support": 49.0
    },
    "5": {
        "precision": 0.9772727272727273,
        "recall": 0.8775510204081632,
        "f1-score": 0.9247311827956989,
        "support": 49.0
    },
    "6": {
        "precision": 0.8181818181818182,
        "recall": 0.3673469387755102,
        "f1-score": 0.5070422535211268,
        "support": 49.0
    },
    "7": {
        "precision": 0.4411764705882353,
        "recall": 0.30612244897959184,
        "f1-score": 0.3614457831325301,
        "support": 49.0
    },
    "8": {
        "precision": 0.17857142857142858,
        "recall": 0.20408163265306123,
        "f1-score": 0.19047619047619047,
        "support": 49.0
    },
    "9": {
        "precision": 0.42696629213483145,
        "recall": 0.7755102040816326,
        "f1-score": 0.5507246376811594,
        "support": 49.0
    },
    "accuracy": 0.6658163265306123,
    "macro avg": {
        "precision": 0.7087193679556991,
        "recall": 0.6658163265306122,
        "f1-score": 0.6663115892229163,
        "support": 392.0
    },
    "weighted avg": {
        "precision": 0.708719367955699,
        "recall": 0.6658163265306123,
        "f1-score": 0.6663115892229163,
        "support": 392.0
    }
}