{
    "2": {
        "precision": 1.0,
        "recall": 0.061224489795918366,
        "f1-score": 0.11538461538461539,
        "support": 49.0
    },
    "3": {
        "precision": 0.3717948717948718,
        "recall": 0.5918367346938775,
        "f1-score": 0.4566929133858268,
        "support": 49.0
    },
    "4": {
        "precision": 0.5,
        "recall": 0.46938775510204084,
        "f1-score": 0.4842105263157895,
        "support": 49.0
    },
    "5": {
        "precision": 0.0,
        "recall": 0.0,
        "f1-score": 0.0,
        "support": 49.0
    },
    "6": {
        "precision": 0.0,
        "recall": 0.0,
        "f1-score": 0.0,
        "support": 49.0
    },
    "7": {
        "precision": 0.0,
        "recall": 0.0,
        "f1-score": 0.0,
        "support": 49.0
    },
    "8": {
        "precision": 0.04878048780487805,
        "recall": 0.08163265306122448,
        "f1-score": 0.061068702290076333,
        "support": 49.0
    },
    "9": {
        "precision": 0.28994082840236685,
        "recall": 1.0,
        "f1-score": 0.44954128440366975,
        "support": 49.0
    },
    "accuracy": 0.2755102040816326,
    "macro avg": {
        "precision": 0.2763145235002646,
        "recall": 0.2755102040816326,
        "f1-score": 0.19586225522249723,
        "support": 392.0
    },
    "weighted avg": {
        "precision": 0.2763145235002646,
        "recall": 0.2755102040816326,
        "f1-score": 0.1958622552224972,
        "support": 392.0
    }
}