{
    "1": {
        "precision": 1.0,
        "recall": 1.0,
        "f1-score": 1.0,
        "support": 81.0
    },
    "2": {
        "precision": 0.975609756097561,
        "recall": 0.9876543209876543,
        "f1-score": 0.9815950920245399,
        "support": 81.0
    },
    "3": {
        "precision": 0.8571428571428571,
        "recall": 0.9629629629629629,
        "f1-score": 0.9069767441860465,
        "support": 81.0
    },
    "4": {
        "precision": 0.5655737704918032,
        "recall": 0.8518518518518519,
        "f1-score": 0.6798029556650246,
        "support": 81.0
    },
    "5": {
        "precision": 0.43434343434343436,
        "recall": 0.5308641975308642,
        "f1-score": 0.4777777777777778,
        "support": 81.0
    },
    "6": {
        "precision": 0.4146341463414634,
        "recall": 0.20987654320987653,
        "f1-score": 0.2786885245901639,
        "support": 81.0
    },
    "7": {
        "precision": 0.3221476510067114,
        "recall": 0.5925925925925926,
        "f1-score": 0.41739130434782606,
        "support": 81.0
    },
    "8": {
        "precision": 0.3695652173913043,
        "recall": 0.20987654320987653,
        "f1-score": 0.2677165354330709,
        "support": 81.0
    },
    "9": {
        "precision": 0.8333333333333334,
        "recall": 0.18518518518518517,
        "f1-score": 0.30303030303030304,
        "support": 81.0
    },
    "accuracy": 0.6145404663923183,
    "macro avg": {
        "precision": 0.6413722406831631,
        "recall": 0.6145404663923182,
        "f1-score": 0.5903310263394169,
        "support": 729.0
    },
    "weighted avg": {
        "precision": 0.6413722406831631,
        "recall": 0.6145404663923183,
        "f1-score": 0.5903310263394169,
        "support": 729.0
    }
}