{
    "2": {
        "precision": 1.0,
        "recall": 0.6938775510204082,
        "f1-score": 0.8192771084337349,
        "support": 49.0
    },
    "3": {
        "precision": 0.7903225806451613,
        "recall": 1.0,
        "f1-score": 0.8828828828828829,
        "support": 49.0
    },
    "4": {
        "precision": 0.9545454545454546,
        "recall": 0.8571428571428571,
        "f1-score": 0.9032258064516129,
        "support": 49.0
    },
    "5": {
        "precision": 0.88,
        "recall": 0.8979591836734694,
        "f1-score": 0.8888888888888888,
        "support": 49.0
    },
    "6": {
        "precision": 0.7014925373134329,
        "recall": 0.9591836734693877,
        "f1-score": 0.8103448275862069,
        "support": 49.0
    },
    "7": {
        "precision": 0.5737704918032787,
        "recall": 0.7142857142857143,
        "f1-score": 0.6363636363636364,
        "support": 49.0
    },
    "8": {
        "precision": 0.3472222222222222,
        "recall": 0.5102040816326531,
        "f1-score": 0.4132231404958678,
        "support": 49.0
    },
    "9": {
        "precision": 1.0,
        "recall": 0.04081632653061224,
        "f1-score": 0.0784313725490196,
        "support": 49.0
    },
    "accuracy": 0.7091836734693877,
    "macro avg": {
        "precision": 0.7809191608161937,
        "recall": 0.7091836734693877,
        "f1-score": 0.6790797079564812,
        "support": 392.0
    },
    "weighted avg": {
        "precision": 0.7809191608161937,
        "recall": 0.7091836734693877,
        "f1-score": 0.6790797079564812,
        "support": 392.0
    }
}