{
    "1": {
        "precision": 1.0,
        "recall": 1.0,
        "f1-score": 1.0,
        "support": 81.0
    },
    "2": {
        "precision": 1.0,
        "recall": 0.8518518518518519,
        "f1-score": 0.92,
        "support": 81.0
    },
    "3": {
        "precision": 0.7543859649122807,
        "recall": 0.5308641975308642,
        "f1-score": 0.6231884057971014,
        "support": 81.0
    },
    "4": {
        "precision": 0.3787878787878788,
        "recall": 0.30864197530864196,
        "f1-score": 0.3401360544217687,
        "support": 81.0
    },
    "5": {
        "precision": 0.40384615384615385,
        "recall": 0.5185185185185185,
        "f1-score": 0.4540540540540541,
        "support": 81.0
    },
    "6": {
        "precision": 0.48717948717948717,
        "recall": 0.2345679012345679,
        "f1-score": 0.31666666666666665,
        "support": 81.0
    },
    "7": {
        "precision": 0.28735632183908044,
        "recall": 0.6172839506172839,
        "f1-score": 0.39215686274509803,
        "support": 81.0
    },
    "8": {
        "precision": 0.3619047619047619,
        "recall": 0.4691358024691358,
        "f1-score": 0.40860215053763443,
        "support": 81.0
    },
    "9": {
        "precision": 0.7647058823529411,
        "recall": 0.32098765432098764,
        "f1-score": 0.45217391304347826,
        "support": 81.0
    },
    "accuracy": 0.5390946502057613,
    "macro avg": {
        "precision": 0.6042407167580649,
        "recall": 0.5390946502057612,
        "f1-score": 0.5452197896962001,
        "support": 729.0
    },
    "weighted avg": {
        "precision": 0.6042407167580649,
        "recall": 0.5390946502057613,
        "f1-score": 0.5452197896962002,
        "support": 729.0
    }
}