{
    "2": {
        "precision": 1.0,
        "recall": 1.0,
        "f1-score": 1.0,
        "support": 49.0
    },
    "3": {
        "precision": 0.8103448275862069,
        "recall": 0.9591836734693877,
        "f1-score": 0.8785046728971962,
        "support": 49.0
    },
    "4": {
        "precision": 0.9512195121951219,
        "recall": 0.7959183673469388,
        "f1-score": 0.8666666666666667,
        "support": 49.0
    },
    "5": {
        "precision": 1.0,
        "recall": 0.6938775510204082,
        "f1-score": 0.8192771084337349,
        "support": 49.0
    },
    "6": {
        "precision": 0.7142857142857143,
        "recall": 0.6122448979591837,
        "f1-score": 0.6593406593406593,
        "support": 49.0
    },
    "7": {
        "precision": 0.5454545454545454,
        "recall": 0.24489795918367346,
        "f1-score": 0.3380281690140845,
        "support": 49.0
    },
    "8": {
        "precision": 0.21818181818181817,
        "recall": 0.24489795918367346,
        "f1-score": 0.23076923076923078,
        "support": 49.0
    },
    "9": {
        "precision": 0.4175824175824176,
        "recall": 0.7755102040816326,
        "f1-score": 0.5428571428571428,
        "support": 49.0
    },
    "accuracy": 0.6658163265306123,
    "macro avg": {
        "precision": 0.707133604410728,
        "recall": 0.6658163265306123,
        "f1-score": 0.6669304562473394,
        "support": 392.0
    },
    "weighted avg": {
        "precision": 0.707133604410728,
        "recall": 0.6658163265306123,
        "f1-score": 0.6669304562473394,
        "support": 392.0
    }
}