{
    "2": {
        "precision": 1.0,
        "recall": 0.42857142857142855,
        "f1-score": 0.6,
        "support": 49.0
    },
    "3": {
        "precision": 0.625,
        "recall": 0.7142857142857143,
        "f1-score": 0.6666666666666666,
        "support": 49.0
    },
    "4": {
        "precision": 0.6756756756756757,
        "recall": 0.5102040816326531,
        "f1-score": 0.5813953488372093,
        "support": 49.0
    },
    "5": {
        "precision": 0.7368421052631579,
        "recall": 0.5714285714285714,
        "f1-score": 0.6436781609195402,
        "support": 49.0
    },
    "6": {
        "precision": 0.525,
        "recall": 0.8571428571428571,
        "f1-score": 0.6511627906976745,
        "support": 49.0
    },
    "7": {
        "precision": 0.5522388059701493,
        "recall": 0.7551020408163265,
        "f1-score": 0.6379310344827587,
        "support": 49.0
    },
    "8": {
        "precision": 0.3626373626373626,
        "recall": 0.673469387755102,
        "f1-score": 0.4714285714285714,
        "support": 49.0
    },
    "9": {
        "precision": 0.5,
        "recall": 0.02040816326530612,
        "f1-score": 0.0392156862745098,
        "support": 49.0
    },
    "accuracy": 0.5663265306122449,
    "macro avg": {
        "precision": 0.6221742436932931,
        "recall": 0.5663265306122449,
        "f1-score": 0.5364347824133664,
        "support": 392.0
    },
    "weighted avg": {
        "precision": 0.6221742436932932,
        "recall": 0.5663265306122449,
        "f1-score": 0.5364347824133663,
        "support": 392.0
    }
}