{
    "2": {
        "precision": 0.9814814814814815,
        "recall": 0.9814814814814815,
        "f1-score": 0.9814814814814815,
        "support": 54.0
    },
    "3": {
        "precision": 0.9655172413793104,
        "recall": 0.9824561403508771,
        "f1-score": 0.9739130434782609,
        "support": 57.0
    },
    "4": {
        "precision": 0.9310344827586207,
        "recall": 0.9818181818181818,
        "f1-score": 0.9557522123893806,
        "support": 55.0
    },
    "5": {
        "precision": 0.9285714285714286,
        "recall": 0.8863636363636364,
        "f1-score": 0.9069767441860465,
        "support": 44.0
    },
    "6": {
        "precision": 0.8333333333333334,
        "recall": 0.8620689655172413,
        "f1-score": 0.847457627118644,
        "support": 58.0
    },
    "7": {
        "precision": 0.9117647058823529,
        "recall": 0.5961538461538461,
        "f1-score": 0.7209302325581395,
        "support": 52.0
    },
    "8": {
        "precision": 0.7121212121212122,
        "recall": 0.8245614035087719,
        "f1-score": 0.7642276422764228,
        "support": 57.0
    },
    "9": {
        "precision": 0.8448275862068966,
        "recall": 0.8166666666666667,
        "f1-score": 0.8305084745762712,
        "support": 60.0
    },
    "10": {
        "precision": 0.875,
        "recall": 0.6481481481481481,
        "f1-score": 0.7446808510638298,
        "support": 54.0
    },
    "micro avg": {
        "precision": 0.8808510638297873,
        "recall": 0.8431771894093686,
        "f1-score": 0.8616024973985432,
        "support": 491.0
    },
    "macro avg": {
        "precision": 0.887072385748293,
        "recall": 0.8421909411120945,
        "f1-score": 0.858436478792053,
        "support": 491.0
    },
    "weighted avg": {
        "precision": 0.8846724734623753,
        "recall": 0.8431771894093686,
        "f1-score": 0.857905410206816,
        "support": 491.0
    }
}