{
    "1": {
        "precision": 1.0,
        "recall": 1.0,
        "f1-score": 1.0,
        "support": 81.0
    },
    "2": {
        "precision": 0.9759036144578314,
        "recall": 1.0,
        "f1-score": 0.9878048780487805,
        "support": 81.0
    },
    "3": {
        "precision": 0.9146341463414634,
        "recall": 0.9259259259259259,
        "f1-score": 0.9202453987730062,
        "support": 81.0
    },
    "4": {
        "precision": 0.8372093023255814,
        "recall": 0.4444444444444444,
        "f1-score": 0.5806451612903226,
        "support": 81.0
    },
    "5": {
        "precision": 0.4657534246575342,
        "recall": 0.41975308641975306,
        "f1-score": 0.44155844155844154,
        "support": 81.0
    },
    "6": {
        "precision": 0.2978723404255319,
        "recall": 0.1728395061728395,
        "f1-score": 0.21875,
        "support": 81.0
    },
    "7": {
        "precision": 0.20689655172413793,
        "recall": 0.14814814814814814,
        "f1-score": 0.17266187050359713,
        "support": 81.0
    },
    "8": {
        "precision": 0.24812030075187969,
        "recall": 0.4074074074074074,
        "f1-score": 0.308411214953271,
        "support": 81.0
    },
    "9": {
        "precision": 0.4523809523809524,
        "recall": 0.2345679012345679,
        "f1-score": 0.3089430894308943,
        "support": 81.0
    },
    "micro avg": {
        "precision": 0.5996884735202492,
        "recall": 0.5281207133058985,
        "f1-score": 0.5616338439095551,
        "support": 729.0
    },
    "macro avg": {
        "precision": 0.5998634036738792,
        "recall": 0.5281207133058985,
        "f1-score": 0.5487800060620347,
        "support": 729.0
    },
    "weighted avg": {
        "precision": 0.5998634036738792,
        "recall": 0.5281207133058985,
        "f1-score": 0.5487800060620348,
        "support": 729.0
    },
    "accuracy": 0.5281207133058985
}