{
    "2": {
        "precision": 1.0,
        "recall": 0.9795918367346939,
        "f1-score": 0.9896907216494846,
        "support": 49.0
    },
    "3": {
        "precision": 0.96,
        "recall": 0.9795918367346939,
        "f1-score": 0.9696969696969697,
        "support": 49.0
    },
    "4": {
        "precision": 0.8518518518518519,
        "recall": 0.9387755102040817,
        "f1-score": 0.8932038834951457,
        "support": 49.0
    },
    "5": {
        "precision": 0.6833333333333333,
        "recall": 0.8367346938775511,
        "f1-score": 0.7522935779816514,
        "support": 49.0
    },
    "6": {
        "precision": 0.8333333333333334,
        "recall": 0.40816326530612246,
        "f1-score": 0.547945205479452,
        "support": 49.0
    },
    "7": {
        "precision": 0.5061728395061729,
        "recall": 0.8367346938775511,
        "f1-score": 0.6307692307692307,
        "support": 49.0
    },
    "8": {
        "precision": 0.5476190476190477,
        "recall": 0.46938775510204084,
        "f1-score": 0.5054945054945055,
        "support": 49.0
    },
    "9": {
        "precision": 0.9393939393939394,
        "recall": 0.6326530612244898,
        "f1-score": 0.7560975609756098,
        "support": 49.0
    },
    "accuracy": 0.7602040816326531,
    "macro avg": {
        "precision": 0.7902130431297099,
        "recall": 0.7602040816326531,
        "f1-score": 0.7556489569427561,
        "support": 392.0
    },
    "weighted avg": {
        "precision": 0.7902130431297099,
        "recall": 0.7602040816326531,
        "f1-score": 0.7556489569427561,
        "support": 392.0
    }
}