{
    "1": {
        "precision": 1.0,
        "recall": 1.0,
        "f1-score": 1.0,
        "support": 81.0
    },
    "2": {
        "precision": 1.0,
        "recall": 0.7777777777777778,
        "f1-score": 0.875,
        "support": 81.0
    },
    "3": {
        "precision": 0.7534246575342466,
        "recall": 0.6790123456790124,
        "f1-score": 0.7142857142857143,
        "support": 81.0
    },
    "4": {
        "precision": 0.625,
        "recall": 0.5555555555555556,
        "f1-score": 0.5882352941176471,
        "support": 81.0
    },
    "5": {
        "precision": 0.47368421052631576,
        "recall": 0.4444444444444444,
        "f1-score": 0.4585987261146497,
        "support": 81.0
    },
    "6": {
        "precision": 0.3142857142857143,
        "recall": 0.2716049382716049,
        "f1-score": 0.2913907284768212,
        "support": 81.0
    },
    "7": {
        "precision": 0.27631578947368424,
        "recall": 0.25925925925925924,
        "f1-score": 0.267515923566879,
        "support": 81.0
    },
    "8": {
        "precision": 0.2318840579710145,
        "recall": 0.19753086419753085,
        "f1-score": 0.21333333333333335,
        "support": 81.0
    },
    "9": {
        "precision": 0.2,
        "recall": 0.18518518518518517,
        "f1-score": 0.19230769230769232,
        "support": 81.0
    },
    "micro avg": {
        "precision": 0.5404580152671755,
        "recall": 0.48559670781893005,
        "f1-score": 0.5115606936416185,
        "support": 729.0
    },
    "macro avg": {
        "precision": 0.5416216033101083,
        "recall": 0.48559670781893005,
        "f1-score": 0.5111852680225263,
        "support": 729.0
    },
    "weighted avg": {
        "precision": 0.5416216033101083,
        "recall": 0.48559670781893005,
        "f1-score": 0.5111852680225264,
        "support": 729.0
    },
    "accuracy": 0.48559670781893005
}