{
    "1": {
        "precision": 0.9878048780487805,
        "recall": 1.0,
        "f1-score": 0.9938650306748467,
        "support": 81.0
    },
    "2": {
        "precision": 0.9397590361445783,
        "recall": 0.9629629629629629,
        "f1-score": 0.9512195121951219,
        "support": 81.0
    },
    "3": {
        "precision": 0.859375,
        "recall": 0.6790123456790124,
        "f1-score": 0.7586206896551724,
        "support": 81.0
    },
    "4": {
        "precision": 0.3333333333333333,
        "recall": 0.14814814814814814,
        "f1-score": 0.20512820512820512,
        "support": 81.0
    },
    "5": {
        "precision": 0.24,
        "recall": 0.2222222222222222,
        "f1-score": 0.23076923076923078,
        "support": 81.0
    },
    "6": {
        "precision": 0.07894736842105263,
        "recall": 0.037037037037037035,
        "f1-score": 0.05042016806722689,
        "support": 81.0
    },
    "7": {
        "precision": 0.07407407407407407,
        "recall": 0.04938271604938271,
        "f1-score": 0.05925925925925926,
        "support": 81.0
    },
    "8": {
        "precision": 0.09523809523809523,
        "recall": 0.12345679012345678,
        "f1-score": 0.10752688172043011,
        "support": 81.0
    },
    "9": {
        "precision": 0.06666666666666667,
        "recall": 0.012345679012345678,
        "f1-score": 0.020833333333333332,
        "support": 81.0
    },
    "micro avg": {
        "precision": 0.4746376811594203,
        "recall": 0.35939643347050754,
        "f1-score": 0.4090554254488681,
        "support": 729.0
    },
    "macro avg": {
        "precision": 0.40835538354739787,
        "recall": 0.35939643347050754,
        "f1-score": 0.37529359008920293,
        "support": 729.0
    },
    "weighted avg": {
        "precision": 0.4083553835473978,
        "recall": 0.35939643347050754,
        "f1-score": 0.37529359008920293,
        "support": 729.0
    },
    "accuracy": 0.35939643347050754
}