{
    "2": {
        "precision": 1.0,
        "recall": 0.9795918367346939,
        "f1-score": 0.9896907216494846,
        "support": 49.0
    },
    "3": {
        "precision": 0.8275862068965517,
        "recall": 0.9795918367346939,
        "f1-score": 0.897196261682243,
        "support": 49.0
    },
    "4": {
        "precision": 0.9534883720930233,
        "recall": 0.8367346938775511,
        "f1-score": 0.8913043478260869,
        "support": 49.0
    },
    "5": {
        "precision": 1.0,
        "recall": 0.5306122448979592,
        "f1-score": 0.6933333333333334,
        "support": 49.0
    },
    "6": {
        "precision": 0.6097560975609756,
        "recall": 0.5102040816326531,
        "f1-score": 0.5555555555555556,
        "support": 49.0
    },
    "7": {
        "precision": 0.36,
        "recall": 0.1836734693877551,
        "f1-score": 0.24324324324324326,
        "support": 49.0
    },
    "8": {
        "precision": 0.21428571428571427,
        "recall": 0.24489795918367346,
        "f1-score": 0.22857142857142856,
        "support": 49.0
    },
    "9": {
        "precision": 0.43157894736842106,
        "recall": 0.8367346938775511,
        "f1-score": 0.5694444444444444,
        "support": 49.0
    },
    "accuracy": 0.6377551020408163,
    "macro avg": {
        "precision": 0.6745869172755857,
        "recall": 0.6377551020408163,
        "f1-score": 0.6335424170382274,
        "support": 392.0
    },
    "weighted avg": {
        "precision": 0.6745869172755858,
        "recall": 0.6377551020408163,
        "f1-score": 0.6335424170382274,
        "support": 392.0
    }
}