{
    "1": {
        "precision": 0.9878048780487805,
        "recall": 1.0,
        "f1-score": 0.9938650306748467,
        "support": 81.0
    },
    "2": {
        "precision": 0.9746835443037974,
        "recall": 0.9506172839506173,
        "f1-score": 0.9625,
        "support": 81.0
    },
    "3": {
        "precision": 0.9176470588235294,
        "recall": 0.9629629629629629,
        "f1-score": 0.9397590361445783,
        "support": 81.0
    },
    "4": {
        "precision": 0.9428571428571428,
        "recall": 0.8148148148148148,
        "f1-score": 0.8741721854304636,
        "support": 81.0
    },
    "5": {
        "precision": 0.8450704225352113,
        "recall": 0.7407407407407407,
        "f1-score": 0.7894736842105263,
        "support": 81.0
    },
    "6": {
        "precision": 0.541095890410959,
        "recall": 0.9753086419753086,
        "f1-score": 0.6960352422907489,
        "support": 81.0
    },
    "7": {
        "precision": 0.5660377358490566,
        "recall": 0.37037037037037035,
        "f1-score": 0.44776119402985076,
        "support": 81.0
    },
    "8": {
        "precision": 0.45161290322580644,
        "recall": 0.345679012345679,
        "f1-score": 0.3916083916083916,
        "support": 81.0
    },
    "9": {
        "precision": 0.6296296296296297,
        "recall": 0.6296296296296297,
        "f1-score": 0.6296296296296297,
        "support": 81.0
    },
    "accuracy": 0.7544581618655692,
    "macro avg": {
        "precision": 0.7618265784093237,
        "recall": 0.7544581618655692,
        "f1-score": 0.7472004882243373,
        "support": 729.0
    },
    "weighted avg": {
        "precision": 0.7618265784093237,
        "recall": 0.7544581618655692,
        "f1-score": 0.7472004882243374,
        "support": 729.0
    }
}