{
    "2": {
        "precision": 1.0,
        "recall": 1.0,
        "f1-score": 1.0,
        "support": 49.0
    },
    "3": {
        "precision": 0.8909090909090909,
        "recall": 1.0,
        "f1-score": 0.9423076923076923,
        "support": 49.0
    },
    "4": {
        "precision": 0.9148936170212766,
        "recall": 0.8775510204081632,
        "f1-score": 0.8958333333333334,
        "support": 49.0
    },
    "5": {
        "precision": 0.8541666666666666,
        "recall": 0.8367346938775511,
        "f1-score": 0.845360824742268,
        "support": 49.0
    },
    "6": {
        "precision": 0.5915492957746479,
        "recall": 0.8571428571428571,
        "f1-score": 0.7,
        "support": 49.0
    },
    "7": {
        "precision": 0.8461538461538461,
        "recall": 0.4489795918367347,
        "f1-score": 0.5866666666666667,
        "support": 49.0
    },
    "8": {
        "precision": 0.559322033898305,
        "recall": 0.673469387755102,
        "f1-score": 0.6111111111111112,
        "support": 49.0
    },
    "9": {
        "precision": 0.7027027027027027,
        "recall": 0.5306122448979592,
        "f1-score": 0.6046511627906976,
        "support": 49.0
    },
    "accuracy": 0.7780612244897959,
    "macro avg": {
        "precision": 0.7949621566408169,
        "recall": 0.778061224489796,
        "f1-score": 0.7732413488689711,
        "support": 392.0
    },
    "weighted avg": {
        "precision": 0.794962156640817,
        "recall": 0.7780612244897959,
        "f1-score": 0.7732413488689711,
        "support": 392.0
    }
}