{
    "2": {
        "precision": 1.0,
        "recall": 1.0,
        "f1-score": 1.0,
        "support": 49.0
    },
    "3": {
        "precision": 0.8596491228070176,
        "recall": 1.0,
        "f1-score": 0.9245283018867925,
        "support": 49.0
    },
    "4": {
        "precision": 0.9111111111111111,
        "recall": 0.8367346938775511,
        "f1-score": 0.8723404255319149,
        "support": 49.0
    },
    "5": {
        "precision": 0.8837209302325582,
        "recall": 0.7755102040816326,
        "f1-score": 0.8260869565217391,
        "support": 49.0
    },
    "6": {
        "precision": 0.6027397260273972,
        "recall": 0.8979591836734694,
        "f1-score": 0.7213114754098361,
        "support": 49.0
    },
    "7": {
        "precision": 0.627906976744186,
        "recall": 0.5510204081632653,
        "f1-score": 0.5869565217391305,
        "support": 49.0
    },
    "8": {
        "precision": 0.8421052631578947,
        "recall": 0.32653061224489793,
        "f1-score": 0.47058823529411764,
        "support": 49.0
    },
    "9": {
        "precision": 0.7301587301587301,
        "recall": 0.9387755102040817,
        "f1-score": 0.8214285714285714,
        "support": 49.0
    },
    "accuracy": 0.7908163265306123,
    "macro avg": {
        "precision": 0.8071739825298618,
        "recall": 0.7908163265306123,
        "f1-score": 0.7779050609765128,
        "support": 392.0
    },
    "weighted avg": {
        "precision": 0.8071739825298618,
        "recall": 0.7908163265306123,
        "f1-score": 0.7779050609765128,
        "support": 392.0
    }
}