{
    "2": {
        "precision": 1.0,
        "recall": 0.9591836734693877,
        "f1-score": 0.9791666666666666,
        "support": 49.0
    },
    "3": {
        "precision": 1.0,
        "recall": 0.9795918367346939,
        "f1-score": 0.9896907216494846,
        "support": 49.0
    },
    "4": {
        "precision": 0.7258064516129032,
        "recall": 0.9183673469387755,
        "f1-score": 0.8108108108108109,
        "support": 49.0
    },
    "5": {
        "precision": 0.8636363636363636,
        "recall": 0.3877551020408163,
        "f1-score": 0.5352112676056338,
        "support": 49.0
    },
    "6": {
        "precision": 0.40540540540540543,
        "recall": 0.9183673469387755,
        "f1-score": 0.5625,
        "support": 49.0
    },
    "7": {
        "precision": 0.6060606060606061,
        "recall": 0.40816326530612246,
        "f1-score": 0.4878048780487805,
        "support": 49.0
    },
    "8": {
        "precision": 0.5609756097560976,
        "recall": 0.46938775510204084,
        "f1-score": 0.5111111111111111,
        "support": 49.0
    },
    "9": {
        "precision": 0.9642857142857143,
        "recall": 0.5510204081632653,
        "f1-score": 0.7012987012987013,
        "support": 49.0
    },
    "accuracy": 0.6989795918367347,
    "macro avg": {
        "precision": 0.7657712688446363,
        "recall": 0.6989795918367347,
        "f1-score": 0.6971992696488986,
        "support": 392.0
    },
    "weighted avg": {
        "precision": 0.7657712688446362,
        "recall": 0.6989795918367347,
        "f1-score": 0.6971992696488987,
        "support": 392.0
    }
}