{
    "2": {
        "precision": 1.0,
        "recall": 0.9387755102040817,
        "f1-score": 0.968421052631579,
        "support": 49.0
    },
    "3": {
        "precision": 0.676056338028169,
        "recall": 0.9795918367346939,
        "f1-score": 0.8,
        "support": 49.0
    },
    "4": {
        "precision": 0.9259259259259259,
        "recall": 0.5102040816326531,
        "f1-score": 0.6578947368421053,
        "support": 49.0
    },
    "5": {
        "precision": 0.5,
        "recall": 0.9795918367346939,
        "f1-score": 0.6620689655172414,
        "support": 49.0
    },
    "6": {
        "precision": 0.0,
        "recall": 0.0,
        "f1-score": 0.0,
        "support": 49.0
    },
    "7": {
        "precision": 0.4444444444444444,
        "recall": 0.9795918367346939,
        "f1-score": 0.6114649681528662,
        "support": 49.0
    },
    "8": {
        "precision": 0.0,
        "recall": 0.0,
        "f1-score": 0.0,
        "support": 49.0
    },
    "9": {
        "precision": 0.8636363636363636,
        "recall": 0.7755102040816326,
        "f1-score": 0.8172043010752689,
        "support": 49.0
    },
    "accuracy": 0.6454081632653061,
    "macro avg": {
        "precision": 0.5512578840043629,
        "recall": 0.6454081632653061,
        "f1-score": 0.5646317530273826,
        "support": 392.0
    },
    "weighted avg": {
        "precision": 0.5512578840043629,
        "recall": 0.6454081632653061,
        "f1-score": 0.5646317530273826,
        "support": 392.0
    }
}