{
    "1": {
        "precision": 1.0,
        "recall": 0.9382716049382716,
        "f1-score": 0.9681528662420382,
        "support": 243.0
    },
    "2": {
        "precision": 0.9264069264069265,
        "recall": 0.8806584362139918,
        "f1-score": 0.9029535864978903,
        "support": 243.0
    },
    "3": {
        "precision": 0.8624338624338624,
        "recall": 0.6707818930041153,
        "f1-score": 0.7546296296296297,
        "support": 243.0
    },
    "4": {
        "precision": 0.6746031746031746,
        "recall": 0.6995884773662552,
        "f1-score": 0.6868686868686869,
        "support": 243.0
    },
    "5": {
        "precision": 0.6614785992217899,
        "recall": 0.6995884773662552,
        "f1-score": 0.68,
        "support": 243.0
    },
    "6": {
        "precision": 0.550761421319797,
        "recall": 0.8930041152263375,
        "f1-score": 0.6813186813186813,
        "support": 243.0
    },
    "7": {
        "precision": 0.4503311258278146,
        "recall": 0.5596707818930041,
        "f1-score": 0.4990825688073395,
        "support": 243.0
    },
    "8": {
        "precision": 0.3950617283950617,
        "recall": 0.3950617283950617,
        "f1-score": 0.3950617283950617,
        "support": 243.0
    },
    "9": {
        "precision": 0.8351648351648352,
        "recall": 0.31275720164609055,
        "f1-score": 0.4550898203592814,
        "support": 243.0
    },
    "accuracy": 0.6721536351165981,
    "macro avg": {
        "precision": 0.7062490748192514,
        "recall": 0.6721536351165981,
        "f1-score": 0.6692397297909565,
        "support": 2187.0
    },
    "weighted avg": {
        "precision": 0.7062490748192514,
        "recall": 0.6721536351165981,
        "f1-score": 0.6692397297909565,
        "support": 2187.0
    }
}