{
    "1": {
        "precision": 1.0,
        "recall": 1.0,
        "f1-score": 1.0,
        "support": 81.0
    },
    "2": {
        "precision": 1.0,
        "recall": 0.9876543209876543,
        "f1-score": 0.9937888198757764,
        "support": 81.0
    },
    "3": {
        "precision": 0.9397590361445783,
        "recall": 0.9629629629629629,
        "f1-score": 0.9512195121951219,
        "support": 81.0
    },
    "4": {
        "precision": 0.8020833333333334,
        "recall": 0.9506172839506173,
        "f1-score": 0.8700564971751412,
        "support": 81.0
    },
    "5": {
        "precision": 0.7402597402597403,
        "recall": 0.7037037037037037,
        "f1-score": 0.7215189873417721,
        "support": 81.0
    },
    "6": {
        "precision": 0.6610169491525424,
        "recall": 0.48148148148148145,
        "f1-score": 0.5571428571428572,
        "support": 81.0
    },
    "7": {
        "precision": 0.43884892086330934,
        "recall": 0.7530864197530864,
        "f1-score": 0.5545454545454546,
        "support": 81.0
    },
    "8": {
        "precision": 0.4482758620689655,
        "recall": 0.32098765432098764,
        "f1-score": 0.37410071942446044,
        "support": 81.0
    },
    "9": {
        "precision": 0.6785714285714286,
        "recall": 0.4691358024691358,
        "f1-score": 0.5547445255474452,
        "support": 81.0
    },
    "accuracy": 0.7366255144032922,
    "macro avg": {
        "precision": 0.7454239189326554,
        "recall": 0.7366255144032922,
        "f1-score": 0.7307908192497811,
        "support": 729.0
    },
    "weighted avg": {
        "precision": 0.7454239189326552,
        "recall": 0.7366255144032922,
        "f1-score": 0.7307908192497811,
        "support": 729.0
    }
}