{
    "2": {
        "precision": 1.0,
        "recall": 0.9591836734693877,
        "f1-score": 0.9791666666666666,
        "support": 49.0
    },
    "3": {
        "precision": 0.96,
        "recall": 0.9795918367346939,
        "f1-score": 0.9696969696969697,
        "support": 49.0
    },
    "4": {
        "precision": 0.9183673469387755,
        "recall": 0.9183673469387755,
        "f1-score": 0.9183673469387755,
        "support": 49.0
    },
    "5": {
        "precision": 0.95,
        "recall": 0.3877551020408163,
        "f1-score": 0.5507246376811594,
        "support": 49.0
    },
    "6": {
        "precision": 0.5903614457831325,
        "recall": 1.0,
        "f1-score": 0.7424242424242424,
        "support": 49.0
    },
    "7": {
        "precision": 0.9166666666666666,
        "recall": 0.4489795918367347,
        "f1-score": 0.6027397260273972,
        "support": 49.0
    },
    "8": {
        "precision": 0.4507042253521127,
        "recall": 0.6530612244897959,
        "f1-score": 0.5333333333333333,
        "support": 49.0
    },
    "9": {
        "precision": 0.6875,
        "recall": 0.673469387755102,
        "f1-score": 0.6804123711340206,
        "support": 49.0
    },
    "accuracy": 0.7525510204081632,
    "macro avg": {
        "precision": 0.8091999605925859,
        "recall": 0.7525510204081634,
        "f1-score": 0.7471081617378206,
        "support": 392.0
    },
    "weighted avg": {
        "precision": 0.8091999605925859,
        "recall": 0.7525510204081632,
        "f1-score": 0.7471081617378207,
        "support": 392.0
    }
}