{
    "2": {
        "precision": 1.0,
        "recall": 0.9591836734693877,
        "f1-score": 0.9791666666666666,
        "support": 49.0
    },
    "3": {
        "precision": 0.96,
        "recall": 0.9795918367346939,
        "f1-score": 0.9696969696969697,
        "support": 49.0
    },
    "4": {
        "precision": 0.98,
        "recall": 1.0,
        "f1-score": 0.98989898989899,
        "support": 49.0
    },
    "5": {
        "precision": 1.0,
        "recall": 0.42857142857142855,
        "f1-score": 0.6,
        "support": 49.0
    },
    "6": {
        "precision": 0.8666666666666667,
        "recall": 0.5306122448979592,
        "f1-score": 0.6582278481012658,
        "support": 49.0
    },
    "7": {
        "precision": 0.4426229508196721,
        "recall": 0.5510204081632653,
        "f1-score": 0.4909090909090909,
        "support": 49.0
    },
    "8": {
        "precision": 0.0,
        "recall": 0.0,
        "f1-score": 0.0,
        "support": 49.0
    },
    "9": {
        "precision": 0.3983739837398374,
        "recall": 1.0,
        "f1-score": 0.5697674418604651,
        "support": 49.0
    },
    "accuracy": 0.6811224489795918,
    "macro avg": {
        "precision": 0.705957950153272,
        "recall": 0.6811224489795918,
        "f1-score": 0.6572083758916809,
        "support": 392.0
    },
    "weighted avg": {
        "precision": 0.705957950153272,
        "recall": 0.6811224489795918,
        "f1-score": 0.6572083758916809,
        "support": 392.0
    }
}