{
    "2": {
        "precision": 1.0,
        "recall": 0.6938775510204082,
        "f1-score": 0.8192771084337349,
        "support": 49.0
    },
    "3": {
        "precision": 0.6153846153846154,
        "recall": 0.4897959183673469,
        "f1-score": 0.5454545454545454,
        "support": 49.0
    },
    "4": {
        "precision": 0.49019607843137253,
        "recall": 0.5102040816326531,
        "f1-score": 0.5,
        "support": 49.0
    },
    "5": {
        "precision": 0.5319148936170213,
        "recall": 0.5102040816326531,
        "f1-score": 0.5208333333333334,
        "support": 49.0
    },
    "6": {
        "precision": 0.4583333333333333,
        "recall": 0.22448979591836735,
        "f1-score": 0.3013698630136986,
        "support": 49.0
    },
    "7": {
        "precision": 0.3434343434343434,
        "recall": 0.6938775510204082,
        "f1-score": 0.4594594594594595,
        "support": 49.0
    },
    "8": {
        "precision": 0.4375,
        "recall": 0.5714285714285714,
        "f1-score": 0.49557522123893805,
        "support": 49.0
    },
    "9": {
        "precision": 0.7941176470588235,
        "recall": 0.5510204081632653,
        "f1-score": 0.6506024096385542,
        "support": 49.0
    },
    "accuracy": 0.5306122448979592,
    "macro avg": {
        "precision": 0.5838601139074386,
        "recall": 0.5306122448979591,
        "f1-score": 0.536571492571533,
        "support": 392.0
    },
    "weighted avg": {
        "precision": 0.5838601139074386,
        "recall": 0.5306122448979592,
        "f1-score": 0.536571492571533,
        "support": 392.0
    }
}