{
    "2": {
        "precision": 1.0,
        "recall": 1.0,
        "f1-score": 1.0,
        "support": 49.0
    },
    "3": {
        "precision": 0.96,
        "recall": 0.9795918367346939,
        "f1-score": 0.9696969696969697,
        "support": 49.0
    },
    "4": {
        "precision": 0.7230769230769231,
        "recall": 0.9591836734693877,
        "f1-score": 0.8245614035087719,
        "support": 49.0
    },
    "5": {
        "precision": 0.5333333333333333,
        "recall": 0.6530612244897959,
        "f1-score": 0.5871559633027523,
        "support": 49.0
    },
    "6": {
        "precision": 0.7647058823529411,
        "recall": 0.2653061224489796,
        "f1-score": 0.3939393939393939,
        "support": 49.0
    },
    "7": {
        "precision": 0.5125,
        "recall": 0.8367346938775511,
        "f1-score": 0.6356589147286822,
        "support": 49.0
    },
    "8": {
        "precision": 0.525,
        "recall": 0.42857142857142855,
        "f1-score": 0.47191011235955055,
        "support": 49.0
    },
    "9": {
        "precision": 0.967741935483871,
        "recall": 0.6122448979591837,
        "f1-score": 0.75,
        "support": 49.0
    },
    "accuracy": 0.7168367346938775,
    "macro avg": {
        "precision": 0.7482947592808835,
        "recall": 0.7168367346938775,
        "f1-score": 0.704115344692015,
        "support": 392.0
    },
    "weighted avg": {
        "precision": 0.7482947592808836,
        "recall": 0.7168367346938775,
        "f1-score": 0.7041153446920152,
        "support": 392.0
    }
}