{
    "1": {
        "precision": 1.0,
        "recall": 1.0,
        "f1-score": 1.0,
        "support": 81.0
    },
    "2": {
        "precision": 1.0,
        "recall": 0.9506172839506173,
        "f1-score": 0.9746835443037974,
        "support": 81.0
    },
    "3": {
        "precision": 0.9411764705882353,
        "recall": 0.7901234567901234,
        "f1-score": 0.8590604026845637,
        "support": 81.0
    },
    "4": {
        "precision": 0.7567567567567568,
        "recall": 0.691358024691358,
        "f1-score": 0.7225806451612903,
        "support": 81.0
    },
    "5": {
        "precision": 0.6493506493506493,
        "recall": 0.6172839506172839,
        "f1-score": 0.6329113924050633,
        "support": 81.0
    },
    "6": {
        "precision": 0.48214285714285715,
        "recall": 0.3333333333333333,
        "f1-score": 0.39416058394160586,
        "support": 81.0
    },
    "7": {
        "precision": 0.3630573248407643,
        "recall": 0.7037037037037037,
        "f1-score": 0.4789915966386555,
        "support": 81.0
    },
    "8": {
        "precision": 0.40425531914893614,
        "recall": 0.4691358024691358,
        "f1-score": 0.4342857142857143,
        "support": 81.0
    },
    "9": {
        "precision": 0.7777777777777778,
        "recall": 0.43209876543209874,
        "f1-score": 0.5555555555555556,
        "support": 81.0
    },
    "accuracy": 0.6652949245541838,
    "macro avg": {
        "precision": 0.7082796839562197,
        "recall": 0.6652949245541838,
        "f1-score": 0.6724699372195828,
        "support": 729.0
    },
    "weighted avg": {
        "precision": 0.7082796839562195,
        "recall": 0.6652949245541838,
        "f1-score": 0.6724699372195828,
        "support": 729.0
    }
}