{
    "2": {
        "precision": 1.0,
        "recall": 1.0,
        "f1-score": 1.0,
        "support": 49.0
    },
    "3": {
        "precision": 1.0,
        "recall": 1.0,
        "f1-score": 1.0,
        "support": 49.0
    },
    "4": {
        "precision": 0.9074074074074074,
        "recall": 1.0,
        "f1-score": 0.9514563106796117,
        "support": 49.0
    },
    "5": {
        "precision": 0.9736842105263158,
        "recall": 0.7551020408163265,
        "f1-score": 0.8505747126436781,
        "support": 49.0
    },
    "6": {
        "precision": 0.6363636363636364,
        "recall": 1.0,
        "f1-score": 0.7777777777777778,
        "support": 49.0
    },
    "7": {
        "precision": 0.7073170731707317,
        "recall": 0.5918367346938775,
        "f1-score": 0.6444444444444445,
        "support": 49.0
    },
    "8": {
        "precision": 0.8571428571428571,
        "recall": 0.12244897959183673,
        "f1-score": 0.21428571428571427,
        "support": 49.0
    },
    "9": {
        "precision": 0.6363636363636364,
        "recall": 1.0,
        "f1-score": 0.7777777777777778,
        "support": 49.0
    },
    "accuracy": 0.8086734693877551,
    "macro avg": {
        "precision": 0.8397848526218231,
        "recall": 0.8086734693877551,
        "f1-score": 0.7770395922011255,
        "support": 392.0
    },
    "weighted avg": {
        "precision": 0.8397848526218231,
        "recall": 0.8086734693877551,
        "f1-score": 0.7770395922011256,
        "support": 392.0
    }
}