{
    "2": {
        "precision": 1.0,
        "recall": 0.9795918367346939,
        "f1-score": 0.9896907216494846,
        "support": 49.0
    },
    "3": {
        "precision": 0.5975609756097561,
        "recall": 1.0,
        "f1-score": 0.7480916030534351,
        "support": 49.0
    },
    "4": {
        "precision": 0.6923076923076923,
        "recall": 0.3673469387755102,
        "f1-score": 0.48,
        "support": 49.0
    },
    "5": {
        "precision": 0.8888888888888888,
        "recall": 0.8163265306122449,
        "f1-score": 0.851063829787234,
        "support": 49.0
    },
    "6": {
        "precision": 0.9148936170212766,
        "recall": 0.8775510204081632,
        "f1-score": 0.8958333333333334,
        "support": 49.0
    },
    "7": {
        "precision": 0.32142857142857145,
        "recall": 0.9183673469387755,
        "f1-score": 0.47619047619047616,
        "support": 49.0
    },
    "8": {
        "precision": 0.0,
        "recall": 0.0,
        "f1-score": 0.0,
        "support": 49.0
    },
    "9": {
        "precision": 1.0,
        "recall": 0.08163265306122448,
        "f1-score": 0.1509433962264151,
        "support": 49.0
    },
    "accuracy": 0.6301020408163265,
    "macro avg": {
        "precision": 0.6768849681570231,
        "recall": 0.6301020408163266,
        "f1-score": 0.5739766700300473,
        "support": 392.0
    },
    "weighted avg": {
        "precision": 0.6768849681570231,
        "recall": 0.6301020408163265,
        "f1-score": 0.5739766700300473,
        "support": 392.0
    }
}