{
    "1": {
        "precision": 1.0,
        "recall": 1.0,
        "f1-score": 1.0,
        "support": 81.0
    },
    "2": {
        "precision": 0.9294117647058824,
        "recall": 0.9753086419753086,
        "f1-score": 0.9518072289156626,
        "support": 81.0
    },
    "3": {
        "precision": 0.8421052631578947,
        "recall": 0.3950617283950617,
        "f1-score": 0.5378151260504201,
        "support": 81.0
    },
    "4": {
        "precision": 0.10204081632653061,
        "recall": 0.06172839506172839,
        "f1-score": 0.07692307692307693,
        "support": 81.0
    },
    "5": {
        "precision": 0.19444444444444445,
        "recall": 0.1728395061728395,
        "f1-score": 0.1830065359477124,
        "support": 81.0
    },
    "6": {
        "precision": 0.03773584905660377,
        "recall": 0.024691358024691357,
        "f1-score": 0.029850746268656716,
        "support": 81.0
    },
    "7": {
        "precision": 0.12121212121212122,
        "recall": 0.09876543209876543,
        "f1-score": 0.10884353741496598,
        "support": 81.0
    },
    "8": {
        "precision": 0.175,
        "recall": 0.25925925925925924,
        "f1-score": 0.208955223880597,
        "support": 81.0
    },
    "9": {
        "precision": 0.2413793103448276,
        "recall": 0.08641975308641975,
        "f1-score": 0.12727272727272726,
        "support": 81.0
    },
    "micro avg": {
        "precision": 0.41989881956155145,
        "recall": 0.34156378600823045,
        "f1-score": 0.3767019667170953,
        "support": 729.0
    },
    "macro avg": {
        "precision": 0.40481439658314494,
        "recall": 0.34156378600823045,
        "f1-score": 0.35827491140820217,
        "support": 729.0
    },
    "weighted avg": {
        "precision": 0.4048143965831449,
        "recall": 0.34156378600823045,
        "f1-score": 0.3582749114082021,
        "support": 729.0
    },
    "accuracy": 0.34156378600823045
}