{
    "1": {
        "precision": 0.9759036144578314,
        "recall": 1.0,
        "f1-score": 0.9878048780487805,
        "support": 81.0
    },
    "2": {
        "precision": 1.0,
        "recall": 0.9506172839506173,
        "f1-score": 0.9746835443037974,
        "support": 81.0
    },
    "3": {
        "precision": 0.9390243902439024,
        "recall": 0.9506172839506173,
        "f1-score": 0.9447852760736196,
        "support": 81.0
    },
    "4": {
        "precision": 0.9733333333333334,
        "recall": 0.9012345679012346,
        "f1-score": 0.9358974358974359,
        "support": 81.0
    },
    "5": {
        "precision": 0.8470588235294118,
        "recall": 0.8888888888888888,
        "f1-score": 0.8674698795180723,
        "support": 81.0
    },
    "6": {
        "precision": 0.7246376811594203,
        "recall": 0.6172839506172839,
        "f1-score": 0.6666666666666666,
        "support": 81.0
    },
    "7": {
        "precision": 0.4921875,
        "recall": 0.7777777777777778,
        "f1-score": 0.6028708133971292,
        "support": 81.0
    },
    "8": {
        "precision": 0.4032258064516129,
        "recall": 0.30864197530864196,
        "f1-score": 0.34965034965034963,
        "support": 81.0
    },
    "9": {
        "precision": 0.6716417910447762,
        "recall": 0.5555555555555556,
        "f1-score": 0.6081081081081081,
        "support": 81.0
    },
    "micro avg": {
        "precision": 0.7733516483516484,
        "recall": 0.7722908093278463,
        "f1-score": 0.7728208647906658,
        "support": 729.0
    },
    "macro avg": {
        "precision": 0.7807792155800322,
        "recall": 0.7722908093278463,
        "f1-score": 0.7708818835182177,
        "support": 729.0
    },
    "weighted avg": {
        "precision": 0.780779215580032,
        "recall": 0.7722908093278463,
        "f1-score": 0.7708818835182178,
        "support": 729.0
    },
    "accuracy": 0.7722908093278463
}