{
    "2": {
        "precision": 1.0,
        "recall": 0.4489795918367347,
        "f1-score": 0.6197183098591549,
        "support": 49.0
    },
    "3": {
        "precision": 0.2777777777777778,
        "recall": 0.20408163265306123,
        "f1-score": 0.23529411764705882,
        "support": 49.0
    },
    "4": {
        "precision": 0.2765957446808511,
        "recall": 0.2653061224489796,
        "f1-score": 0.2708333333333333,
        "support": 49.0
    },
    "5": {
        "precision": 0.1111111111111111,
        "recall": 0.02040816326530612,
        "f1-score": 0.034482758620689655,
        "support": 49.0
    },
    "6": {
        "precision": 0.0,
        "recall": 0.0,
        "f1-score": 0.0,
        "support": 49.0
    },
    "7": {
        "precision": 0.0,
        "recall": 0.0,
        "f1-score": 0.0,
        "support": 49.0
    },
    "8": {
        "precision": 0.1891891891891892,
        "recall": 1.0,
        "f1-score": 0.3181818181818182,
        "support": 49.0
    },
    "9": {
        "precision": 0.0,
        "recall": 0.0,
        "f1-score": 0.0,
        "support": 49.0
    },
    "accuracy": 0.2423469387755102,
    "macro avg": {
        "precision": 0.23183422784486615,
        "recall": 0.24234693877551022,
        "f1-score": 0.18481379220525684,
        "support": 392.0
    },
    "weighted avg": {
        "precision": 0.23183422784486618,
        "recall": 0.2423469387755102,
        "f1-score": 0.18481379220525687,
        "support": 392.0
    }
}