{
    "2": {
        "precision": 1.0,
        "recall": 0.6938775510204082,
        "f1-score": 0.8192771084337349,
        "support": 49.0
    },
    "3": {
        "precision": 0.8103448275862069,
        "recall": 0.9591836734693877,
        "f1-score": 0.8785046728971962,
        "support": 49.0
    },
    "4": {
        "precision": 0.8070175438596491,
        "recall": 0.9387755102040817,
        "f1-score": 0.8679245283018868,
        "support": 49.0
    },
    "5": {
        "precision": 0.8863636363636364,
        "recall": 0.7959183673469388,
        "f1-score": 0.8387096774193549,
        "support": 49.0
    },
    "6": {
        "precision": 0.5432098765432098,
        "recall": 0.8979591836734694,
        "f1-score": 0.676923076923077,
        "support": 49.0
    },
    "7": {
        "precision": 0.3225806451612903,
        "recall": 0.40816326530612246,
        "f1-score": 0.36036036036036034,
        "support": 49.0
    },
    "8": {
        "precision": 0.19642857142857142,
        "recall": 0.22448979591836735,
        "f1-score": 0.20952380952380953,
        "support": 49.0
    },
    "9": {
        "precision": 0.0,
        "recall": 0.0,
        "f1-score": 0.0,
        "support": 49.0
    },
    "accuracy": 0.6147959183673469,
    "macro avg": {
        "precision": 0.5707431376178205,
        "recall": 0.6147959183673469,
        "f1-score": 0.5814029042324275,
        "support": 392.0
    },
    "weighted avg": {
        "precision": 0.5707431376178205,
        "recall": 0.6147959183673469,
        "f1-score": 0.5814029042324275,
        "support": 392.0
    }
}