{
    "1": {
        "precision": 1.0,
        "recall": 1.0,
        "f1-score": 1.0,
        "support": 81.0
    },
    "2": {
        "precision": 1.0,
        "recall": 1.0,
        "f1-score": 1.0,
        "support": 81.0
    },
    "3": {
        "precision": 0.9873417721518988,
        "recall": 0.9629629629629629,
        "f1-score": 0.975,
        "support": 81.0
    },
    "4": {
        "precision": 0.9036144578313253,
        "recall": 0.9259259259259259,
        "f1-score": 0.9146341463414634,
        "support": 81.0
    },
    "5": {
        "precision": 0.8904109589041096,
        "recall": 0.8024691358024691,
        "f1-score": 0.8441558441558441,
        "support": 81.0
    },
    "6": {
        "precision": 0.7941176470588235,
        "recall": 0.6666666666666666,
        "f1-score": 0.7248322147651006,
        "support": 81.0
    },
    "7": {
        "precision": 0.6292134831460674,
        "recall": 0.691358024691358,
        "f1-score": 0.6588235294117647,
        "support": 81.0
    },
    "8": {
        "precision": 0.5555555555555556,
        "recall": 0.49382716049382713,
        "f1-score": 0.5228758169934641,
        "support": 81.0
    },
    "9": {
        "precision": 0.5584415584415584,
        "recall": 0.5308641975308642,
        "f1-score": 0.5443037974683544,
        "support": 81.0
    },
    "micro avg": {
        "precision": 0.8150782361308677,
        "recall": 0.7860082304526749,
        "f1-score": 0.8002793296089385,
        "support": 729.0
    },
    "macro avg": {
        "precision": 0.813188381454371,
        "recall": 0.7860082304526749,
        "f1-score": 0.7982917054595546,
        "support": 729.0
    },
    "weighted avg": {
        "precision": 0.813188381454371,
        "recall": 0.7860082304526749,
        "f1-score": 0.7982917054595545,
        "support": 729.0
    },
    "accuracy": 0.7860082304526749
}