{
    "2": {
        "precision": 1.0,
        "recall": 0.04081632653061224,
        "f1-score": 0.0784313725490196,
        "support": 49.0
    },
    "3": {
        "precision": 0.3979591836734694,
        "recall": 0.7959183673469388,
        "f1-score": 0.5306122448979592,
        "support": 49.0
    },
    "4": {
        "precision": 0.4918032786885246,
        "recall": 0.6122448979591837,
        "f1-score": 0.5454545454545454,
        "support": 49.0
    },
    "5": {
        "precision": 0.4482758620689655,
        "recall": 0.2653061224489796,
        "f1-score": 0.3333333333333333,
        "support": 49.0
    },
    "6": {
        "precision": 0.2,
        "recall": 0.20408163265306123,
        "f1-score": 0.20202020202020202,
        "support": 49.0
    },
    "7": {
        "precision": 0.2857142857142857,
        "recall": 0.04081632653061224,
        "f1-score": 0.07142857142857142,
        "support": 49.0
    },
    "8": {
        "precision": 0.22727272727272727,
        "recall": 0.6122448979591837,
        "f1-score": 0.3314917127071823,
        "support": 49.0
    },
    "9": {
        "precision": 0.15384615384615385,
        "recall": 0.04081632653061224,
        "f1-score": 0.06451612903225806,
        "support": 49.0
    },
    "accuracy": 0.32653061224489793,
    "macro avg": {
        "precision": 0.40060893640801576,
        "recall": 0.326530612244898,
        "f1-score": 0.2696610139278839,
        "support": 392.0
    },
    "weighted avg": {
        "precision": 0.4006089364080158,
        "recall": 0.32653061224489793,
        "f1-score": 0.26966101392788394,
        "support": 392.0
    }
}