{
    "2": {
        "precision": 1.0,
        "recall": 0.7959183673469388,
        "f1-score": 0.8863636363636364,
        "support": 49.0
    },
    "3": {
        "precision": 0.8,
        "recall": 0.8163265306122449,
        "f1-score": 0.8080808080808081,
        "support": 49.0
    },
    "4": {
        "precision": 0.7428571428571429,
        "recall": 0.5306122448979592,
        "f1-score": 0.6190476190476191,
        "support": 49.0
    },
    "5": {
        "precision": 0.5106382978723404,
        "recall": 0.4897959183673469,
        "f1-score": 0.5,
        "support": 49.0
    },
    "6": {
        "precision": 0.475,
        "recall": 0.3877551020408163,
        "f1-score": 0.42696629213483145,
        "support": 49.0
    },
    "7": {
        "precision": 0.38596491228070173,
        "recall": 0.4489795918367347,
        "f1-score": 0.41509433962264153,
        "support": 49.0
    },
    "8": {
        "precision": 0.4318181818181818,
        "recall": 0.3877551020408163,
        "f1-score": 0.40860215053763443,
        "support": 49.0
    },
    "9": {
        "precision": 0.5569620253164557,
        "recall": 0.8979591836734694,
        "f1-score": 0.6875,
        "support": 49.0
    },
    "micro avg": {
        "precision": 0.5959079283887468,
        "recall": 0.5943877551020408,
        "f1-score": 0.5951468710089399,
        "support": 392.0
    },
    "macro avg": {
        "precision": 0.6129050700181028,
        "recall": 0.5943877551020408,
        "f1-score": 0.5939568557233963,
        "support": 392.0
    },
    "weighted avg": {
        "precision": 0.6129050700181029,
        "recall": 0.5943877551020408,
        "f1-score": 0.5939568557233964,
        "support": 392.0
    },
    "accuracy": 0.5943877551020408
}