{
    "2": {
        "precision": 1.0,
        "recall": 1.0,
        "f1-score": 1.0,
        "support": 49.0
    },
    "3": {
        "precision": 1.0,
        "recall": 0.8571428571428571,
        "f1-score": 0.9230769230769231,
        "support": 49.0
    },
    "4": {
        "precision": 0.8727272727272727,
        "recall": 0.9795918367346939,
        "f1-score": 0.9230769230769231,
        "support": 49.0
    },
    "5": {
        "precision": 0.9565217391304348,
        "recall": 0.4489795918367347,
        "f1-score": 0.6111111111111112,
        "support": 49.0
    },
    "6": {
        "precision": 0.6511627906976745,
        "recall": 0.5714285714285714,
        "f1-score": 0.6086956521739131,
        "support": 49.0
    },
    "7": {
        "precision": 0.32653061224489793,
        "recall": 0.32653061224489793,
        "f1-score": 0.32653061224489793,
        "support": 49.0
    },
    "8": {
        "precision": 0.36666666666666664,
        "recall": 0.4489795918367347,
        "f1-score": 0.4036697247706422,
        "support": 49.0
    },
    "9": {
        "precision": 0.5211267605633803,
        "recall": 0.7551020408163265,
        "f1-score": 0.6166666666666667,
        "support": 49.0
    },
    "accuracy": 0.673469387755102,
    "macro avg": {
        "precision": 0.7118419802537909,
        "recall": 0.673469387755102,
        "f1-score": 0.6766034516401347,
        "support": 392.0
    },
    "weighted avg": {
        "precision": 0.7118419802537909,
        "recall": 0.673469387755102,
        "f1-score": 0.6766034516401347,
        "support": 392.0
    }
}