{
    "2": {
        "precision": 1.0,
        "recall": 0.9183673469387755,
        "f1-score": 0.9574468085106383,
        "support": 49.0
    },
    "3": {
        "precision": 1.0,
        "recall": 0.9591836734693877,
        "f1-score": 0.9791666666666666,
        "support": 49.0
    },
    "4": {
        "precision": 0.7857142857142857,
        "recall": 0.8979591836734694,
        "f1-score": 0.8380952380952381,
        "support": 49.0
    },
    "5": {
        "precision": 1.0,
        "recall": 0.5918367346938775,
        "f1-score": 0.7435897435897436,
        "support": 49.0
    },
    "6": {
        "precision": 0.47,
        "recall": 0.9591836734693877,
        "f1-score": 0.6308724832214765,
        "support": 49.0
    },
    "7": {
        "precision": 0.7352941176470589,
        "recall": 0.5102040816326531,
        "f1-score": 0.6024096385542169,
        "support": 49.0
    },
    "8": {
        "precision": 0.625,
        "recall": 0.30612244897959184,
        "f1-score": 0.410958904109589,
        "support": 49.0
    },
    "9": {
        "precision": 0.7543859649122807,
        "recall": 0.8775510204081632,
        "f1-score": 0.8113207547169812,
        "support": 49.0
    },
    "accuracy": 0.7525510204081632,
    "macro avg": {
        "precision": 0.7962992960342031,
        "recall": 0.7525510204081632,
        "f1-score": 0.7467325296830688,
        "support": 392.0
    },
    "weighted avg": {
        "precision": 0.7962992960342031,
        "recall": 0.7525510204081632,
        "f1-score": 0.7467325296830688,
        "support": 392.0
    }
}