{
    "1": {
        "precision": 1.0,
        "recall": 0.8518518518518519,
        "f1-score": 0.92,
        "support": 243.0
    },
    "2": {
        "precision": 0.8280542986425339,
        "recall": 0.7530864197530864,
        "f1-score": 0.7887931034482759,
        "support": 243.0
    },
    "3": {
        "precision": 0.7128712871287128,
        "recall": 0.5925925925925926,
        "f1-score": 0.647191011235955,
        "support": 243.0
    },
    "4": {
        "precision": 0.6391752577319587,
        "recall": 0.7654320987654321,
        "f1-score": 0.6966292134831461,
        "support": 243.0
    },
    "5": {
        "precision": 0.7184873949579832,
        "recall": 0.7037037037037037,
        "f1-score": 0.7110187110187111,
        "support": 243.0
    },
    "6": {
        "precision": 0.5430622009569378,
        "recall": 0.934156378600823,
        "f1-score": 0.686838124054463,
        "support": 243.0
    },
    "7": {
        "precision": 0.45185185185185184,
        "recall": 0.5020576131687243,
        "f1-score": 0.4756335282651072,
        "support": 243.0
    },
    "8": {
        "precision": 0.4369369369369369,
        "recall": 0.3991769547325103,
        "f1-score": 0.4172043010752688,
        "support": 243.0
    },
    "9": {
        "precision": 0.8389830508474576,
        "recall": 0.4074074074074074,
        "f1-score": 0.5484764542936288,
        "support": 243.0
    },
    "accuracy": 0.6566072245084591,
    "macro avg": {
        "precision": 0.6854913643393747,
        "recall": 0.656607224508459,
        "f1-score": 0.6546427163193951,
        "support": 2187.0
    },
    "weighted avg": {
        "precision": 0.6854913643393749,
        "recall": 0.6566072245084591,
        "f1-score": 0.6546427163193952,
        "support": 2187.0
    }
}