{
    "2": {
        "precision": 1.0,
        "recall": 0.9591836734693877,
        "f1-score": 0.9791666666666666,
        "support": 49.0
    },
    "3": {
        "precision": 0.6805555555555556,
        "recall": 1.0,
        "f1-score": 0.8099173553719008,
        "support": 49.0
    },
    "4": {
        "precision": 0.8571428571428571,
        "recall": 0.4897959183673469,
        "f1-score": 0.6233766233766234,
        "support": 49.0
    },
    "5": {
        "precision": 0.6363636363636364,
        "recall": 0.8571428571428571,
        "f1-score": 0.7304347826086957,
        "support": 49.0
    },
    "6": {
        "precision": 0.0,
        "recall": 0.0,
        "f1-score": 0.0,
        "support": 49.0
    },
    "7": {
        "precision": 0.30625,
        "recall": 1.0,
        "f1-score": 0.4688995215311005,
        "support": 49.0
    },
    "8": {
        "precision": 0.0,
        "recall": 0.0,
        "f1-score": 0.0,
        "support": 49.0
    },
    "9": {
        "precision": 0.9473684210526315,
        "recall": 0.3673469387755102,
        "f1-score": 0.5294117647058824,
        "support": 49.0
    },
    "accuracy": 0.5841836734693877,
    "macro avg": {
        "precision": 0.553460058764335,
        "recall": 0.5841836734693877,
        "f1-score": 0.5176508392826087,
        "support": 392.0
    },
    "weighted avg": {
        "precision": 0.5534600587643351,
        "recall": 0.5841836734693877,
        "f1-score": 0.5176508392826086,
        "support": 392.0
    }
}