{
    "1": {
        "precision": 1.0,
        "recall": 1.0,
        "f1-score": 1.0,
        "support": 81.0
    },
    "2": {
        "precision": 1.0,
        "recall": 1.0,
        "f1-score": 1.0,
        "support": 81.0
    },
    "3": {
        "precision": 1.0,
        "recall": 1.0,
        "f1-score": 1.0,
        "support": 81.0
    },
    "4": {
        "precision": 1.0,
        "recall": 1.0,
        "f1-score": 1.0,
        "support": 81.0
    },
    "5": {
        "precision": 0.9101123595505618,
        "recall": 1.0,
        "f1-score": 0.9529411764705882,
        "support": 81.0
    },
    "6": {
        "precision": 0.6517857142857143,
        "recall": 0.9012345679012346,
        "f1-score": 0.7564766839378239,
        "support": 81.0
    },
    "7": {
        "precision": 0.746031746031746,
        "recall": 0.5802469135802469,
        "f1-score": 0.6527777777777778,
        "support": 81.0
    },
    "8": {
        "precision": 0.6744186046511628,
        "recall": 0.7160493827160493,
        "f1-score": 0.6946107784431138,
        "support": 81.0
    },
    "9": {
        "precision": 0.92,
        "recall": 0.2839506172839506,
        "f1-score": 0.4339622641509434,
        "support": 81.0
    },
    "micro avg": {
        "precision": 0.8669527896995708,
        "recall": 0.831275720164609,
        "f1-score": 0.8487394957983193,
        "support": 729.0
    },
    "macro avg": {
        "precision": 0.878038713835465,
        "recall": 0.831275720164609,
        "f1-score": 0.8323076311978052,
        "support": 729.0
    },
    "weighted avg": {
        "precision": 0.878038713835465,
        "recall": 0.831275720164609,
        "f1-score": 0.8323076311978053,
        "support": 729.0
    },
    "accuracy": 0.831275720164609
}