{
    "2": {
        "precision": 1.0,
        "recall": 1.0,
        "f1-score": 1.0,
        "support": 49.0
    },
    "3": {
        "precision": 1.0,
        "recall": 1.0,
        "f1-score": 1.0,
        "support": 49.0
    },
    "4": {
        "precision": 0.8448275862068966,
        "recall": 1.0,
        "f1-score": 0.9158878504672897,
        "support": 49.0
    },
    "5": {
        "precision": 0.975,
        "recall": 0.7959183673469388,
        "f1-score": 0.8764044943820225,
        "support": 49.0
    },
    "6": {
        "precision": 0.6621621621621622,
        "recall": 1.0,
        "f1-score": 0.7967479674796748,
        "support": 49.0
    },
    "7": {
        "precision": 0.4,
        "recall": 0.5306122448979592,
        "f1-score": 0.45614035087719296,
        "support": 49.0
    },
    "8": {
        "precision": 0.8888888888888888,
        "recall": 0.16326530612244897,
        "f1-score": 0.27586206896551724,
        "support": 49.0
    },
    "9": {
        "precision": 0.9791666666666666,
        "recall": 0.9591836734693877,
        "f1-score": 0.9690721649484536,
        "support": 49.0
    },
    "accuracy": 0.8061224489795918,
    "macro avg": {
        "precision": 0.8437556629905767,
        "recall": 0.8061224489795918,
        "f1-score": 0.7862643621400189,
        "support": 392.0
    },
    "weighted avg": {
        "precision": 0.8437556629905769,
        "recall": 0.8061224489795918,
        "f1-score": 0.7862643621400187,
        "support": 392.0
    }
}