{
    "2": {
        "precision": 1.0,
        "recall": 1.0,
        "f1-score": 1.0,
        "support": 49.0
    },
    "3": {
        "precision": 1.0,
        "recall": 0.7142857142857143,
        "f1-score": 0.8333333333333334,
        "support": 49.0
    },
    "4": {
        "precision": 0.7580645161290323,
        "recall": 0.9591836734693877,
        "f1-score": 0.8468468468468469,
        "support": 49.0
    },
    "5": {
        "precision": 1.0,
        "recall": 0.10204081632653061,
        "f1-score": 0.18518518518518517,
        "support": 49.0
    },
    "6": {
        "precision": 0.38961038961038963,
        "recall": 0.6122448979591837,
        "f1-score": 0.47619047619047616,
        "support": 49.0
    },
    "7": {
        "precision": 0.0,
        "recall": 0.0,
        "f1-score": 0.0,
        "support": 49.0
    },
    "8": {
        "precision": 0.20833333333333334,
        "recall": 0.20408163265306123,
        "f1-score": 0.20618556701030927,
        "support": 49.0
    },
    "9": {
        "precision": 0.39655172413793105,
        "recall": 0.9387755102040817,
        "f1-score": 0.5575757575757576,
        "support": 49.0
    },
    "accuracy": 0.5663265306122449,
    "macro avg": {
        "precision": 0.5940699954013358,
        "recall": 0.5663265306122449,
        "f1-score": 0.5131646457677386,
        "support": 392.0
    },
    "weighted avg": {
        "precision": 0.5940699954013358,
        "recall": 0.5663265306122449,
        "f1-score": 0.5131646457677386,
        "support": 392.0
    }
}