{
    "1": {
        "precision": 1.0,
        "recall": 0.2839506172839506,
        "f1-score": 0.4423076923076923,
        "support": 81.0
    },
    "2": {
        "precision": 0.2564102564102564,
        "recall": 0.24691358024691357,
        "f1-score": 0.25157232704402516,
        "support": 81.0
    },
    "3": {
        "precision": 0.32051282051282054,
        "recall": 0.30864197530864196,
        "f1-score": 0.31446540880503143,
        "support": 81.0
    },
    "4": {
        "precision": 0.375,
        "recall": 0.2962962962962963,
        "f1-score": 0.3310344827586207,
        "support": 81.0
    },
    "5": {
        "precision": 0.49056603773584906,
        "recall": 0.32098765432098764,
        "f1-score": 0.3880597014925373,
        "support": 81.0
    },
    "6": {
        "precision": 0.3,
        "recall": 0.48148148148148145,
        "f1-score": 0.3696682464454976,
        "support": 81.0
    },
    "7": {
        "precision": 0.271523178807947,
        "recall": 0.5061728395061729,
        "f1-score": 0.35344827586206895,
        "support": 81.0
    },
    "8": {
        "precision": 0.27450980392156865,
        "recall": 0.1728395061728395,
        "f1-score": 0.21212121212121213,
        "support": 81.0
    },
    "9": {
        "precision": 0.39603960396039606,
        "recall": 0.49382716049382713,
        "f1-score": 0.43956043956043955,
        "support": 81.0
    },
    "accuracy": 0.345679012345679,
    "macro avg": {
        "precision": 0.40939574459431527,
        "recall": 0.345679012345679,
        "f1-score": 0.3446930873774583,
        "support": 729.0
    },
    "weighted avg": {
        "precision": 0.4093957445943153,
        "recall": 0.345679012345679,
        "f1-score": 0.3446930873774584,
        "support": 729.0
    }
}