{
    "1": {
        "precision": 0.975609756097561,
        "recall": 0.9876543209876543,
        "f1-score": 0.9815950920245399,
        "support": 81.0
    },
    "2": {
        "precision": 1.0,
        "recall": 0.9506172839506173,
        "f1-score": 0.9746835443037974,
        "support": 81.0
    },
    "3": {
        "precision": 0.8953488372093024,
        "recall": 0.9506172839506173,
        "f1-score": 0.9221556886227545,
        "support": 81.0
    },
    "4": {
        "precision": 0.9459459459459459,
        "recall": 0.8641975308641975,
        "f1-score": 0.9032258064516129,
        "support": 81.0
    },
    "5": {
        "precision": 0.7916666666666666,
        "recall": 0.9382716049382716,
        "f1-score": 0.8587570621468926,
        "support": 81.0
    },
    "6": {
        "precision": 0.7846153846153846,
        "recall": 0.6296296296296297,
        "f1-score": 0.6986301369863014,
        "support": 81.0
    },
    "7": {
        "precision": 0.5073529411764706,
        "recall": 0.8518518518518519,
        "f1-score": 0.6359447004608295,
        "support": 81.0
    },
    "8": {
        "precision": 0.3333333333333333,
        "recall": 0.16049382716049382,
        "f1-score": 0.21666666666666667,
        "support": 81.0
    },
    "9": {
        "precision": 0.7027027027027027,
        "recall": 0.6419753086419753,
        "f1-score": 0.6709677419354839,
        "support": 81.0
    },
    "accuracy": 0.7750342935528121,
    "macro avg": {
        "precision": 0.7707306186385963,
        "recall": 0.7750342935528121,
        "f1-score": 0.7625140488443198,
        "support": 729.0
    },
    "weighted avg": {
        "precision": 0.7707306186385964,
        "recall": 0.7750342935528121,
        "f1-score": 0.7625140488443198,
        "support": 729.0
    }
}