{
    "2": {
        "precision": 1.0,
        "recall": 0.9795918367346939,
        "f1-score": 0.9896907216494846,
        "support": 49.0
    },
    "3": {
        "precision": 0.9230769230769231,
        "recall": 0.9795918367346939,
        "f1-score": 0.9504950495049505,
        "support": 49.0
    },
    "4": {
        "precision": 0.7288135593220338,
        "recall": 0.8775510204081632,
        "f1-score": 0.7962962962962963,
        "support": 49.0
    },
    "5": {
        "precision": 0.5862068965517241,
        "recall": 0.6938775510204082,
        "f1-score": 0.6355140186915887,
        "support": 49.0
    },
    "6": {
        "precision": 0.7619047619047619,
        "recall": 0.32653061224489793,
        "f1-score": 0.45714285714285713,
        "support": 49.0
    },
    "7": {
        "precision": 0.4861111111111111,
        "recall": 0.7142857142857143,
        "f1-score": 0.5785123966942148,
        "support": 49.0
    },
    "8": {
        "precision": 0.5106382978723404,
        "recall": 0.4897959183673469,
        "f1-score": 0.5,
        "support": 49.0
    },
    "9": {
        "precision": 0.9142857142857143,
        "recall": 0.6530612244897959,
        "f1-score": 0.7619047619047619,
        "support": 49.0
    },
    "accuracy": 0.7142857142857143,
    "macro avg": {
        "precision": 0.7388796580155761,
        "recall": 0.7142857142857143,
        "f1-score": 0.7086945127355193,
        "support": 392.0
    },
    "weighted avg": {
        "precision": 0.7388796580155761,
        "recall": 0.7142857142857143,
        "f1-score": 0.7086945127355193,
        "support": 392.0
    }
}