{
    "2": {
        "precision": 1.0,
        "recall": 1.0,
        "f1-score": 1.0,
        "support": 49.0
    },
    "3": {
        "precision": 1.0,
        "recall": 0.9387755102040817,
        "f1-score": 0.968421052631579,
        "support": 49.0
    },
    "4": {
        "precision": 0.9423076923076923,
        "recall": 1.0,
        "f1-score": 0.9702970297029703,
        "support": 49.0
    },
    "5": {
        "precision": 1.0,
        "recall": 0.5714285714285714,
        "f1-score": 0.7272727272727273,
        "support": 49.0
    },
    "6": {
        "precision": 0.7101449275362319,
        "recall": 1.0,
        "f1-score": 0.8305084745762712,
        "support": 49.0
    },
    "7": {
        "precision": 0.8857142857142857,
        "recall": 0.6326530612244898,
        "f1-score": 0.7380952380952381,
        "support": 49.0
    },
    "8": {
        "precision": 0.4117647058823529,
        "recall": 0.14285714285714285,
        "f1-score": 0.21212121212121213,
        "support": 49.0
    },
    "9": {
        "precision": 0.5052631578947369,
        "recall": 0.9795918367346939,
        "f1-score": 0.6666666666666666,
        "support": 49.0
    },
    "micro avg": {
        "precision": 0.7851662404092071,
        "recall": 0.7831632653061225,
        "f1-score": 0.7841634738186463,
        "support": 392.0
    },
    "macro avg": {
        "precision": 0.8068993461669125,
        "recall": 0.7831632653061225,
        "f1-score": 0.764172800133333,
        "support": 392.0
    },
    "weighted avg": {
        "precision": 0.8068993461669124,
        "recall": 0.7831632653061225,
        "f1-score": 0.7641728001333332,
        "support": 392.0
    },
    "accuracy": 0.7831632653061225
}