{
    "1": {
        "precision": 0.14285714285714285,
        "recall": 0.024691358024691357,
        "f1-score": 0.042105263157894736,
        "support": 81.0
    },
    "2": {
        "precision": 0.25471698113207547,
        "recall": 0.3333333333333333,
        "f1-score": 0.2887700534759358,
        "support": 81.0
    },
    "3": {
        "precision": 0.16666666666666666,
        "recall": 0.12345679012345678,
        "f1-score": 0.14184397163120568,
        "support": 81.0
    },
    "4": {
        "precision": 0.21978021978021978,
        "recall": 0.24691358024691357,
        "f1-score": 0.23255813953488372,
        "support": 81.0
    },
    "5": {
        "precision": 0.2549019607843137,
        "recall": 0.32098765432098764,
        "f1-score": 0.28415300546448086,
        "support": 81.0
    },
    "6": {
        "precision": 0.2755102040816326,
        "recall": 0.3333333333333333,
        "f1-score": 0.3016759776536313,
        "support": 81.0
    },
    "7": {
        "precision": 0.0,
        "recall": 0.0,
        "f1-score": 0.0,
        "support": 81.0
    },
    "8": {
        "precision": 0.0,
        "recall": 0.0,
        "f1-score": 0.0,
        "support": 81.0
    },
    "9": {
        "precision": 0.31225296442687744,
        "recall": 0.9753086419753086,
        "f1-score": 0.47305389221556887,
        "support": 81.0
    },
    "accuracy": 0.262002743484225,
    "macro avg": {
        "precision": 0.1807429044143254,
        "recall": 0.2620027434842249,
        "f1-score": 0.196017811459289,
        "support": 729.0
    },
    "weighted avg": {
        "precision": 0.1807429044143254,
        "recall": 0.262002743484225,
        "f1-score": 0.196017811459289,
        "support": 729.0
    }
}