{
    "1": {
        "precision": 1.0,
        "recall": 0.6666666666666666,
        "f1-score": 0.8,
        "support": 81.0
    },
    "2": {
        "precision": 0.6896551724137931,
        "recall": 0.7407407407407407,
        "f1-score": 0.7142857142857143,
        "support": 81.0
    },
    "3": {
        "precision": 0.8181818181818182,
        "recall": 0.7777777777777778,
        "f1-score": 0.7974683544303798,
        "support": 81.0
    },
    "4": {
        "precision": 0.6881720430107527,
        "recall": 0.7901234567901234,
        "f1-score": 0.735632183908046,
        "support": 81.0
    },
    "5": {
        "precision": 0.7051282051282052,
        "recall": 0.6790123456790124,
        "f1-score": 0.6918238993710691,
        "support": 81.0
    },
    "6": {
        "precision": 0.44274809160305345,
        "recall": 0.7160493827160493,
        "f1-score": 0.5471698113207547,
        "support": 81.0
    },
    "7": {
        "precision": 0.1935483870967742,
        "recall": 0.37037037037037035,
        "f1-score": 0.2542372881355932,
        "support": 81.0
    },
    "8": {
        "precision": 0.175,
        "recall": 0.08641975308641975,
        "f1-score": 0.11570247933884298,
        "support": 81.0
    },
    "9": {
        "precision": 0.7142857142857143,
        "recall": 0.12345679012345678,
        "f1-score": 0.21052631578947367,
        "support": 81.0
    },
    "accuracy": 0.5500685871056241,
    "macro avg": {
        "precision": 0.6029688257466791,
        "recall": 0.5500685871056241,
        "f1-score": 0.5407606718422081,
        "support": 729.0
    },
    "weighted avg": {
        "precision": 0.6029688257466791,
        "recall": 0.5500685871056241,
        "f1-score": 0.5407606718422081,
        "support": 729.0
    }
}