{
    "1": {
        "precision": 1.0,
        "recall": 1.0,
        "f1-score": 1.0,
        "support": 81.0
    },
    "2": {
        "precision": 1.0,
        "recall": 0.8765432098765432,
        "f1-score": 0.9342105263157895,
        "support": 81.0
    },
    "3": {
        "precision": 0.8591549295774648,
        "recall": 0.7530864197530864,
        "f1-score": 0.8026315789473685,
        "support": 81.0
    },
    "4": {
        "precision": 0.6721311475409836,
        "recall": 0.5061728395061729,
        "f1-score": 0.5774647887323944,
        "support": 81.0
    },
    "5": {
        "precision": 0.47368421052631576,
        "recall": 0.4444444444444444,
        "f1-score": 0.4585987261146497,
        "support": 81.0
    },
    "6": {
        "precision": 0.328125,
        "recall": 0.25925925925925924,
        "f1-score": 0.2896551724137931,
        "support": 81.0
    },
    "7": {
        "precision": 0.313953488372093,
        "recall": 0.3333333333333333,
        "f1-score": 0.32335329341317365,
        "support": 81.0
    },
    "8": {
        "precision": 0.2833333333333333,
        "recall": 0.20987654320987653,
        "f1-score": 0.24113475177304963,
        "support": 81.0
    },
    "9": {
        "precision": 0.24444444444444444,
        "recall": 0.2716049382716049,
        "f1-score": 0.2573099415204678,
        "support": 81.0
    },
    "micro avg": {
        "precision": 0.5712121212121212,
        "recall": 0.5171467764060357,
        "f1-score": 0.5428365730741541,
        "support": 729.0
    },
    "macro avg": {
        "precision": 0.5749807281994038,
        "recall": 0.5171467764060357,
        "f1-score": 0.5427065310256318,
        "support": 729.0
    },
    "weighted avg": {
        "precision": 0.5749807281994039,
        "recall": 0.5171467764060357,
        "f1-score": 0.5427065310256319,
        "support": 729.0
    },
    "accuracy": 0.5171467764060357
}