{
    "1": {
        "precision": 1.0,
        "recall": 0.5679012345679012,
        "f1-score": 0.7244094488188977,
        "support": 81.0
    },
    "2": {
        "precision": 0.6354166666666666,
        "recall": 0.7530864197530864,
        "f1-score": 0.6892655367231638,
        "support": 81.0
    },
    "3": {
        "precision": 0.7931034482758621,
        "recall": 0.8518518518518519,
        "f1-score": 0.8214285714285714,
        "support": 81.0
    },
    "4": {
        "precision": 0.8875,
        "recall": 0.8765432098765432,
        "f1-score": 0.8819875776397516,
        "support": 81.0
    },
    "5": {
        "precision": 0.8421052631578947,
        "recall": 0.7901234567901234,
        "f1-score": 0.8152866242038217,
        "support": 81.0
    },
    "6": {
        "precision": 0.616,
        "recall": 0.9506172839506173,
        "f1-score": 0.7475728155339806,
        "support": 81.0
    },
    "7": {
        "precision": 0.5730337078651685,
        "recall": 0.6296296296296297,
        "f1-score": 0.6,
        "support": 81.0
    },
    "8": {
        "precision": 0.4144144144144144,
        "recall": 0.5679012345679012,
        "f1-score": 0.4791666666666667,
        "support": 81.0
    },
    "9": {
        "precision": 1.0,
        "recall": 0.2345679012345679,
        "f1-score": 0.38,
        "support": 81.0
    },
    "accuracy": 0.691358024691358,
    "macro avg": {
        "precision": 0.7512859444866673,
        "recall": 0.691358024691358,
        "f1-score": 0.6821241378905393,
        "support": 729.0
    },
    "weighted avg": {
        "precision": 0.7512859444866673,
        "recall": 0.691358024691358,
        "f1-score": 0.6821241378905393,
        "support": 729.0
    }
}