{
    "2": {
        "precision": 1.0,
        "recall": 1.0,
        "f1-score": 1.0,
        "support": 49.0
    },
    "3": {
        "precision": 0.9642857142857143,
        "recall": 0.5510204081632653,
        "f1-score": 0.7012987012987013,
        "support": 49.0
    },
    "4": {
        "precision": 0.6351351351351351,
        "recall": 0.9591836734693877,
        "f1-score": 0.7642276422764228,
        "support": 49.0
    },
    "5": {
        "precision": 1.0,
        "recall": 0.3673469387755102,
        "f1-score": 0.5373134328358209,
        "support": 49.0
    },
    "6": {
        "precision": 0.5087719298245614,
        "recall": 0.5918367346938775,
        "f1-score": 0.5471698113207547,
        "support": 49.0
    },
    "7": {
        "precision": 0.0,
        "recall": 0.0,
        "f1-score": 0.0,
        "support": 49.0
    },
    "8": {
        "precision": 0.25396825396825395,
        "recall": 0.32653061224489793,
        "f1-score": 0.2857142857142857,
        "support": 49.0
    },
    "9": {
        "precision": 0.4563106796116505,
        "recall": 0.9591836734693877,
        "f1-score": 0.618421052631579,
        "support": 49.0
    },
    "accuracy": 0.5943877551020408,
    "macro avg": {
        "precision": 0.6023089641031645,
        "recall": 0.5943877551020408,
        "f1-score": 0.5567681157596955,
        "support": 392.0
    },
    "weighted avg": {
        "precision": 0.6023089641031645,
        "recall": 0.5943877551020408,
        "f1-score": 0.5567681157596956,
        "support": 392.0
    }
}