{
    "1": {
        "precision": 0.9529411764705882,
        "recall": 1.0,
        "f1-score": 0.9759036144578314,
        "support": 81.0
    },
    "2": {
        "precision": 1.0,
        "recall": 0.9012345679012346,
        "f1-score": 0.948051948051948,
        "support": 81.0
    },
    "3": {
        "precision": 0.8478260869565217,
        "recall": 0.9629629629629629,
        "f1-score": 0.9017341040462428,
        "support": 81.0
    },
    "4": {
        "precision": 0.9113924050632911,
        "recall": 0.8888888888888888,
        "f1-score": 0.9,
        "support": 81.0
    },
    "5": {
        "precision": 0.9464285714285714,
        "recall": 0.654320987654321,
        "f1-score": 0.7737226277372263,
        "support": 81.0
    },
    "6": {
        "precision": 0.631578947368421,
        "recall": 0.8888888888888888,
        "f1-score": 0.7384615384615385,
        "support": 81.0
    },
    "7": {
        "precision": 0.6440677966101694,
        "recall": 0.4691358024691358,
        "f1-score": 0.5428571428571428,
        "support": 81.0
    },
    "8": {
        "precision": 0.39805825242718446,
        "recall": 0.5061728395061729,
        "f1-score": 0.44565217391304346,
        "support": 81.0
    },
    "9": {
        "precision": 0.6461538461538462,
        "recall": 0.5185185185185185,
        "f1-score": 0.5753424657534246,
        "support": 81.0
    },
    "micro avg": {
        "precision": 0.7575757575757576,
        "recall": 0.7544581618655692,
        "f1-score": 0.7560137457044673,
        "support": 729.0
    },
    "macro avg": {
        "precision": 0.7753830091642882,
        "recall": 0.7544581618655691,
        "f1-score": 0.7557472905864887,
        "support": 729.0
    },
    "weighted avg": {
        "precision": 0.7753830091642882,
        "recall": 0.7544581618655692,
        "f1-score": 0.7557472905864886,
        "support": 729.0
    },
    "accuracy": 0.7544581618655692
}