{
    "1": {
        "precision": 1.0,
        "recall": 1.0,
        "f1-score": 1.0,
        "support": 81.0
    },
    "2": {
        "precision": 1.0,
        "recall": 0.8888888888888888,
        "f1-score": 0.9411764705882353,
        "support": 81.0
    },
    "3": {
        "precision": 0.8301886792452831,
        "recall": 0.5432098765432098,
        "f1-score": 0.6567164179104478,
        "support": 81.0
    },
    "4": {
        "precision": 0.05555555555555555,
        "recall": 0.024691358024691357,
        "f1-score": 0.03418803418803419,
        "support": 81.0
    },
    "5": {
        "precision": 0.016666666666666666,
        "recall": 0.012345679012345678,
        "f1-score": 0.014184397163120567,
        "support": 81.0
    },
    "6": {
        "precision": 0.016666666666666666,
        "recall": 0.012345679012345678,
        "f1-score": 0.014184397163120567,
        "support": 81.0
    },
    "7": {
        "precision": 0.016129032258064516,
        "recall": 0.012345679012345678,
        "f1-score": 0.013986013986013986,
        "support": 81.0
    },
    "8": {
        "precision": 0.136986301369863,
        "recall": 0.24691358024691357,
        "f1-score": 0.1762114537444934,
        "support": 81.0
    },
    "9": {
        "precision": 0.33707865168539325,
        "recall": 0.37037037037037035,
        "f1-score": 0.35294117647058826,
        "support": 81.0
    },
    "micro avg": {
        "precision": 0.38239757207890746,
        "recall": 0.345679012345679,
        "f1-score": 0.3631123919308357,
        "support": 729.0
    },
    "macro avg": {
        "precision": 0.37880795038305476,
        "recall": 0.345679012345679,
        "f1-score": 0.35595426235711713,
        "support": 729.0
    },
    "weighted avg": {
        "precision": 0.3788079503830547,
        "recall": 0.345679012345679,
        "f1-score": 0.35595426235711713,
        "support": 729.0
    },
    "accuracy": 0.345679012345679
}