{
    "2": {
        "precision": 1.0,
        "recall": 0.9591836734693877,
        "f1-score": 0.9791666666666666,
        "support": 49.0
    },
    "3": {
        "precision": 0.9583333333333334,
        "recall": 0.9387755102040817,
        "f1-score": 0.9484536082474226,
        "support": 49.0
    },
    "4": {
        "precision": 0.8846153846153846,
        "recall": 0.9387755102040817,
        "f1-score": 0.9108910891089109,
        "support": 49.0
    },
    "5": {
        "precision": 0.9047619047619048,
        "recall": 0.3877551020408163,
        "f1-score": 0.5428571428571428,
        "support": 49.0
    },
    "6": {
        "precision": 0.5915492957746479,
        "recall": 0.8571428571428571,
        "f1-score": 0.7,
        "support": 49.0
    },
    "7": {
        "precision": 0.7307692307692307,
        "recall": 0.3877551020408163,
        "f1-score": 0.5066666666666667,
        "support": 49.0
    },
    "8": {
        "precision": 0.425,
        "recall": 0.6938775510204082,
        "f1-score": 0.5271317829457365,
        "support": 49.0
    },
    "9": {
        "precision": 0.6808510638297872,
        "recall": 0.6530612244897959,
        "f1-score": 0.6666666666666666,
        "support": 49.0
    },
    "accuracy": 0.7270408163265306,
    "macro avg": {
        "precision": 0.7719850266355361,
        "recall": 0.7270408163265305,
        "f1-score": 0.7227292028949016,
        "support": 392.0
    },
    "weighted avg": {
        "precision": 0.771985026635536,
        "recall": 0.7270408163265306,
        "f1-score": 0.7227292028949015,
        "support": 392.0
    }
}