{
    "1": {
        "precision": 1.0,
        "recall": 1.0,
        "f1-score": 1.0,
        "support": 81.0
    },
    "2": {
        "precision": 0.9759036144578314,
        "recall": 1.0,
        "f1-score": 0.9878048780487805,
        "support": 81.0
    },
    "3": {
        "precision": 0.8953488372093024,
        "recall": 0.9506172839506173,
        "f1-score": 0.9221556886227545,
        "support": 81.0
    },
    "4": {
        "precision": 0.7802197802197802,
        "recall": 0.8765432098765432,
        "f1-score": 0.8255813953488372,
        "support": 81.0
    },
    "5": {
        "precision": 0.6630434782608695,
        "recall": 0.7530864197530864,
        "f1-score": 0.7052023121387283,
        "support": 81.0
    },
    "6": {
        "precision": 0.5531914893617021,
        "recall": 0.6419753086419753,
        "f1-score": 0.5942857142857143,
        "support": 81.0
    },
    "7": {
        "precision": 0.47619047619047616,
        "recall": 0.49382716049382713,
        "f1-score": 0.48484848484848486,
        "support": 81.0
    },
    "8": {
        "precision": 0.6190476190476191,
        "recall": 0.32098765432098764,
        "f1-score": 0.42276422764227645,
        "support": 81.0
    },
    "9": {
        "precision": 0.7166666666666667,
        "recall": 0.5308641975308642,
        "f1-score": 0.6099290780141844,
        "support": 81.0
    },
    "micro avg": {
        "precision": 0.7461430575035063,
        "recall": 0.7297668038408779,
        "f1-score": 0.7378640776699029,
        "support": 729.0
    },
    "macro avg": {
        "precision": 0.7421791068238054,
        "recall": 0.7297668038408779,
        "f1-score": 0.7280635309944179,
        "support": 729.0
    },
    "weighted avg": {
        "precision": 0.7421791068238052,
        "recall": 0.7297668038408779,
        "f1-score": 0.7280635309944178,
        "support": 729.0
    },
    "accuracy": 0.7297668038408779
}