{
    "2": {
        "precision": 1.0,
        "recall": 1.0,
        "f1-score": 1.0,
        "support": 49.0
    },
    "3": {
        "precision": 1.0,
        "recall": 0.5918367346938775,
        "f1-score": 0.7435897435897436,
        "support": 49.0
    },
    "4": {
        "precision": 0.6811594202898551,
        "recall": 0.9591836734693877,
        "f1-score": 0.7966101694915254,
        "support": 49.0
    },
    "5": {
        "precision": 0.9,
        "recall": 0.1836734693877551,
        "f1-score": 0.3050847457627119,
        "support": 49.0
    },
    "6": {
        "precision": 0.31666666666666665,
        "recall": 0.3877551020408163,
        "f1-score": 0.3486238532110092,
        "support": 49.0
    },
    "7": {
        "precision": 0.0,
        "recall": 0.0,
        "f1-score": 0.0,
        "support": 49.0
    },
    "8": {
        "precision": 0.20833333333333334,
        "recall": 0.30612244897959184,
        "f1-score": 0.24793388429752067,
        "support": 49.0
    },
    "9": {
        "precision": 0.46601941747572817,
        "recall": 0.9795918367346939,
        "f1-score": 0.631578947368421,
        "support": 49.0
    },
    "accuracy": 0.5510204081632653,
    "macro avg": {
        "precision": 0.5715223547206979,
        "recall": 0.5510204081632653,
        "f1-score": 0.5091776679651164,
        "support": 392.0
    },
    "weighted avg": {
        "precision": 0.5715223547206979,
        "recall": 0.5510204081632653,
        "f1-score": 0.5091776679651164,
        "support": 392.0
    }
}