{
    "1": {
        "precision": 0.995850622406639,
        "recall": 0.9876543209876543,
        "f1-score": 0.9917355371900827,
        "support": 243.0
    },
    "2": {
        "precision": 0.8279569892473119,
        "recall": 0.9506172839506173,
        "f1-score": 0.8850574712643678,
        "support": 243.0
    },
    "3": {
        "precision": 0.6727272727272727,
        "recall": 0.6090534979423868,
        "f1-score": 0.6393088552915767,
        "support": 243.0
    },
    "4": {
        "precision": 0.5266272189349113,
        "recall": 0.3662551440329218,
        "f1-score": 0.4320388349514563,
        "support": 243.0
    },
    "5": {
        "precision": 0.404,
        "recall": 0.4156378600823045,
        "f1-score": 0.40973630831643004,
        "support": 243.0
    },
    "6": {
        "precision": 0.27472527472527475,
        "recall": 0.30864197530864196,
        "f1-score": 0.29069767441860467,
        "support": 243.0
    },
    "7": {
        "precision": 0.26222222222222225,
        "recall": 0.48559670781893005,
        "f1-score": 0.34054834054834054,
        "support": 243.0
    },
    "8": {
        "precision": 0.3076923076923077,
        "recall": 0.24691358024691357,
        "f1-score": 0.273972602739726,
        "support": 243.0
    },
    "9": {
        "precision": 0.5454545454545454,
        "recall": 0.24691358024691357,
        "f1-score": 0.33994334277620397,
        "support": 243.0
    },
    "accuracy": 0.5130315500685871,
    "macro avg": {
        "precision": 0.5352507170456094,
        "recall": 0.5130315500685871,
        "f1-score": 0.5114487741663098,
        "support": 2187.0
    },
    "weighted avg": {
        "precision": 0.5352507170456093,
        "recall": 0.5130315500685871,
        "f1-score": 0.5114487741663098,
        "support": 2187.0
    }
}