{
    "1": {
        "precision": 1.0,
        "recall": 1.0,
        "f1-score": 1.0,
        "support": 81.0
    },
    "2": {
        "precision": 1.0,
        "recall": 0.7901234567901234,
        "f1-score": 0.8827586206896552,
        "support": 81.0
    },
    "3": {
        "precision": 0.7605633802816901,
        "recall": 0.6666666666666666,
        "f1-score": 0.7105263157894737,
        "support": 81.0
    },
    "4": {
        "precision": 0.6781609195402298,
        "recall": 0.7283950617283951,
        "f1-score": 0.7023809523809523,
        "support": 81.0
    },
    "5": {
        "precision": 0.7125,
        "recall": 0.7037037037037037,
        "f1-score": 0.7080745341614907,
        "support": 81.0
    },
    "6": {
        "precision": 0.5,
        "recall": 0.19753086419753085,
        "f1-score": 0.2831858407079646,
        "support": 81.0
    },
    "7": {
        "precision": 0.3835616438356164,
        "recall": 0.691358024691358,
        "f1-score": 0.4933920704845815,
        "support": 81.0
    },
    "8": {
        "precision": 0.44086021505376344,
        "recall": 0.5061728395061729,
        "f1-score": 0.47126436781609193,
        "support": 81.0
    },
    "9": {
        "precision": 0.6266666666666667,
        "recall": 0.5802469135802469,
        "f1-score": 0.6025641025641025,
        "support": 81.0
    },
    "accuracy": 0.6515775034293553,
    "macro avg": {
        "precision": 0.6780347583753296,
        "recall": 0.6515775034293553,
        "f1-score": 0.6504607560660347,
        "support": 729.0
    },
    "weighted avg": {
        "precision": 0.6780347583753297,
        "recall": 0.6515775034293553,
        "f1-score": 0.6504607560660348,
        "support": 729.0
    }
}