{
    "1": {
        "precision": 1.0,
        "recall": 0.9917695473251029,
        "f1-score": 0.9958677685950413,
        "support": 243.0
    },
    "2": {
        "precision": 0.9718875502008032,
        "recall": 0.9958847736625515,
        "f1-score": 0.983739837398374,
        "support": 243.0
    },
    "3": {
        "precision": 0.8782287822878229,
        "recall": 0.9794238683127572,
        "f1-score": 0.9260700389105059,
        "support": 243.0
    },
    "4": {
        "precision": 0.9398148148148148,
        "recall": 0.8353909465020576,
        "f1-score": 0.8845315904139434,
        "support": 243.0
    },
    "5": {
        "precision": 0.920863309352518,
        "recall": 0.5267489711934157,
        "f1-score": 0.6701570680628273,
        "support": 243.0
    },
    "6": {
        "precision": 0.4594059405940594,
        "recall": 0.9547325102880658,
        "f1-score": 0.6203208556149733,
        "support": 243.0
    },
    "7": {
        "precision": 0.3783783783783784,
        "recall": 0.40329218106995884,
        "f1-score": 0.3904382470119522,
        "support": 243.0
    },
    "8": {
        "precision": 0.42276422764227645,
        "recall": 0.2139917695473251,
        "f1-score": 0.28415300546448086,
        "support": 243.0
    },
    "9": {
        "precision": 0.7554347826086957,
        "recall": 0.5720164609053497,
        "f1-score": 0.6510538641686182,
        "support": 243.0
    },
    "accuracy": 0.7192501143118427,
    "macro avg": {
        "precision": 0.7474197539865964,
        "recall": 0.7192501143118427,
        "f1-score": 0.711814697293413,
        "support": 2187.0
    },
    "weighted avg": {
        "precision": 0.7474197539865965,
        "recall": 0.7192501143118427,
        "f1-score": 0.711814697293413,
        "support": 2187.0
    }
}