{
    "1": {
        "precision": 1.0,
        "recall": 1.0,
        "f1-score": 1.0,
        "support": 81.0
    },
    "2": {
        "precision": 1.0,
        "recall": 1.0,
        "f1-score": 1.0,
        "support": 81.0
    },
    "3": {
        "precision": 0.9878048780487805,
        "recall": 1.0,
        "f1-score": 0.9938650306748467,
        "support": 81.0
    },
    "4": {
        "precision": 0.9871794871794872,
        "recall": 0.9506172839506173,
        "f1-score": 0.9685534591194969,
        "support": 81.0
    },
    "5": {
        "precision": 0.8888888888888888,
        "recall": 0.9876543209876543,
        "f1-score": 0.935672514619883,
        "support": 81.0
    },
    "6": {
        "precision": 0.7684210526315789,
        "recall": 0.9012345679012346,
        "f1-score": 0.8295454545454546,
        "support": 81.0
    },
    "7": {
        "precision": 0.9166666666666666,
        "recall": 0.5432098765432098,
        "f1-score": 0.6821705426356589,
        "support": 81.0
    },
    "8": {
        "precision": 0.7323943661971831,
        "recall": 0.6419753086419753,
        "f1-score": 0.6842105263157895,
        "support": 81.0
    },
    "9": {
        "precision": 0.0,
        "recall": 0.0,
        "f1-score": 0.0,
        "support": 81.0
    },
    "micro avg": {
        "precision": 0.8974763406940063,
        "recall": 0.7805212620027435,
        "f1-score": 0.83492296404989,
        "support": 729.0
    },
    "macro avg": {
        "precision": 0.8090394821791761,
        "recall": 0.7805212620027435,
        "f1-score": 0.7882241697679032,
        "support": 729.0
    },
    "weighted avg": {
        "precision": 0.8090394821791761,
        "recall": 0.7805212620027435,
        "f1-score": 0.7882241697679033,
        "support": 729.0
    },
    "accuracy": 0.7805212620027435
}