{
    "1": {
        "precision": 1.0,
        "recall": 1.0,
        "f1-score": 1.0,
        "support": 81.0
    },
    "2": {
        "precision": 1.0,
        "recall": 0.8271604938271605,
        "f1-score": 0.9054054054054054,
        "support": 81.0
    },
    "3": {
        "precision": 0.7529411764705882,
        "recall": 0.7901234567901234,
        "f1-score": 0.7710843373493976,
        "support": 81.0
    },
    "4": {
        "precision": 0.46875,
        "recall": 0.18518518518518517,
        "f1-score": 0.26548672566371684,
        "support": 81.0
    },
    "5": {
        "precision": 0.14516129032258066,
        "recall": 0.1111111111111111,
        "f1-score": 0.1258741258741259,
        "support": 81.0
    },
    "6": {
        "precision": 0.03225806451612903,
        "recall": 0.012345679012345678,
        "f1-score": 0.017857142857142856,
        "support": 81.0
    },
    "7": {
        "precision": 0.045454545454545456,
        "recall": 0.024691358024691357,
        "f1-score": 0.032,
        "support": 81.0
    },
    "8": {
        "precision": 0.025,
        "recall": 0.024691358024691357,
        "f1-score": 0.024844720496894408,
        "support": 81.0
    },
    "9": {
        "precision": 0.0,
        "recall": 0.0,
        "f1-score": 0.0,
        "support": 81.0
    },
    "micro avg": {
        "precision": 0.49183673469387756,
        "recall": 0.33058984910836764,
        "f1-score": 0.39540607054963084,
        "support": 729.0
    },
    "macro avg": {
        "precision": 0.38550723075153814,
        "recall": 0.33058984910836764,
        "f1-score": 0.34917249529407585,
        "support": 729.0
    },
    "weighted avg": {
        "precision": 0.38550723075153814,
        "recall": 0.33058984910836764,
        "f1-score": 0.3491724952940759,
        "support": 729.0
    },
    "accuracy": 0.33058984910836764
}