{
    "1": {
        "precision": 1.0,
        "recall": 1.0,
        "f1-score": 1.0,
        "support": 81.0
    },
    "2": {
        "precision": 1.0,
        "recall": 0.9259259259259259,
        "f1-score": 0.9615384615384616,
        "support": 81.0
    },
    "3": {
        "precision": 0.8775510204081632,
        "recall": 0.5308641975308642,
        "f1-score": 0.6615384615384615,
        "support": 81.0
    },
    "4": {
        "precision": 0.07692307692307693,
        "recall": 0.037037037037037035,
        "f1-score": 0.05,
        "support": 81.0
    },
    "5": {
        "precision": 0.046875,
        "recall": 0.037037037037037035,
        "f1-score": 0.041379310344827586,
        "support": 81.0
    },
    "6": {
        "precision": 0.03333333333333333,
        "recall": 0.024691358024691357,
        "f1-score": 0.028368794326241134,
        "support": 81.0
    },
    "7": {
        "precision": 0.014925373134328358,
        "recall": 0.012345679012345678,
        "f1-score": 0.013513513513513514,
        "support": 81.0
    },
    "8": {
        "precision": 0.15441176470588236,
        "recall": 0.25925925925925924,
        "f1-score": 0.1935483870967742,
        "support": 81.0
    },
    "9": {
        "precision": 0.2542372881355932,
        "recall": 0.18518518518518517,
        "f1-score": 0.21428571428571427,
        "support": 81.0
    },
    "micro avg": {
        "precision": 0.3873015873015873,
        "recall": 0.3347050754458162,
        "f1-score": 0.35908756438557765,
        "support": 729.0
    },
    "macro avg": {
        "precision": 0.38425076184893087,
        "recall": 0.33470507544581624,
        "f1-score": 0.3515747380715549,
        "support": 729.0
    },
    "weighted avg": {
        "precision": 0.38425076184893076,
        "recall": 0.3347050754458162,
        "f1-score": 0.3515747380715548,
        "support": 729.0
    },
    "accuracy": 0.3347050754458162
}