{
    "1": {
        "precision": 1.0,
        "recall": 1.0,
        "f1-score": 1.0,
        "support": 81.0
    },
    "2": {
        "precision": 1.0,
        "recall": 0.9629629629629629,
        "f1-score": 0.9811320754716981,
        "support": 81.0
    },
    "3": {
        "precision": 0.9508196721311475,
        "recall": 0.7160493827160493,
        "f1-score": 0.8169014084507042,
        "support": 81.0
    },
    "4": {
        "precision": 0.6933333333333334,
        "recall": 0.6419753086419753,
        "f1-score": 0.6666666666666666,
        "support": 81.0
    },
    "5": {
        "precision": 0.5606060606060606,
        "recall": 0.4567901234567901,
        "f1-score": 0.5034013605442177,
        "support": 81.0
    },
    "6": {
        "precision": 0.3220338983050847,
        "recall": 0.2345679012345679,
        "f1-score": 0.2714285714285714,
        "support": 81.0
    },
    "7": {
        "precision": 0.3248407643312102,
        "recall": 0.6296296296296297,
        "f1-score": 0.42857142857142855,
        "support": 81.0
    },
    "8": {
        "precision": 0.4421052631578947,
        "recall": 0.5185185185185185,
        "f1-score": 0.4772727272727273,
        "support": 81.0
    },
    "9": {
        "precision": 0.6666666666666666,
        "recall": 0.4691358024691358,
        "f1-score": 0.5507246376811594,
        "support": 81.0
    },
    "accuracy": 0.6255144032921811,
    "macro avg": {
        "precision": 0.6622672953923776,
        "recall": 0.6255144032921811,
        "f1-score": 0.6328998751207969,
        "support": 729.0
    },
    "weighted avg": {
        "precision": 0.6622672953923775,
        "recall": 0.6255144032921811,
        "f1-score": 0.6328998751207972,
        "support": 729.0
    }
}