{
    "1": {
        "precision": 1.0,
        "recall": 1.0,
        "f1-score": 1.0,
        "support": 81.0
    },
    "2": {
        "precision": 1.0,
        "recall": 1.0,
        "f1-score": 1.0,
        "support": 81.0
    },
    "3": {
        "precision": 1.0,
        "recall": 0.9876543209876543,
        "f1-score": 0.9937888198757764,
        "support": 81.0
    },
    "4": {
        "precision": 0.9878048780487805,
        "recall": 1.0,
        "f1-score": 0.9938650306748467,
        "support": 81.0
    },
    "5": {
        "precision": 1.0,
        "recall": 0.9382716049382716,
        "f1-score": 0.9681528662420382,
        "support": 81.0
    },
    "6": {
        "precision": 0.8681318681318682,
        "recall": 0.9753086419753086,
        "f1-score": 0.9186046511627907,
        "support": 81.0
    },
    "7": {
        "precision": 0.9375,
        "recall": 0.7407407407407407,
        "f1-score": 0.8275862068965517,
        "support": 81.0
    },
    "8": {
        "precision": 0.7831325301204819,
        "recall": 0.8024691358024691,
        "f1-score": 0.7926829268292683,
        "support": 81.0
    },
    "9": {
        "precision": 0.7027027027027027,
        "recall": 0.32098765432098764,
        "f1-score": 0.4406779661016949,
        "support": 81.0
    },
    "micro avg": {
        "precision": 0.9318518518518518,
        "recall": 0.8628257887517147,
        "f1-score": 0.896011396011396,
        "support": 729.0
    },
    "macro avg": {
        "precision": 0.9199191087782038,
        "recall": 0.8628257887517147,
        "f1-score": 0.8817064964203296,
        "support": 729.0
    },
    "weighted avg": {
        "precision": 0.9199191087782037,
        "recall": 0.8628257887517147,
        "f1-score": 0.8817064964203296,
        "support": 729.0
    },
    "accuracy": 0.8628257887517147
}