{
    "1": {
        "precision": 1.0,
        "recall": 0.2839506172839506,
        "f1-score": 0.4423076923076923,
        "support": 81.0
    },
    "2": {
        "precision": 0.2839506172839506,
        "recall": 0.2839506172839506,
        "f1-score": 0.2839506172839506,
        "support": 81.0
    },
    "3": {
        "precision": 0.390625,
        "recall": 0.30864197530864196,
        "f1-score": 0.3448275862068966,
        "support": 81.0
    },
    "4": {
        "precision": 0.5,
        "recall": 0.30864197530864196,
        "f1-score": 0.3816793893129771,
        "support": 81.0
    },
    "5": {
        "precision": 0.3333333333333333,
        "recall": 0.25925925925925924,
        "f1-score": 0.2916666666666667,
        "support": 81.0
    },
    "6": {
        "precision": 0.3548387096774194,
        "recall": 0.4074074074074074,
        "f1-score": 0.3793103448275862,
        "support": 81.0
    },
    "7": {
        "precision": 0.358974358974359,
        "recall": 0.345679012345679,
        "f1-score": 0.3522012578616352,
        "support": 81.0
    },
    "8": {
        "precision": 0.2962962962962963,
        "recall": 0.3950617283950617,
        "f1-score": 0.3386243386243386,
        "support": 81.0
    },
    "9": {
        "precision": 0.3142857142857143,
        "recall": 0.2716049382716049,
        "f1-score": 0.2913907284768212,
        "support": 81.0
    },
    "micro avg": {
        "precision": 0.3682539682539683,
        "recall": 0.31824417009602196,
        "f1-score": 0.34142752023546724,
        "support": 729.0
    },
    "macro avg": {
        "precision": 0.4258115588723414,
        "recall": 0.3182441700960219,
        "f1-score": 0.3451065135076183,
        "support": 729.0
    },
    "weighted avg": {
        "precision": 0.42581155887234146,
        "recall": 0.31824417009602196,
        "f1-score": 0.3451065135076183,
        "support": 729.0
    },
    "accuracy": 0.31824417009602196
}