{
    "2": {
        "precision": 1.0,
        "recall": 0.4897959183673469,
        "f1-score": 0.6575342465753424,
        "support": 49.0
    },
    "3": {
        "precision": 0.6909090909090909,
        "recall": 0.7755102040816326,
        "f1-score": 0.7307692307692307,
        "support": 49.0
    },
    "4": {
        "precision": 0.7297297297297297,
        "recall": 0.5510204081632653,
        "f1-score": 0.627906976744186,
        "support": 49.0
    },
    "5": {
        "precision": 0.7368421052631579,
        "recall": 0.5714285714285714,
        "f1-score": 0.6436781609195402,
        "support": 49.0
    },
    "6": {
        "precision": 0.547945205479452,
        "recall": 0.8163265306122449,
        "f1-score": 0.6557377049180327,
        "support": 49.0
    },
    "7": {
        "precision": 0.6507936507936508,
        "recall": 0.8367346938775511,
        "f1-score": 0.7321428571428571,
        "support": 49.0
    },
    "8": {
        "precision": 0.4387755102040816,
        "recall": 0.8775510204081632,
        "f1-score": 0.5850340136054422,
        "support": 49.0
    },
    "9": {
        "precision": 0.75,
        "recall": 0.061224489795918366,
        "f1-score": 0.11320754716981132,
        "support": 49.0
    },
    "accuracy": 0.6224489795918368,
    "macro avg": {
        "precision": 0.6931244115473953,
        "recall": 0.6224489795918366,
        "f1-score": 0.5932513422305554,
        "support": 392.0
    },
    "weighted avg": {
        "precision": 0.6931244115473953,
        "recall": 0.6224489795918368,
        "f1-score": 0.5932513422305553,
        "support": 392.0
    }
}