{
    "2": {
        "precision": 1.0,
        "recall": 1.0,
        "f1-score": 1.0,
        "support": 49.0
    },
    "3": {
        "precision": 1.0,
        "recall": 1.0,
        "f1-score": 1.0,
        "support": 49.0
    },
    "4": {
        "precision": 0.6712328767123288,
        "recall": 1.0,
        "f1-score": 0.8032786885245902,
        "support": 49.0
    },
    "5": {
        "precision": 0.24271844660194175,
        "recall": 0.5102040816326531,
        "f1-score": 0.32894736842105265,
        "support": 49.0
    },
    "6": {
        "precision": 0.06060606060606061,
        "recall": 0.04081632653061224,
        "f1-score": 0.04878048780487805,
        "support": 49.0
    },
    "7": {
        "precision": 0.07692307692307693,
        "recall": 0.08163265306122448,
        "f1-score": 0.07920792079207921,
        "support": 49.0
    },
    "8": {
        "precision": 0.045454545454545456,
        "recall": 0.02040816326530612,
        "f1-score": 0.028169014084507043,
        "support": 49.0
    },
    "9": {
        "precision": 1.0,
        "recall": 0.22448979591836735,
        "f1-score": 0.36666666666666664,
        "support": 49.0
    },
    "accuracy": 0.4846938775510204,
    "macro avg": {
        "precision": 0.5121168757872442,
        "recall": 0.4846938775510204,
        "f1-score": 0.45688126828672176,
        "support": 392.0
    },
    "weighted avg": {
        "precision": 0.5121168757872442,
        "recall": 0.4846938775510204,
        "f1-score": 0.45688126828672165,
        "support": 392.0
    }
}