{
    "1": {
        "precision": 0.9714285714285714,
        "recall": 0.9969135802469136,
        "f1-score": 0.984006092916984,
        "support": 1944.0
    },
    "2": {
        "precision": 0.9972722313147845,
        "recall": 0.9403292181069959,
        "f1-score": 0.9679639925867091,
        "support": 1944.0
    },
    "3": {
        "precision": 0.8703874538745388,
        "recall": 0.970679012345679,
        "f1-score": 0.9178015564202334,
        "support": 1944.0
    },
    "4": {
        "precision": 0.9132096069868996,
        "recall": 0.86059670781893,
        "f1-score": 0.8861228813559322,
        "support": 1944.0
    },
    "5": {
        "precision": 0.8611949305974653,
        "recall": 0.7340534979423868,
        "f1-score": 0.7925576228825326,
        "support": 1944.0
    },
    "6": {
        "precision": 0.5791304347826087,
        "recall": 0.8564814814814815,
        "f1-score": 0.6910147333471675,
        "support": 1944.0
    },
    "7": {
        "precision": 0.5094637223974764,
        "recall": 0.4984567901234568,
        "f1-score": 0.5039001560062403,
        "support": 1944.0
    },
    "8": {
        "precision": 0.4066705675833821,
        "recall": 0.3575102880658436,
        "f1-score": 0.38050917054475775,
        "support": 1944.0
    },
    "9": {
        "precision": 0.6679815910585142,
        "recall": 0.522633744855967,
        "f1-score": 0.5864357864357864,
        "support": 1944.0
    },
    "micro avg": {
        "precision": 0.7487994511776812,
        "recall": 0.7486282578875172,
        "f1-score": 0.7487138447467703,
        "support": 17496.0
    },
    "macro avg": {
        "precision": 0.7529710122249157,
        "recall": 0.7486282578875172,
        "f1-score": 0.7455902213884826,
        "support": 17496.0
    },
    "weighted avg": {
        "precision": 0.7529710122249156,
        "recall": 0.7486282578875172,
        "f1-score": 0.7455902213884825,
        "support": 17496.0
    },
    "accuracy": 0.7486282578875172
}