{
    "1": {
        "precision": 1.0,
        "recall": 0.2962962962962963,
        "f1-score": 0.45714285714285713,
        "support": 81.0
    },
    "2": {
        "precision": 0.3132530120481928,
        "recall": 0.32098765432098764,
        "f1-score": 0.3170731707317073,
        "support": 81.0
    },
    "3": {
        "precision": 0.39759036144578314,
        "recall": 0.4074074074074074,
        "f1-score": 0.4024390243902439,
        "support": 81.0
    },
    "4": {
        "precision": 0.44642857142857145,
        "recall": 0.30864197530864196,
        "f1-score": 0.36496350364963503,
        "support": 81.0
    },
    "5": {
        "precision": 0.5192307692307693,
        "recall": 0.3333333333333333,
        "f1-score": 0.40601503759398494,
        "support": 81.0
    },
    "6": {
        "precision": 0.28823529411764703,
        "recall": 0.6049382716049383,
        "f1-score": 0.3904382470119522,
        "support": 81.0
    },
    "7": {
        "precision": 0.26515151515151514,
        "recall": 0.43209876543209874,
        "f1-score": 0.3286384976525822,
        "support": 81.0
    },
    "8": {
        "precision": 0.3333333333333333,
        "recall": 0.18518518518518517,
        "f1-score": 0.23809523809523808,
        "support": 81.0
    },
    "9": {
        "precision": 0.4166666666666667,
        "recall": 0.43209876543209874,
        "f1-score": 0.42424242424242425,
        "support": 81.0
    },
    "accuracy": 0.36899862825788754,
    "macro avg": {
        "precision": 0.44220994704694205,
        "recall": 0.3689986282578875,
        "f1-score": 0.36989422227895835,
        "support": 729.0
    },
    "weighted avg": {
        "precision": 0.44220994704694205,
        "recall": 0.36899862825788754,
        "f1-score": 0.36989422227895835,
        "support": 729.0
    }
}