{
    "2": {
        "precision": 1.0,
        "recall": 0.9795918367346939,
        "f1-score": 0.9896907216494846,
        "support": 49.0
    },
    "3": {
        "precision": 0.550561797752809,
        "recall": 1.0,
        "f1-score": 0.7101449275362319,
        "support": 49.0
    },
    "4": {
        "precision": 0.36666666666666664,
        "recall": 0.22448979591836735,
        "f1-score": 0.27848101265822783,
        "support": 49.0
    },
    "5": {
        "precision": 0.8529411764705882,
        "recall": 0.5918367346938775,
        "f1-score": 0.6987951807228916,
        "support": 49.0
    },
    "6": {
        "precision": 0.7457627118644068,
        "recall": 0.8979591836734694,
        "f1-score": 0.8148148148148148,
        "support": 49.0
    },
    "7": {
        "precision": 0.3076923076923077,
        "recall": 0.7346938775510204,
        "f1-score": 0.43373493975903615,
        "support": 49.0
    },
    "8": {
        "precision": 0.0,
        "recall": 0.0,
        "f1-score": 0.0,
        "support": 49.0
    },
    "9": {
        "precision": 1.0,
        "recall": 0.30612244897959184,
        "f1-score": 0.46875,
        "support": 49.0
    },
    "accuracy": 0.5918367346938775,
    "macro avg": {
        "precision": 0.6029530825558473,
        "recall": 0.5918367346938775,
        "f1-score": 0.5493014496425859,
        "support": 392.0
    },
    "weighted avg": {
        "precision": 0.6029530825558472,
        "recall": 0.5918367346938775,
        "f1-score": 0.5493014496425859,
        "support": 392.0
    }
}