{
    "1": {
        "precision": 1.0,
        "recall": 0.8271604938271605,
        "f1-score": 0.9054054054054054,
        "support": 243.0
    },
    "2": {
        "precision": 0.8018018018018018,
        "recall": 0.7325102880658436,
        "f1-score": 0.7655913978494624,
        "support": 243.0
    },
    "3": {
        "precision": 0.5892857142857143,
        "recall": 0.5432098765432098,
        "f1-score": 0.5653104925053534,
        "support": 243.0
    },
    "4": {
        "precision": 0.42792792792792794,
        "recall": 0.39094650205761317,
        "f1-score": 0.40860215053763443,
        "support": 243.0
    },
    "5": {
        "precision": 0.4228187919463087,
        "recall": 0.25925925925925924,
        "f1-score": 0.32142857142857145,
        "support": 243.0
    },
    "6": {
        "precision": 0.16923076923076924,
        "recall": 0.09053497942386832,
        "f1-score": 0.11796246648793565,
        "support": 243.0
    },
    "7": {
        "precision": 0.125,
        "recall": 0.00411522633744856,
        "f1-score": 0.00796812749003984,
        "support": 243.0
    },
    "8": {
        "precision": 0.1676190476190476,
        "recall": 0.36213991769547327,
        "f1-score": 0.22916666666666666,
        "support": 243.0
    },
    "9": {
        "precision": 0.29504950495049503,
        "recall": 0.6131687242798354,
        "f1-score": 0.3983957219251337,
        "support": 243.0
    },
    "micro avg": {
        "precision": 0.4249771271729186,
        "recall": 0.4247828074988569,
        "f1-score": 0.4248799451177681,
        "support": 2187.0
    },
    "macro avg": {
        "precision": 0.4443037286402294,
        "recall": 0.4247828074988569,
        "f1-score": 0.413314555588467,
        "support": 2187.0
    },
    "weighted avg": {
        "precision": 0.4443037286402294,
        "recall": 0.4247828074988569,
        "f1-score": 0.413314555588467,
        "support": 2187.0
    },
    "accuracy": 0.4247828074988569
}