{
    "2": {
        "precision": 1.0,
        "recall": 1.0,
        "f1-score": 1.0,
        "support": 49.0
    },
    "3": {
        "precision": 0.9245283018867925,
        "recall": 1.0,
        "f1-score": 0.9607843137254902,
        "support": 49.0
    },
    "4": {
        "precision": 0.5232558139534884,
        "recall": 0.9183673469387755,
        "f1-score": 0.6666666666666666,
        "support": 49.0
    },
    "5": {
        "precision": 0.4166666666666667,
        "recall": 0.20408163265306123,
        "f1-score": 0.273972602739726,
        "support": 49.0
    },
    "6": {
        "precision": 0.6226415094339622,
        "recall": 0.673469387755102,
        "f1-score": 0.6470588235294118,
        "support": 49.0
    },
    "7": {
        "precision": 0.38461538461538464,
        "recall": 0.6122448979591837,
        "f1-score": 0.47244094488188976,
        "support": 49.0
    },
    "8": {
        "precision": 0.2857142857142857,
        "recall": 0.04081632653061224,
        "f1-score": 0.07142857142857142,
        "support": 49.0
    },
    "9": {
        "precision": 0.9761904761904762,
        "recall": 0.8367346938775511,
        "f1-score": 0.9010989010989011,
        "support": 49.0
    },
    "accuracy": 0.6607142857142857,
    "macro avg": {
        "precision": 0.6417015548076321,
        "recall": 0.6607142857142858,
        "f1-score": 0.6241813530088322,
        "support": 392.0
    },
    "weighted avg": {
        "precision": 0.641701554807632,
        "recall": 0.6607142857142857,
        "f1-score": 0.6241813530088322,
        "support": 392.0
    }
}