{
    "1": {
        "precision": 1.0,
        "recall": 0.6790123456790124,
        "f1-score": 0.8088235294117647,
        "support": 81.0
    },
    "2": {
        "precision": 0.7011494252873564,
        "recall": 0.7530864197530864,
        "f1-score": 0.7261904761904762,
        "support": 81.0
    },
    "3": {
        "precision": 0.8045977011494253,
        "recall": 0.8641975308641975,
        "f1-score": 0.8333333333333334,
        "support": 81.0
    },
    "4": {
        "precision": 0.6565656565656566,
        "recall": 0.8024691358024691,
        "f1-score": 0.7222222222222222,
        "support": 81.0
    },
    "5": {
        "precision": 0.6075949367088608,
        "recall": 0.5925925925925926,
        "f1-score": 0.6,
        "support": 81.0
    },
    "6": {
        "precision": 0.3695652173913043,
        "recall": 0.6296296296296297,
        "f1-score": 0.4657534246575342,
        "support": 81.0
    },
    "7": {
        "precision": 0.140625,
        "recall": 0.2222222222222222,
        "f1-score": 0.1722488038277512,
        "support": 81.0
    },
    "8": {
        "precision": 0.16279069767441862,
        "recall": 0.08641975308641975,
        "f1-score": 0.11290322580645161,
        "support": 81.0
    },
    "9": {
        "precision": 0.46153846153846156,
        "recall": 0.07407407407407407,
        "f1-score": 0.1276595744680851,
        "support": 81.0
    },
    "accuracy": 0.522633744855967,
    "macro avg": {
        "precision": 0.5449363440350538,
        "recall": 0.5226337448559671,
        "f1-score": 0.5076816211019577,
        "support": 729.0
    },
    "weighted avg": {
        "precision": 0.5449363440350538,
        "recall": 0.522633744855967,
        "f1-score": 0.5076816211019577,
        "support": 729.0
    }
}