{
    "1": {
        "precision": 1.0,
        "recall": 1.0,
        "f1-score": 1.0,
        "support": 81.0
    },
    "2": {
        "precision": 0.963855421686747,
        "recall": 0.9876543209876543,
        "f1-score": 0.975609756097561,
        "support": 81.0
    },
    "3": {
        "precision": 0.8351648351648352,
        "recall": 0.9382716049382716,
        "f1-score": 0.8837209302325582,
        "support": 81.0
    },
    "4": {
        "precision": 0.5037037037037037,
        "recall": 0.8395061728395061,
        "f1-score": 0.6296296296296297,
        "support": 81.0
    },
    "5": {
        "precision": 0.3695652173913043,
        "recall": 0.41975308641975306,
        "f1-score": 0.3930635838150289,
        "support": 81.0
    },
    "6": {
        "precision": 0.34146341463414637,
        "recall": 0.1728395061728395,
        "f1-score": 0.22950819672131148,
        "support": 81.0
    },
    "7": {
        "precision": 0.3141025641025641,
        "recall": 0.6049382716049383,
        "f1-score": 0.41350210970464135,
        "support": 81.0
    },
    "8": {
        "precision": 0.21621621621621623,
        "recall": 0.09876543209876543,
        "f1-score": 0.13559322033898305,
        "support": 81.0
    },
    "9": {
        "precision": 0.7692307692307693,
        "recall": 0.12345679012345678,
        "f1-score": 0.2127659574468085,
        "support": 81.0
    },
    "accuracy": 0.5761316872427984,
    "macro avg": {
        "precision": 0.5903669046811428,
        "recall": 0.5761316872427983,
        "f1-score": 0.5414881537762802,
        "support": 729.0
    },
    "weighted avg": {
        "precision": 0.590366904681143,
        "recall": 0.5761316872427984,
        "f1-score": 0.5414881537762802,
        "support": 729.0
    }
}