{
    "1": {
        "precision": 1.0,
        "recall": 0.6419753086419753,
        "f1-score": 0.7819548872180451,
        "support": 81.0
    },
    "2": {
        "precision": 0.6847826086956522,
        "recall": 0.7777777777777778,
        "f1-score": 0.7283236994219653,
        "support": 81.0
    },
    "3": {
        "precision": 0.813953488372093,
        "recall": 0.8641975308641975,
        "f1-score": 0.8383233532934131,
        "support": 81.0
    },
    "4": {
        "precision": 0.8255813953488372,
        "recall": 0.8765432098765432,
        "f1-score": 0.8502994011976048,
        "support": 81.0
    },
    "5": {
        "precision": 0.7857142857142857,
        "recall": 0.8148148148148148,
        "f1-score": 0.8,
        "support": 81.0
    },
    "6": {
        "precision": 0.6186440677966102,
        "recall": 0.9012345679012346,
        "f1-score": 0.7336683417085427,
        "support": 81.0
    },
    "7": {
        "precision": 0.4791666666666667,
        "recall": 0.5679012345679012,
        "f1-score": 0.519774011299435,
        "support": 81.0
    },
    "8": {
        "precision": 0.3333333333333333,
        "recall": 0.41975308641975306,
        "f1-score": 0.37158469945355194,
        "support": 81.0
    },
    "9": {
        "precision": 1.0,
        "recall": 0.16049382716049382,
        "f1-score": 0.2765957446808511,
        "support": 81.0
    },
    "accuracy": 0.6694101508916324,
    "macro avg": {
        "precision": 0.7267973162141642,
        "recall": 0.6694101508916324,
        "f1-score": 0.6556137931414899,
        "support": 729.0
    },
    "weighted avg": {
        "precision": 0.7267973162141642,
        "recall": 0.6694101508916324,
        "f1-score": 0.6556137931414899,
        "support": 729.0
    }
}