{
    "2": {
        "precision": 1.0,
        "recall": 1.0,
        "f1-score": 1.0,
        "support": 49.0
    },
    "3": {
        "precision": 1.0,
        "recall": 0.8571428571428571,
        "f1-score": 0.9230769230769231,
        "support": 49.0
    },
    "4": {
        "precision": 0.8727272727272727,
        "recall": 0.9795918367346939,
        "f1-score": 0.9230769230769231,
        "support": 49.0
    },
    "5": {
        "precision": 0.96,
        "recall": 0.4897959183673469,
        "f1-score": 0.6486486486486487,
        "support": 49.0
    },
    "6": {
        "precision": 0.7021276595744681,
        "recall": 0.673469387755102,
        "f1-score": 0.6875,
        "support": 49.0
    },
    "7": {
        "precision": 0.40625,
        "recall": 0.5306122448979592,
        "f1-score": 0.46017699115044247,
        "support": 49.0
    },
    "8": {
        "precision": 0.39344262295081966,
        "recall": 0.4897959183673469,
        "f1-score": 0.43636363636363634,
        "support": 49.0
    },
    "9": {
        "precision": 0.6122448979591837,
        "recall": 0.6122448979591837,
        "f1-score": 0.6122448979591837,
        "support": 49.0
    },
    "accuracy": 0.7040816326530612,
    "macro avg": {
        "precision": 0.743349056651468,
        "recall": 0.7040816326530612,
        "f1-score": 0.7113860025344697,
        "support": 392.0
    },
    "weighted avg": {
        "precision": 0.7433490566514681,
        "recall": 0.7040816326530612,
        "f1-score": 0.7113860025344697,
        "support": 392.0
    }
}