{
    "1": {
        "precision": 1.0,
        "recall": 0.7736625514403292,
        "f1-score": 0.8723897911832946,
        "support": 243.0
    },
    "2": {
        "precision": 0.7399103139013453,
        "recall": 0.6790123456790124,
        "f1-score": 0.7081545064377682,
        "support": 243.0
    },
    "3": {
        "precision": 0.5579399141630901,
        "recall": 0.5349794238683128,
        "f1-score": 0.5462184873949579,
        "support": 243.0
    },
    "4": {
        "precision": 0.42272727272727273,
        "recall": 0.38271604938271603,
        "f1-score": 0.4017278617710583,
        "support": 243.0
    },
    "5": {
        "precision": 0.40625,
        "recall": 0.2139917695473251,
        "f1-score": 0.2803234501347709,
        "support": 243.0
    },
    "6": {
        "precision": 0.16666666666666666,
        "recall": 0.08641975308641975,
        "f1-score": 0.11382113821138211,
        "support": 243.0
    },
    "7": {
        "precision": 0.0,
        "recall": 0.0,
        "f1-score": 0.0,
        "support": 243.0
    },
    "8": {
        "precision": 0.18050541516245489,
        "recall": 0.411522633744856,
        "f1-score": 0.25094102885821834,
        "support": 243.0
    },
    "9": {
        "precision": 0.2795275590551181,
        "recall": 0.5843621399176955,
        "f1-score": 0.3781624500665779,
        "support": 243.0
    },
    "micro avg": {
        "precision": 0.40759377859103385,
        "recall": 0.4074074074074074,
        "f1-score": 0.4075005716899154,
        "support": 2187.0
    },
    "macro avg": {
        "precision": 0.41705857129732754,
        "recall": 0.40740740740740744,
        "f1-score": 0.3946376348953365,
        "support": 2187.0
    },
    "weighted avg": {
        "precision": 0.41705857129732754,
        "recall": 0.4074074074074074,
        "f1-score": 0.3946376348953365,
        "support": 2187.0
    },
    "accuracy": 0.4074074074074074
}