{
    "1": {
        "precision": 1.0,
        "recall": 0.691358024691358,
        "f1-score": 0.8175182481751825,
        "support": 81.0
    },
    "2": {
        "precision": 0.7126436781609196,
        "recall": 0.7654320987654321,
        "f1-score": 0.7380952380952381,
        "support": 81.0
    },
    "3": {
        "precision": 0.8714285714285714,
        "recall": 0.7530864197530864,
        "f1-score": 0.8079470198675497,
        "support": 81.0
    },
    "4": {
        "precision": 0.6914893617021277,
        "recall": 0.8024691358024691,
        "f1-score": 0.7428571428571429,
        "support": 81.0
    },
    "5": {
        "precision": 0.76,
        "recall": 0.7037037037037037,
        "f1-score": 0.7307692307692307,
        "support": 81.0
    },
    "6": {
        "precision": 0.5636363636363636,
        "recall": 0.7654320987654321,
        "f1-score": 0.6492146596858639,
        "support": 81.0
    },
    "7": {
        "precision": 0.4174757281553398,
        "recall": 0.5308641975308642,
        "f1-score": 0.4673913043478261,
        "support": 81.0
    },
    "8": {
        "precision": 0.29357798165137616,
        "recall": 0.3950617283950617,
        "f1-score": 0.3368421052631579,
        "support": 81.0
    },
    "9": {
        "precision": 0.8,
        "recall": 0.19753086419753085,
        "f1-score": 0.31683168316831684,
        "support": 81.0
    },
    "micro avg": {
        "precision": 0.6270718232044199,
        "recall": 0.6227709190672154,
        "f1-score": 0.6249139710942877,
        "support": 729.0
    },
    "macro avg": {
        "precision": 0.6789168538594109,
        "recall": 0.6227709190672154,
        "f1-score": 0.6230518480255011,
        "support": 729.0
    },
    "weighted avg": {
        "precision": 0.6789168538594109,
        "recall": 0.6227709190672154,
        "f1-score": 0.623051848025501,
        "support": 729.0
    },
    "accuracy": 0.6227709190672154
}