{
    "1": {
        "precision": 0.4260355029585799,
        "recall": 0.8888888888888888,
        "f1-score": 0.576,
        "support": 81.0
    },
    "2": {
        "precision": 0.8823529411764706,
        "recall": 0.9259259259259259,
        "f1-score": 0.9036144578313253,
        "support": 81.0
    },
    "3": {
        "precision": 0.7378640776699029,
        "recall": 0.9382716049382716,
        "f1-score": 0.8260869565217391,
        "support": 81.0
    },
    "4": {
        "precision": 0.8529411764705882,
        "recall": 0.35802469135802467,
        "f1-score": 0.5043478260869565,
        "support": 81.0
    },
    "5": {
        "precision": 0.506578947368421,
        "recall": 0.9506172839506173,
        "f1-score": 0.6609442060085837,
        "support": 81.0
    },
    "6": {
        "precision": 0.0,
        "recall": 0.0,
        "f1-score": 0.0,
        "support": 81.0
    },
    "7": {
        "precision": 0.40789473684210525,
        "recall": 0.7654320987654321,
        "f1-score": 0.5321888412017167,
        "support": 81.0
    },
    "8": {
        "precision": 0.3333333333333333,
        "recall": 0.012345679012345678,
        "f1-score": 0.023809523809523808,
        "support": 81.0
    },
    "9": {
        "precision": 0.5483870967741935,
        "recall": 0.20987654320987653,
        "f1-score": 0.30357142857142855,
        "support": 81.0
    },
    "accuracy": 0.5610425240054869,
    "macro avg": {
        "precision": 0.5217097569548438,
        "recall": 0.561042524005487,
        "f1-score": 0.48117369333680826,
        "support": 729.0
    },
    "weighted avg": {
        "precision": 0.5217097569548439,
        "recall": 0.5610425240054869,
        "f1-score": 0.48117369333680826,
        "support": 729.0
    }
}