{
    "1": {
        "precision": 1.0,
        "recall": 0.3333333333333333,
        "f1-score": 0.5,
        "support": 81.0
    },
    "2": {
        "precision": 0.2987012987012987,
        "recall": 0.2839506172839506,
        "f1-score": 0.2911392405063291,
        "support": 81.0
    },
    "3": {
        "precision": 0.4,
        "recall": 0.41975308641975306,
        "f1-score": 0.40963855421686746,
        "support": 81.0
    },
    "4": {
        "precision": 0.4307692307692308,
        "recall": 0.345679012345679,
        "f1-score": 0.3835616438356164,
        "support": 81.0
    },
    "5": {
        "precision": 0.509090909090909,
        "recall": 0.345679012345679,
        "f1-score": 0.4117647058823529,
        "support": 81.0
    },
    "6": {
        "precision": 0.28888888888888886,
        "recall": 0.48148148148148145,
        "f1-score": 0.3611111111111111,
        "support": 81.0
    },
    "7": {
        "precision": 0.2751677852348993,
        "recall": 0.5061728395061729,
        "f1-score": 0.3565217391304348,
        "support": 81.0
    },
    "8": {
        "precision": 0.391304347826087,
        "recall": 0.2222222222222222,
        "f1-score": 0.28346456692913385,
        "support": 81.0
    },
    "9": {
        "precision": 0.4777777777777778,
        "recall": 0.5308641975308642,
        "f1-score": 0.5029239766081871,
        "support": 81.0
    },
    "accuracy": 0.38545953360768176,
    "macro avg": {
        "precision": 0.4524111375876768,
        "recall": 0.38545953360768176,
        "f1-score": 0.38890283758000366,
        "support": 729.0
    },
    "weighted avg": {
        "precision": 0.4524111375876768,
        "recall": 0.38545953360768176,
        "f1-score": 0.38890283758000366,
        "support": 729.0
    }
}