{
    "2": {
        "precision": 1.0,
        "recall": 0.8367346938775511,
        "f1-score": 0.9111111111111111,
        "support": 49.0
    },
    "3": {
        "precision": 0.9166666666666666,
        "recall": 0.673469387755102,
        "f1-score": 0.7764705882352941,
        "support": 49.0
    },
    "4": {
        "precision": 0.5675675675675675,
        "recall": 0.8571428571428571,
        "f1-score": 0.6829268292682927,
        "support": 49.0
    },
    "5": {
        "precision": 0.8421052631578947,
        "recall": 0.32653061224489793,
        "f1-score": 0.47058823529411764,
        "support": 49.0
    },
    "6": {
        "precision": 0.4230769230769231,
        "recall": 0.673469387755102,
        "f1-score": 0.5196850393700787,
        "support": 49.0
    },
    "7": {
        "precision": 0.6444444444444445,
        "recall": 0.5918367346938775,
        "f1-score": 0.6170212765957447,
        "support": 49.0
    },
    "8": {
        "precision": 0.5833333333333334,
        "recall": 0.42857142857142855,
        "f1-score": 0.49411764705882355,
        "support": 49.0
    },
    "9": {
        "precision": 0.746031746031746,
        "recall": 0.9591836734693877,
        "f1-score": 0.8392857142857143,
        "support": 49.0
    },
    "accuracy": 0.6683673469387755,
    "macro avg": {
        "precision": 0.7154032430348221,
        "recall": 0.6683673469387754,
        "f1-score": 0.6639008051523971,
        "support": 392.0
    },
    "weighted avg": {
        "precision": 0.715403243034822,
        "recall": 0.6683673469387755,
        "f1-score": 0.6639008051523971,
        "support": 392.0
    }
}