{
    "1": {
        "precision": 1.0,
        "recall": 1.0,
        "f1-score": 1.0,
        "support": 81.0
    },
    "2": {
        "precision": 1.0,
        "recall": 0.8518518518518519,
        "f1-score": 0.92,
        "support": 81.0
    },
    "3": {
        "precision": 0.7592592592592593,
        "recall": 0.5061728395061729,
        "f1-score": 0.6074074074074074,
        "support": 81.0
    },
    "4": {
        "precision": 0.5,
        "recall": 0.5802469135802469,
        "f1-score": 0.5371428571428571,
        "support": 81.0
    },
    "5": {
        "precision": 0.5425531914893617,
        "recall": 0.6296296296296297,
        "f1-score": 0.5828571428571429,
        "support": 81.0
    },
    "6": {
        "precision": 0.41025641025641024,
        "recall": 0.19753086419753085,
        "f1-score": 0.26666666666666666,
        "support": 81.0
    },
    "7": {
        "precision": 0.29508196721311475,
        "recall": 0.6666666666666666,
        "f1-score": 0.4090909090909091,
        "support": 81.0
    },
    "8": {
        "precision": 0.33695652173913043,
        "recall": 0.38271604938271603,
        "f1-score": 0.3583815028901734,
        "support": 81.0
    },
    "9": {
        "precision": 0.8260869565217391,
        "recall": 0.2345679012345679,
        "f1-score": 0.36538461538461536,
        "support": 81.0
    },
    "accuracy": 0.5610425240054869,
    "macro avg": {
        "precision": 0.6300215896087795,
        "recall": 0.561042524005487,
        "f1-score": 0.5607701223821968,
        "support": 729.0
    },
    "weighted avg": {
        "precision": 0.6300215896087795,
        "recall": 0.5610425240054869,
        "f1-score": 0.5607701223821969,
        "support": 729.0
    }
}