{
    "1": {
        "precision": 1.0,
        "recall": 0.8271604938271605,
        "f1-score": 0.9054054054054054,
        "support": 243.0
    },
    "2": {
        "precision": 0.6666666666666666,
        "recall": 0.345679012345679,
        "f1-score": 0.45528455284552843,
        "support": 243.0
    },
    "3": {
        "precision": 0.25,
        "recall": 0.21810699588477367,
        "f1-score": 0.23296703296703297,
        "support": 243.0
    },
    "4": {
        "precision": 0.16818181818181818,
        "recall": 0.1522633744855967,
        "f1-score": 0.15982721382289417,
        "support": 243.0
    },
    "5": {
        "precision": 0.15416666666666667,
        "recall": 0.1522633744855967,
        "f1-score": 0.15320910973084886,
        "support": 243.0
    },
    "6": {
        "precision": 0.19911504424778761,
        "recall": 0.18518518518518517,
        "f1-score": 0.19189765458422176,
        "support": 243.0
    },
    "7": {
        "precision": 0.3235294117647059,
        "recall": 0.5432098765432098,
        "f1-score": 0.4055299539170507,
        "support": 243.0
    },
    "8": {
        "precision": 0.40233236151603496,
        "recall": 0.5679012345679012,
        "f1-score": 0.4709897610921502,
        "support": 243.0
    },
    "9": {
        "precision": 0.6729857819905213,
        "recall": 0.5843621399176955,
        "f1-score": 0.6255506607929515,
        "support": 243.0
    },
    "accuracy": 0.3973479652491998,
    "macro avg": {
        "precision": 0.4263308612260224,
        "recall": 0.3973479652491998,
        "f1-score": 0.40007348279534266,
        "support": 2187.0
    },
    "weighted avg": {
        "precision": 0.4263308612260224,
        "recall": 0.3973479652491998,
        "f1-score": 0.40007348279534266,
        "support": 2187.0
    }
}