{
    "2": {
        "precision": 0.5,
        "recall": 0.02040816326530612,
        "f1-score": 0.0392156862745098,
        "support": 49.0
    },
    "3": {
        "precision": 0.4117647058823529,
        "recall": 0.8571428571428571,
        "f1-score": 0.5562913907284768,
        "support": 49.0
    },
    "4": {
        "precision": 0.14285714285714285,
        "recall": 0.8163265306122449,
        "f1-score": 0.24316109422492402,
        "support": 49.0
    },
    "5": {
        "precision": 0.0,
        "recall": 0.0,
        "f1-score": 0.0,
        "support": 49.0
    },
    "6": {
        "precision": 0.0,
        "recall": 0.0,
        "f1-score": 0.0,
        "support": 49.0
    },
    "7": {
        "precision": 0.0,
        "recall": 0.0,
        "f1-score": 0.0,
        "support": 49.0
    },
    "8": {
        "precision": 0.0,
        "recall": 0.0,
        "f1-score": 0.0,
        "support": 49.0
    },
    "9": {
        "precision": 1.0,
        "recall": 0.12244897959183673,
        "f1-score": 0.21818181818181817,
        "support": 49.0
    },
    "accuracy": 0.22704081632653061,
    "macro avg": {
        "precision": 0.25682773109243695,
        "recall": 0.2270408163265306,
        "f1-score": 0.1321062486762161,
        "support": 392.0
    },
    "weighted avg": {
        "precision": 0.25682773109243695,
        "recall": 0.22704081632653061,
        "f1-score": 0.1321062486762161,
        "support": 392.0
    }
}