{
    "1": {
        "precision": 0.9372384937238494,
        "recall": 0.9218106995884774,
        "f1-score": 0.9294605809128631,
        "support": 243.0
    },
    "2": {
        "precision": 0.5909090909090909,
        "recall": 0.48148148148148145,
        "f1-score": 0.5306122448979592,
        "support": 243.0
    },
    "3": {
        "precision": 0.2463768115942029,
        "recall": 0.20987654320987653,
        "f1-score": 0.22666666666666666,
        "support": 243.0
    },
    "4": {
        "precision": 0.17065868263473055,
        "recall": 0.2345679012345679,
        "f1-score": 0.1975736568457539,
        "support": 243.0
    },
    "5": {
        "precision": 0.10144927536231885,
        "recall": 0.02880658436213992,
        "f1-score": 0.04487179487179487,
        "support": 243.0
    },
    "6": {
        "precision": 0.07692307692307693,
        "recall": 0.07818930041152264,
        "f1-score": 0.07755102040816327,
        "support": 243.0
    },
    "7": {
        "precision": 0.16666666666666666,
        "recall": 0.00823045267489712,
        "f1-score": 0.01568627450980392,
        "support": 243.0
    },
    "8": {
        "precision": 0.16198347107438016,
        "recall": 0.40329218106995884,
        "f1-score": 0.23113207547169812,
        "support": 243.0
    },
    "9": {
        "precision": 0.2196969696969697,
        "recall": 0.23868312757201646,
        "f1-score": 0.22879684418145957,
        "support": 243.0
    },
    "micro avg": {
        "precision": 0.2910344827586207,
        "recall": 0.289437585733882,
        "f1-score": 0.2902338376891334,
        "support": 2187.0
    },
    "macro avg": {
        "precision": 0.29687805984280957,
        "recall": 0.289437585733882,
        "f1-score": 0.2758167954184625,
        "support": 2187.0
    },
    "weighted avg": {
        "precision": 0.2968780598428095,
        "recall": 0.289437585733882,
        "f1-score": 0.27581679541846255,
        "support": 2187.0
    },
    "accuracy": 0.289437585733882
}