{
    "2": {
        "precision": 1.0,
        "recall": 0.7755102040816326,
        "f1-score": 0.8735632183908046,
        "support": 49.0
    },
    "3": {
        "precision": 0.7755102040816326,
        "recall": 0.7755102040816326,
        "f1-score": 0.7755102040816326,
        "support": 49.0
    },
    "4": {
        "precision": 0.65625,
        "recall": 0.42857142857142855,
        "f1-score": 0.5185185185185185,
        "support": 49.0
    },
    "5": {
        "precision": 0.40425531914893614,
        "recall": 0.3877551020408163,
        "f1-score": 0.3958333333333333,
        "support": 49.0
    },
    "6": {
        "precision": 0.36363636363636365,
        "recall": 0.24489795918367346,
        "f1-score": 0.2926829268292683,
        "support": 49.0
    },
    "7": {
        "precision": 0.29411764705882354,
        "recall": 0.40816326530612246,
        "f1-score": 0.3418803418803419,
        "support": 49.0
    },
    "8": {
        "precision": 0.42857142857142855,
        "recall": 0.3673469387755102,
        "f1-score": 0.3956043956043956,
        "support": 49.0
    },
    "9": {
        "precision": 0.5365853658536586,
        "recall": 0.8979591836734694,
        "f1-score": 0.6717557251908397,
        "support": 49.0
    },
    "micro avg": {
        "precision": 0.5370843989769821,
        "recall": 0.5357142857142857,
        "f1-score": 0.5363984674329502,
        "support": 392.0
    },
    "macro avg": {
        "precision": 0.5573657910438554,
        "recall": 0.5357142857142857,
        "f1-score": 0.5331685829786418,
        "support": 392.0
    },
    "weighted avg": {
        "precision": 0.5573657910438554,
        "recall": 0.5357142857142857,
        "f1-score": 0.5331685829786418,
        "support": 392.0
    },
    "accuracy": 0.5357142857142857
}