{
    "1": {
        "precision": 0.15178571428571427,
        "recall": 0.6296296296296297,
        "f1-score": 0.2446043165467626,
        "support": 81.0
    },
    "2": {
        "precision": 0.6324786324786325,
        "recall": 0.9135802469135802,
        "f1-score": 0.7474747474747475,
        "support": 81.0
    },
    "3": {
        "precision": 0.4294478527607362,
        "recall": 0.8641975308641975,
        "f1-score": 0.5737704918032787,
        "support": 81.0
    },
    "4": {
        "precision": 0.5714285714285714,
        "recall": 0.14814814814814814,
        "f1-score": 0.23529411764705882,
        "support": 81.0
    },
    "5": {
        "precision": 0.46835443037974683,
        "recall": 0.4567901234567901,
        "f1-score": 0.4625,
        "support": 81.0
    },
    "6": {
        "precision": 1.0,
        "recall": 0.012345679012345678,
        "f1-score": 0.024390243902439025,
        "support": 81.0
    },
    "7": {
        "precision": 0.45454545454545453,
        "recall": 0.06172839506172839,
        "f1-score": 0.10869565217391304,
        "support": 81.0
    },
    "8": {
        "precision": 0.0,
        "recall": 0.0,
        "f1-score": 0.0,
        "support": 81.0
    },
    "9": {
        "precision": 1.0,
        "recall": 0.012345679012345678,
        "f1-score": 0.024390243902439025,
        "support": 81.0
    },
    "accuracy": 0.3443072702331962,
    "macro avg": {
        "precision": 0.5231156284309839,
        "recall": 0.3443072702331961,
        "f1-score": 0.26901331260562655,
        "support": 729.0
    },
    "weighted avg": {
        "precision": 0.523115628430984,
        "recall": 0.3443072702331962,
        "f1-score": 0.2690133126056265,
        "support": 729.0
    }
}