{
    "1": {
        "precision": 0.010071942446043165,
        "recall": 0.02880658436213992,
        "f1-score": 0.014925373134328358,
        "support": 243.0
    },
    "2": {
        "precision": 0.3654708520179372,
        "recall": 0.6707818930041153,
        "f1-score": 0.4731494920174166,
        "support": 243.0
    },
    "3": {
        "precision": 0.44907407407407407,
        "recall": 0.3991769547325103,
        "f1-score": 0.4226579520697168,
        "support": 243.0
    },
    "4": {
        "precision": 0.2972972972972973,
        "recall": 0.04526748971193416,
        "f1-score": 0.07857142857142857,
        "support": 243.0
    },
    "5": {
        "precision": 0.141643059490085,
        "recall": 0.411522633744856,
        "f1-score": 0.2107481559536354,
        "support": 243.0
    },
    "6": {
        "precision": 0.038461538461538464,
        "recall": 0.00411522633744856,
        "f1-score": 0.007434944237918215,
        "support": 243.0
    },
    "7": {
        "precision": 0.0,
        "recall": 0.0,
        "f1-score": 0.0,
        "support": 243.0
    },
    "8": {
        "precision": 0.0,
        "recall": 0.0,
        "f1-score": 0.0,
        "support": 243.0
    },
    "9": {
        "precision": 0.5245901639344263,
        "recall": 0.13168724279835392,
        "f1-score": 0.21052631578947367,
        "support": 243.0
    },
    "accuracy": 0.18792866941015088,
    "macro avg": {
        "precision": 0.20295654752460013,
        "recall": 0.1879286694101509,
        "f1-score": 0.1575570735304353,
        "support": 2187.0
    },
    "weighted avg": {
        "precision": 0.20295654752460016,
        "recall": 0.18792866941015088,
        "f1-score": 0.15755707353043527,
        "support": 2187.0
    }
}