{
    "2": {
        "precision": 1.0,
        "recall": 0.8367346938775511,
        "f1-score": 0.9111111111111111,
        "support": 49.0
    },
    "3": {
        "precision": 0.7931034482758621,
        "recall": 0.46938775510204084,
        "f1-score": 0.5897435897435898,
        "support": 49.0
    },
    "4": {
        "precision": 0.46153846153846156,
        "recall": 0.4897959183673469,
        "f1-score": 0.4752475247524752,
        "support": 49.0
    },
    "5": {
        "precision": 0.5283018867924528,
        "recall": 0.5714285714285714,
        "f1-score": 0.5490196078431373,
        "support": 49.0
    },
    "6": {
        "precision": 0.2916666666666667,
        "recall": 0.14285714285714285,
        "f1-score": 0.1917808219178082,
        "support": 49.0
    },
    "7": {
        "precision": 0.3627450980392157,
        "recall": 0.7551020408163265,
        "f1-score": 0.4900662251655629,
        "support": 49.0
    },
    "8": {
        "precision": 0.4262295081967213,
        "recall": 0.5306122448979592,
        "f1-score": 0.4727272727272727,
        "support": 49.0
    },
    "9": {
        "precision": 0.7666666666666667,
        "recall": 0.46938775510204084,
        "f1-score": 0.5822784810126582,
        "support": 49.0
    },
    "accuracy": 0.5331632653061225,
    "macro avg": {
        "precision": 0.5787814670220058,
        "recall": 0.5331632653061225,
        "f1-score": 0.5327468292842019,
        "support": 392.0
    },
    "weighted avg": {
        "precision": 0.5787814670220058,
        "recall": 0.5331632653061225,
        "f1-score": 0.5327468292842019,
        "support": 392.0
    }
}