{
    "2": {
        "precision": 1.0,
        "recall": 0.08163265306122448,
        "f1-score": 0.1509433962264151,
        "support": 49.0
    },
    "3": {
        "precision": 0.4318181818181818,
        "recall": 0.7755102040816326,
        "f1-score": 0.5547445255474452,
        "support": 49.0
    },
    "4": {
        "precision": 0.46774193548387094,
        "recall": 0.5918367346938775,
        "f1-score": 0.5225225225225225,
        "support": 49.0
    },
    "5": {
        "precision": 0.4146341463414634,
        "recall": 0.3469387755102041,
        "f1-score": 0.37777777777777777,
        "support": 49.0
    },
    "6": {
        "precision": 0.17307692307692307,
        "recall": 0.1836734693877551,
        "f1-score": 0.1782178217821782,
        "support": 49.0
    },
    "7": {
        "precision": 0.3333333333333333,
        "recall": 0.02040816326530612,
        "f1-score": 0.038461538461538464,
        "support": 49.0
    },
    "8": {
        "precision": 0.22807017543859648,
        "recall": 0.5306122448979592,
        "f1-score": 0.31901840490797545,
        "support": 49.0
    },
    "9": {
        "precision": 0.25,
        "recall": 0.14285714285714285,
        "f1-score": 0.18181818181818182,
        "support": 49.0
    },
    "accuracy": 0.33418367346938777,
    "macro avg": {
        "precision": 0.4123343369365462,
        "recall": 0.3341836734693877,
        "f1-score": 0.2904380211305043,
        "support": 392.0
    },
    "weighted avg": {
        "precision": 0.41233433693654614,
        "recall": 0.33418367346938777,
        "f1-score": 0.2904380211305043,
        "support": 392.0
    }
}