{
    "1": {
        "precision": 1.0,
        "recall": 1.0,
        "f1-score": 1.0,
        "support": 81.0
    },
    "2": {
        "precision": 0.9523809523809523,
        "recall": 0.7407407407407407,
        "f1-score": 0.8333333333333334,
        "support": 81.0
    },
    "3": {
        "precision": 0.64,
        "recall": 0.7901234567901234,
        "f1-score": 0.7071823204419889,
        "support": 81.0
    },
    "4": {
        "precision": 0.4473684210526316,
        "recall": 0.20987654320987653,
        "f1-score": 0.2857142857142857,
        "support": 81.0
    },
    "5": {
        "precision": 0.3764705882352941,
        "recall": 0.3950617283950617,
        "f1-score": 0.3855421686746988,
        "support": 81.0
    },
    "6": {
        "precision": 0.21621621621621623,
        "recall": 0.09876543209876543,
        "f1-score": 0.13559322033898305,
        "support": 81.0
    },
    "7": {
        "precision": 0.25,
        "recall": 0.024691358024691357,
        "f1-score": 0.0449438202247191,
        "support": 81.0
    },
    "8": {
        "precision": 0.2740740740740741,
        "recall": 0.4567901234567901,
        "f1-score": 0.3425925925925926,
        "support": 81.0
    },
    "9": {
        "precision": 0.2857142857142857,
        "recall": 0.6419753086419753,
        "f1-score": 0.39543726235741444,
        "support": 81.0
    },
    "accuracy": 0.4842249657064472,
    "macro avg": {
        "precision": 0.4935805041859394,
        "recall": 0.4842249657064472,
        "f1-score": 0.45892655596422405,
        "support": 729.0
    },
    "weighted avg": {
        "precision": 0.49358050418593935,
        "recall": 0.4842249657064472,
        "f1-score": 0.45892655596422394,
        "support": 729.0
    }
}