{
    "2": {
        "precision": 0.0,
        "recall": 0.0,
        "f1-score": 0.0,
        "support": 49.0
    },
    "3": {
        "precision": 0.40384615384615385,
        "recall": 0.8571428571428571,
        "f1-score": 0.5490196078431373,
        "support": 49.0
    },
    "4": {
        "precision": 0.24736842105263157,
        "recall": 0.9591836734693877,
        "f1-score": 0.39330543933054396,
        "support": 49.0
    },
    "5": {
        "precision": 0.0,
        "recall": 0.0,
        "f1-score": 0.0,
        "support": 49.0
    },
    "6": {
        "precision": 0.0,
        "recall": 0.0,
        "f1-score": 0.0,
        "support": 49.0
    },
    "7": {
        "precision": 0.0,
        "recall": 0.0,
        "f1-score": 0.0,
        "support": 49.0
    },
    "8": {
        "precision": 0.3950617283950617,
        "recall": 0.6530612244897959,
        "f1-score": 0.49230769230769234,
        "support": 49.0
    },
    "9": {
        "precision": 0.9166666666666666,
        "recall": 0.22448979591836735,
        "f1-score": 0.36065573770491804,
        "support": 49.0
    },
    "accuracy": 0.336734693877551,
    "macro avg": {
        "precision": 0.2453678712450642,
        "recall": 0.336734693877551,
        "f1-score": 0.22441105964828645,
        "support": 392.0
    },
    "weighted avg": {
        "precision": 0.24536787124506423,
        "recall": 0.336734693877551,
        "f1-score": 0.22441105964828645,
        "support": 392.0
    }
}