{
    "2": {
        "precision": 0.8181818181818182,
        "recall": 0.7346938775510204,
        "f1-score": 0.7741935483870968,
        "support": 49.0
    },
    "3": {
        "precision": 0.5581395348837209,
        "recall": 0.4897959183673469,
        "f1-score": 0.5217391304347826,
        "support": 49.0
    },
    "4": {
        "precision": 0.5507246376811594,
        "recall": 0.7755102040816326,
        "f1-score": 0.6440677966101694,
        "support": 49.0
    },
    "5": {
        "precision": 0.8181818181818182,
        "recall": 0.3673469387755102,
        "f1-score": 0.5070422535211268,
        "support": 49.0
    },
    "6": {
        "precision": 0.5625,
        "recall": 0.5510204081632653,
        "f1-score": 0.5567010309278351,
        "support": 49.0
    },
    "7": {
        "precision": 0.5,
        "recall": 0.02040816326530612,
        "f1-score": 0.0392156862745098,
        "support": 49.0
    },
    "8": {
        "precision": 0.2413793103448276,
        "recall": 0.42857142857142855,
        "f1-score": 0.3088235294117647,
        "support": 49.0
    },
    "9": {
        "precision": 0.2727272727272727,
        "recall": 0.42857142857142855,
        "f1-score": 0.3333333333333333,
        "support": 49.0
    },
    "accuracy": 0.4744897959183674,
    "macro avg": {
        "precision": 0.5402292990000772,
        "recall": 0.4744897959183673,
        "f1-score": 0.4606395386125773,
        "support": 392.0
    },
    "weighted avg": {
        "precision": 0.5402292990000772,
        "recall": 0.4744897959183674,
        "f1-score": 0.46063953861257734,
        "support": 392.0
    }
}