{
    "1": {
        "precision": 1.0,
        "recall": 0.9670781893004116,
        "f1-score": 0.9832635983263598,
        "support": 243.0
    },
    "2": {
        "precision": 0.9702127659574468,
        "recall": 0.9382716049382716,
        "f1-score": 0.9539748953974896,
        "support": 243.0
    },
    "3": {
        "precision": 0.8197879858657244,
        "recall": 0.9547325102880658,
        "f1-score": 0.8821292775665399,
        "support": 243.0
    },
    "4": {
        "precision": 0.9727272727272728,
        "recall": 0.4403292181069959,
        "f1-score": 0.6062322946175638,
        "support": 243.0
    },
    "5": {
        "precision": 0.5862068965517241,
        "recall": 0.13991769547325103,
        "f1-score": 0.22591362126245848,
        "support": 243.0
    },
    "6": {
        "precision": 0.2684563758389262,
        "recall": 0.9876543209876543,
        "f1-score": 0.42216358839050133,
        "support": 243.0
    },
    "7": {
        "precision": 0.1651376146788991,
        "recall": 0.07407407407407407,
        "f1-score": 0.10227272727272728,
        "support": 243.0
    },
    "8": {
        "precision": 0.5238095238095238,
        "recall": 0.13580246913580246,
        "f1-score": 0.21568627450980393,
        "support": 243.0
    },
    "9": {
        "precision": 0.775,
        "recall": 0.6378600823045267,
        "f1-score": 0.6997742663656885,
        "support": 243.0
    },
    "accuracy": 0.5861911294010059,
    "macro avg": {
        "precision": 0.6757042706032796,
        "recall": 0.5861911294010059,
        "f1-score": 0.565712282634348,
        "support": 2187.0
    },
    "weighted avg": {
        "precision": 0.6757042706032796,
        "recall": 0.5861911294010059,
        "f1-score": 0.5657122826343481,
        "support": 2187.0
    }
}