{
    "2": {
        "precision": 1.0,
        "recall": 1.0,
        "f1-score": 1.0,
        "support": 49.0
    },
    "3": {
        "precision": 1.0,
        "recall": 1.0,
        "f1-score": 1.0,
        "support": 49.0
    },
    "4": {
        "precision": 0.620253164556962,
        "recall": 1.0,
        "f1-score": 0.765625,
        "support": 49.0
    },
    "5": {
        "precision": 0.19801980198019803,
        "recall": 0.40816326530612246,
        "f1-score": 0.26666666666666666,
        "support": 49.0
    },
    "6": {
        "precision": 0.023255813953488372,
        "recall": 0.02040816326530612,
        "f1-score": 0.021739130434782608,
        "support": 49.0
    },
    "7": {
        "precision": 0.02631578947368421,
        "recall": 0.02040816326530612,
        "f1-score": 0.022988505747126436,
        "support": 49.0
    },
    "8": {
        "precision": 0.09090909090909091,
        "recall": 0.04081632653061224,
        "f1-score": 0.056338028169014086,
        "support": 49.0
    },
    "9": {
        "precision": 1.0,
        "recall": 0.22448979591836735,
        "f1-score": 0.36666666666666664,
        "support": 49.0
    },
    "accuracy": 0.4642857142857143,
    "macro avg": {
        "precision": 0.4948442076091779,
        "recall": 0.4642857142857143,
        "f1-score": 0.437502999710532,
        "support": 392.0
    },
    "weighted avg": {
        "precision": 0.49484420760917797,
        "recall": 0.4642857142857143,
        "f1-score": 0.437502999710532,
        "support": 392.0
    }
}