{
    "2": {
        "precision": 1.0,
        "recall": 0.9795918367346939,
        "f1-score": 0.9896907216494846,
        "support": 49.0
    },
    "3": {
        "precision": 1.0,
        "recall": 0.8775510204081632,
        "f1-score": 0.9347826086956522,
        "support": 49.0
    },
    "4": {
        "precision": 0.7636363636363637,
        "recall": 0.8571428571428571,
        "f1-score": 0.8076923076923077,
        "support": 49.0
    },
    "5": {
        "precision": 0.7368421052631579,
        "recall": 0.5714285714285714,
        "f1-score": 0.6436781609195402,
        "support": 49.0
    },
    "6": {
        "precision": 0.40298507462686567,
        "recall": 0.5510204081632653,
        "f1-score": 0.46551724137931033,
        "support": 49.0
    },
    "7": {
        "precision": 0.5555555555555556,
        "recall": 0.5102040816326531,
        "f1-score": 0.5319148936170213,
        "support": 49.0
    },
    "8": {
        "precision": 0.325,
        "recall": 0.5306122448979592,
        "f1-score": 0.40310077519379844,
        "support": 49.0
    },
    "9": {
        "precision": 0.75,
        "recall": 0.24489795918367346,
        "f1-score": 0.36923076923076925,
        "support": 49.0
    },
    "accuracy": 0.6403061224489796,
    "macro avg": {
        "precision": 0.6917523873852429,
        "recall": 0.6403061224489796,
        "f1-score": 0.6432009347972355,
        "support": 392.0
    },
    "weighted avg": {
        "precision": 0.6917523873852428,
        "recall": 0.6403061224489796,
        "f1-score": 0.6432009347972355,
        "support": 392.0
    }
}