{
    "1": {
        "precision": 0.9918032786885246,
        "recall": 0.9958847736625515,
        "f1-score": 0.9938398357289527,
        "support": 243.0
    },
    "2": {
        "precision": 0.7048192771084337,
        "recall": 0.9629629629629629,
        "f1-score": 0.8139130434782609,
        "support": 243.0
    },
    "3": {
        "precision": 0.29056603773584905,
        "recall": 0.6337448559670782,
        "f1-score": 0.3984476067270375,
        "support": 243.0
    },
    "4": {
        "precision": 0.228310502283105,
        "recall": 0.205761316872428,
        "f1-score": 0.21645021645021645,
        "support": 243.0
    },
    "5": {
        "precision": 0.3541666666666667,
        "recall": 0.06995884773662552,
        "f1-score": 0.11683848797250859,
        "support": 243.0
    },
    "6": {
        "precision": 0.23466666666666666,
        "recall": 0.36213991769547327,
        "f1-score": 0.284789644012945,
        "support": 243.0
    },
    "7": {
        "precision": 0.27388535031847133,
        "recall": 0.17695473251028807,
        "f1-score": 0.215,
        "support": 243.0
    },
    "8": {
        "precision": 0.32450331125827814,
        "recall": 0.20164609053497942,
        "f1-score": 0.24873096446700507,
        "support": 243.0
    },
    "9": {
        "precision": 0.4732824427480916,
        "recall": 0.2551440329218107,
        "f1-score": 0.3315508021390374,
        "support": 243.0
    },
    "accuracy": 0.42935528120713307,
    "macro avg": {
        "precision": 0.43066705927489857,
        "recall": 0.429355281207133,
        "f1-score": 0.4021734001084404,
        "support": 2187.0
    },
    "weighted avg": {
        "precision": 0.4306670592748985,
        "recall": 0.42935528120713307,
        "f1-score": 0.40217340010844044,
        "support": 2187.0
    }
}