{
    "1": {
        "precision": 1.0,
        "recall": 1.0,
        "f1-score": 1.0,
        "support": 81.0
    },
    "2": {
        "precision": 1.0,
        "recall": 1.0,
        "f1-score": 1.0,
        "support": 81.0
    },
    "3": {
        "precision": 1.0,
        "recall": 1.0,
        "f1-score": 1.0,
        "support": 81.0
    },
    "4": {
        "precision": 1.0,
        "recall": 1.0,
        "f1-score": 1.0,
        "support": 81.0
    },
    "5": {
        "precision": 1.0,
        "recall": 0.8641975308641975,
        "f1-score": 0.9271523178807947,
        "support": 81.0
    },
    "6": {
        "precision": 0.8247422680412371,
        "recall": 0.9876543209876543,
        "f1-score": 0.898876404494382,
        "support": 81.0
    },
    "7": {
        "precision": 0.967741935483871,
        "recall": 0.37037037037037035,
        "f1-score": 0.5357142857142857,
        "support": 81.0
    },
    "8": {
        "precision": 0.5714285714285714,
        "recall": 0.7901234567901234,
        "f1-score": 0.6632124352331606,
        "support": 81.0
    },
    "9": {
        "precision": 0.2222222222222222,
        "recall": 0.024691358024691357,
        "f1-score": 0.044444444444444446,
        "support": 81.0
    },
    "micro avg": {
        "precision": 0.8864696734059098,
        "recall": 0.7818930041152263,
        "f1-score": 0.8309037900874635,
        "support": 729.0
    },
    "macro avg": {
        "precision": 0.8429038885751001,
        "recall": 0.7818930041152262,
        "f1-score": 0.785488876418563,
        "support": 729.0
    },
    "weighted avg": {
        "precision": 0.8429038885751001,
        "recall": 0.7818930041152263,
        "f1-score": 0.785488876418563,
        "support": 729.0
    },
    "accuracy": 0.7818930041152263
}