{
    "1": {
        "precision": 1.0,
        "recall": 0.9794238683127572,
        "f1-score": 0.9896049896049897,
        "support": 243.0
    },
    "2": {
        "precision": 0.9463414634146341,
        "recall": 0.7983539094650206,
        "f1-score": 0.8660714285714286,
        "support": 243.0
    },
    "3": {
        "precision": 0.6766467065868264,
        "recall": 0.46502057613168724,
        "f1-score": 0.551219512195122,
        "support": 243.0
    },
    "4": {
        "precision": 0.2751677852348993,
        "recall": 0.16872427983539096,
        "f1-score": 0.20918367346938777,
        "support": 243.0
    },
    "5": {
        "precision": 0.25842696629213485,
        "recall": 0.2839506172839506,
        "f1-score": 0.27058823529411763,
        "support": 243.0
    },
    "6": {
        "precision": 0.25136612021857924,
        "recall": 0.18930041152263374,
        "f1-score": 0.215962441314554,
        "support": 243.0
    },
    "7": {
        "precision": 0.255859375,
        "recall": 0.5390946502057613,
        "f1-score": 0.34701986754966885,
        "support": 243.0
    },
    "8": {
        "precision": 0.3386454183266932,
        "recall": 0.3497942386831276,
        "f1-score": 0.3441295546558704,
        "support": 243.0
    },
    "9": {
        "precision": 0.5162790697674419,
        "recall": 0.4567901234567901,
        "f1-score": 0.4847161572052402,
        "support": 243.0
    },
    "accuracy": 0.47005029721079106,
    "macro avg": {
        "precision": 0.5020814338712455,
        "recall": 0.470050297210791,
        "f1-score": 0.4753884288733754,
        "support": 2187.0
    },
    "weighted avg": {
        "precision": 0.5020814338712454,
        "recall": 0.47005029721079106,
        "f1-score": 0.4753884288733754,
        "support": 2187.0
    }
}