{
    "1": {
        "precision": 1.0,
        "recall": 0.9753086419753086,
        "f1-score": 0.9875,
        "support": 81.0
    },
    "2": {
        "precision": 0.9649122807017544,
        "recall": 0.6790123456790124,
        "f1-score": 0.7971014492753623,
        "support": 81.0
    },
    "3": {
        "precision": 0.6176470588235294,
        "recall": 0.5185185185185185,
        "f1-score": 0.5637583892617449,
        "support": 81.0
    },
    "4": {
        "precision": 0.5357142857142857,
        "recall": 0.5555555555555556,
        "f1-score": 0.5454545454545454,
        "support": 81.0
    },
    "5": {
        "precision": 0.5,
        "recall": 0.49382716049382713,
        "f1-score": 0.4968944099378882,
        "support": 81.0
    },
    "6": {
        "precision": 0.2903225806451613,
        "recall": 0.2222222222222222,
        "f1-score": 0.2517482517482518,
        "support": 81.0
    },
    "7": {
        "precision": 0.3655913978494624,
        "recall": 0.41975308641975306,
        "f1-score": 0.39080459770114945,
        "support": 81.0
    },
    "8": {
        "precision": 0.44285714285714284,
        "recall": 0.38271604938271603,
        "f1-score": 0.4105960264900662,
        "support": 81.0
    },
    "9": {
        "precision": 0.5168539325842697,
        "recall": 0.5679012345679012,
        "f1-score": 0.5411764705882353,
        "support": 81.0
    },
    "micro avg": {
        "precision": 0.5718475073313783,
        "recall": 0.5349794238683128,
        "f1-score": 0.5527994330262226,
        "support": 729.0
    },
    "macro avg": {
        "precision": 0.5815442976861784,
        "recall": 0.5349794238683127,
        "f1-score": 0.553892682273027,
        "support": 729.0
    },
    "weighted avg": {
        "precision": 0.5815442976861783,
        "recall": 0.5349794238683128,
        "f1-score": 0.553892682273027,
        "support": 729.0
    },
    "accuracy": 0.5349794238683128
}