{
    "2": {
        "precision": 1.0,
        "recall": 0.9183673469387755,
        "f1-score": 0.9574468085106383,
        "support": 49.0
    },
    "3": {
        "precision": 0.9069767441860465,
        "recall": 0.7959183673469388,
        "f1-score": 0.8478260869565217,
        "support": 49.0
    },
    "4": {
        "precision": 0.8148148148148148,
        "recall": 0.8979591836734694,
        "f1-score": 0.8543689320388349,
        "support": 49.0
    },
    "5": {
        "precision": 0.8333333333333334,
        "recall": 0.8163265306122449,
        "f1-score": 0.8247422680412371,
        "support": 49.0
    },
    "6": {
        "precision": 0.4563106796116505,
        "recall": 0.9591836734693877,
        "f1-score": 0.618421052631579,
        "support": 49.0
    },
    "7": {
        "precision": 0.5454545454545454,
        "recall": 0.12244897959183673,
        "f1-score": 0.2,
        "support": 49.0
    },
    "8": {
        "precision": 0.47619047619047616,
        "recall": 0.20408163265306123,
        "f1-score": 0.2857142857142857,
        "support": 49.0
    },
    "9": {
        "precision": 0.5522388059701493,
        "recall": 0.7551020408163265,
        "f1-score": 0.6379310344827587,
        "support": 49.0
    },
    "accuracy": 0.6836734693877551,
    "macro avg": {
        "precision": 0.6981649249451269,
        "recall": 0.6836734693877551,
        "f1-score": 0.6533063085469819,
        "support": 392.0
    },
    "weighted avg": {
        "precision": 0.698164924945127,
        "recall": 0.6836734693877551,
        "f1-score": 0.6533063085469819,
        "support": 392.0
    }
}