{
    "1": {
        "precision": 1.0,
        "recall": 0.9917695473251029,
        "f1-score": 0.9958677685950413,
        "support": 243.0
    },
    "2": {
        "precision": 0.9484978540772532,
        "recall": 0.9094650205761317,
        "f1-score": 0.9285714285714286,
        "support": 243.0
    },
    "3": {
        "precision": 0.7727272727272727,
        "recall": 0.3497942386831276,
        "f1-score": 0.48158640226628896,
        "support": 243.0
    },
    "4": {
        "precision": 0.17266187050359713,
        "recall": 0.09876543209876543,
        "f1-score": 0.1256544502617801,
        "support": 243.0
    },
    "5": {
        "precision": 0.16363636363636364,
        "recall": 0.1111111111111111,
        "f1-score": 0.1323529411764706,
        "support": 243.0
    },
    "6": {
        "precision": 0.18562874251497005,
        "recall": 0.12757201646090535,
        "f1-score": 0.15121951219512195,
        "support": 243.0
    },
    "7": {
        "precision": 0.20382165605095542,
        "recall": 0.3950617283950617,
        "f1-score": 0.2689075630252101,
        "support": 243.0
    },
    "8": {
        "precision": 0.22982885085574573,
        "recall": 0.3868312757201646,
        "f1-score": 0.2883435582822086,
        "support": 243.0
    },
    "9": {
        "precision": 0.4365079365079365,
        "recall": 0.45267489711934156,
        "f1-score": 0.4444444444444444,
        "support": 243.0
    },
    "accuracy": 0.4247828074988569,
    "macro avg": {
        "precision": 0.45703450520823274,
        "recall": 0.4247828074988569,
        "f1-score": 0.4241053409797772,
        "support": 2187.0
    },
    "weighted avg": {
        "precision": 0.4570345052082327,
        "recall": 0.4247828074988569,
        "f1-score": 0.4241053409797772,
        "support": 2187.0
    }
}