{
    "1": {
        "precision": 0.0,
        "recall": 0.0,
        "f1-score": 0.0,
        "support": 81.0
    },
    "2": {
        "precision": 0.4326241134751773,
        "recall": 0.7530864197530864,
        "f1-score": 0.5495495495495496,
        "support": 81.0
    },
    "3": {
        "precision": 0.3968253968253968,
        "recall": 0.30864197530864196,
        "f1-score": 0.3472222222222222,
        "support": 81.0
    },
    "4": {
        "precision": 0.23529411764705882,
        "recall": 0.09876543209876543,
        "f1-score": 0.1391304347826087,
        "support": 81.0
    },
    "5": {
        "precision": 0.17204301075268819,
        "recall": 0.3950617283950617,
        "f1-score": 0.2397003745318352,
        "support": 81.0
    },
    "6": {
        "precision": 0.0,
        "recall": 0.0,
        "f1-score": 0.0,
        "support": 81.0
    },
    "7": {
        "precision": 0.0,
        "recall": 0.0,
        "f1-score": 0.0,
        "support": 81.0
    },
    "8": {
        "precision": 0.5,
        "recall": 0.012345679012345678,
        "f1-score": 0.024096385542168676,
        "support": 81.0
    },
    "9": {
        "precision": 0.3333333333333333,
        "recall": 0.04938271604938271,
        "f1-score": 0.08602150537634409,
        "support": 81.0
    },
    "accuracy": 0.17969821673525377,
    "macro avg": {
        "precision": 0.2300133302259616,
        "recall": 0.17969821673525377,
        "f1-score": 0.1539689413338587,
        "support": 729.0
    },
    "weighted avg": {
        "precision": 0.2300133302259616,
        "recall": 0.17969821673525377,
        "f1-score": 0.15396894133385872,
        "support": 729.0
    }
}