{
    "1": {
        "precision": 0.1384180790960452,
        "recall": 0.6049382716049383,
        "f1-score": 0.22528735632183908,
        "support": 81.0
    },
    "2": {
        "precision": 0.6583333333333333,
        "recall": 0.9753086419753086,
        "f1-score": 0.7860696517412935,
        "support": 81.0
    },
    "3": {
        "precision": 0.5107913669064749,
        "recall": 0.8765432098765432,
        "f1-score": 0.6454545454545455,
        "support": 81.0
    },
    "4": {
        "precision": 0.7142857142857143,
        "recall": 0.12345679012345678,
        "f1-score": 0.21052631578947367,
        "support": 81.0
    },
    "5": {
        "precision": 0.5104166666666666,
        "recall": 0.6049382716049383,
        "f1-score": 0.5536723163841808,
        "support": 81.0
    },
    "6": {
        "precision": 1.0,
        "recall": 0.012345679012345678,
        "f1-score": 0.024390243902439025,
        "support": 81.0
    },
    "7": {
        "precision": 0.25,
        "recall": 0.012345679012345678,
        "f1-score": 0.023529411764705882,
        "support": 81.0
    },
    "8": {
        "precision": 0.0,
        "recall": 0.0,
        "f1-score": 0.0,
        "support": 81.0
    },
    "9": {
        "precision": 0.0,
        "recall": 0.0,
        "f1-score": 0.0,
        "support": 81.0
    },
    "accuracy": 0.35665294924554186,
    "macro avg": {
        "precision": 0.42024946225424825,
        "recall": 0.35665294924554186,
        "f1-score": 0.2743255379287197,
        "support": 729.0
    },
    "weighted avg": {
        "precision": 0.4202494622542483,
        "recall": 0.35665294924554186,
        "f1-score": 0.2743255379287197,
        "support": 729.0
    }
}