{
    "2": {
        "precision": 1.0,
        "recall": 0.8979591836734694,
        "f1-score": 0.946236559139785,
        "support": 49.0
    },
    "3": {
        "precision": 0.7959183673469388,
        "recall": 0.7959183673469388,
        "f1-score": 0.7959183673469388,
        "support": 49.0
    },
    "4": {
        "precision": 0.75,
        "recall": 0.7346938775510204,
        "f1-score": 0.7422680412371134,
        "support": 49.0
    },
    "5": {
        "precision": 0.5918367346938775,
        "recall": 0.5918367346938775,
        "f1-score": 0.5918367346938775,
        "support": 49.0
    },
    "6": {
        "precision": 0.32142857142857145,
        "recall": 0.1836734693877551,
        "f1-score": 0.23376623376623376,
        "support": 49.0
    },
    "7": {
        "precision": 0.0,
        "recall": 0.0,
        "f1-score": 0.0,
        "support": 49.0
    },
    "8": {
        "precision": 0.2523364485981308,
        "recall": 0.5510204081632653,
        "f1-score": 0.34615384615384615,
        "support": 49.0
    },
    "9": {
        "precision": 0.3076923076923077,
        "recall": 0.40816326530612246,
        "f1-score": 0.3508771929824561,
        "support": 49.0
    },
    "accuracy": 0.5204081632653061,
    "macro avg": {
        "precision": 0.5024015537199782,
        "recall": 0.5204081632653061,
        "f1-score": 0.5008821219150313,
        "support": 392.0
    },
    "weighted avg": {
        "precision": 0.5024015537199783,
        "recall": 0.5204081632653061,
        "f1-score": 0.5008821219150315,
        "support": 392.0
    }
}