{
    "1": {
        "precision": 1.0,
        "recall": 1.0,
        "f1-score": 1.0,
        "support": 81.0
    },
    "2": {
        "precision": 0.94,
        "recall": 0.5802469135802469,
        "f1-score": 0.7175572519083969,
        "support": 81.0
    },
    "3": {
        "precision": 0.5794392523364486,
        "recall": 0.7654320987654321,
        "f1-score": 0.6595744680851063,
        "support": 81.0
    },
    "4": {
        "precision": 0.4,
        "recall": 0.14814814814814814,
        "f1-score": 0.21621621621621623,
        "support": 81.0
    },
    "5": {
        "precision": 0.3287671232876712,
        "recall": 0.2962962962962963,
        "f1-score": 0.3116883116883117,
        "support": 81.0
    },
    "6": {
        "precision": 0.21212121212121213,
        "recall": 0.08641975308641975,
        "f1-score": 0.12280701754385964,
        "support": 81.0
    },
    "7": {
        "precision": 0.3333333333333333,
        "recall": 0.024691358024691357,
        "f1-score": 0.04597701149425287,
        "support": 81.0
    },
    "8": {
        "precision": 0.1984732824427481,
        "recall": 0.32098765432098764,
        "f1-score": 0.24528301886792453,
        "support": 81.0
    },
    "9": {
        "precision": 0.22580645161290322,
        "recall": 0.6049382716049383,
        "f1-score": 0.3288590604026846,
        "support": 81.0
    },
    "micro avg": {
        "precision": 0.4258241758241758,
        "recall": 0.4252400548696845,
        "f1-score": 0.425531914893617,
        "support": 729.0
    },
    "macro avg": {
        "precision": 0.4686600727927018,
        "recall": 0.4252400548696845,
        "f1-score": 0.40532915068963926,
        "support": 729.0
    },
    "weighted avg": {
        "precision": 0.46866007279270183,
        "recall": 0.4252400548696845,
        "f1-score": 0.4053291506896392,
        "support": 729.0
    },
    "accuracy": 0.4252400548696845
}