{
    "2": {
        "precision": 1.0,
        "recall": 1.0,
        "f1-score": 1.0,
        "support": 49.0
    },
    "3": {
        "precision": 1.0,
        "recall": 1.0,
        "f1-score": 1.0,
        "support": 49.0
    },
    "4": {
        "precision": 0.6805555555555556,
        "recall": 1.0,
        "f1-score": 0.8099173553719008,
        "support": 49.0
    },
    "5": {
        "precision": 0.27956989247311825,
        "recall": 0.5306122448979592,
        "f1-score": 0.36619718309859156,
        "support": 49.0
    },
    "6": {
        "precision": 0.04878048780487805,
        "recall": 0.04081632653061224,
        "f1-score": 0.044444444444444446,
        "support": 49.0
    },
    "7": {
        "precision": 0.05555555555555555,
        "recall": 0.061224489795918366,
        "f1-score": 0.05825242718446602,
        "support": 49.0
    },
    "8": {
        "precision": 0.05,
        "recall": 0.02040816326530612,
        "f1-score": 0.028985507246376812,
        "support": 49.0
    },
    "9": {
        "precision": 1.0,
        "recall": 0.2857142857142857,
        "f1-score": 0.4444444444444444,
        "support": 49.0
    },
    "accuracy": 0.4923469387755102,
    "macro avg": {
        "precision": 0.5143076864236384,
        "recall": 0.4923469387755102,
        "f1-score": 0.469030170223778,
        "support": 392.0
    },
    "weighted avg": {
        "precision": 0.5143076864236384,
        "recall": 0.4923469387755102,
        "f1-score": 0.469030170223778,
        "support": 392.0
    }
}