{
    "2": {
        "precision": 1.0,
        "recall": 0.46938775510204084,
        "f1-score": 0.6388888888888888,
        "support": 49.0
    },
    "3": {
        "precision": 0.6785714285714286,
        "recall": 0.7755102040816326,
        "f1-score": 0.7238095238095238,
        "support": 49.0
    },
    "4": {
        "precision": 0.71875,
        "recall": 0.46938775510204084,
        "f1-score": 0.5679012345679012,
        "support": 49.0
    },
    "5": {
        "precision": 0.5454545454545454,
        "recall": 0.3673469387755102,
        "f1-score": 0.43902439024390244,
        "support": 49.0
    },
    "6": {
        "precision": 0.4805194805194805,
        "recall": 0.7551020408163265,
        "f1-score": 0.5873015873015873,
        "support": 49.0
    },
    "7": {
        "precision": 0.6176470588235294,
        "recall": 0.8571428571428571,
        "f1-score": 0.717948717948718,
        "support": 49.0
    },
    "8": {
        "precision": 0.4787234042553192,
        "recall": 0.9183673469387755,
        "f1-score": 0.6293706293706294,
        "support": 49.0
    },
    "9": {
        "precision": 0.8888888888888888,
        "recall": 0.16326530612244897,
        "f1-score": 0.27586206896551724,
        "support": 49.0
    },
    "accuracy": 0.5969387755102041,
    "macro avg": {
        "precision": 0.676069350814149,
        "recall": 0.596938775510204,
        "f1-score": 0.5725133801370835,
        "support": 392.0
    },
    "weighted avg": {
        "precision": 0.676069350814149,
        "recall": 0.5969387755102041,
        "f1-score": 0.5725133801370835,
        "support": 392.0
    }
}