{
    "1": {
        "precision": 1.0,
        "recall": 0.5802469135802469,
        "f1-score": 0.734375,
        "support": 81.0
    },
    "2": {
        "precision": 0.6222222222222222,
        "recall": 0.691358024691358,
        "f1-score": 0.6549707602339181,
        "support": 81.0
    },
    "3": {
        "precision": 0.7446808510638298,
        "recall": 0.8641975308641975,
        "f1-score": 0.8,
        "support": 81.0
    },
    "4": {
        "precision": 0.8333333333333334,
        "recall": 0.8641975308641975,
        "f1-score": 0.8484848484848485,
        "support": 81.0
    },
    "5": {
        "precision": 0.75,
        "recall": 0.8148148148148148,
        "f1-score": 0.7810650887573964,
        "support": 81.0
    },
    "6": {
        "precision": 0.47761194029850745,
        "recall": 0.7901234567901234,
        "f1-score": 0.5953488372093023,
        "support": 81.0
    },
    "7": {
        "precision": 0.22302158273381295,
        "recall": 0.38271604938271603,
        "f1-score": 0.2818181818181818,
        "support": 81.0
    },
    "8": {
        "precision": 0.18181818181818182,
        "recall": 0.09876543209876543,
        "f1-score": 0.128,
        "support": 81.0
    },
    "9": {
        "precision": 0.8888888888888888,
        "recall": 0.09876543209876543,
        "f1-score": 0.17777777777777778,
        "support": 81.0
    },
    "accuracy": 0.5761316872427984,
    "macro avg": {
        "precision": 0.6357307778176418,
        "recall": 0.5761316872427984,
        "f1-score": 0.5557600549201583,
        "support": 729.0
    },
    "weighted avg": {
        "precision": 0.6357307778176418,
        "recall": 0.5761316872427984,
        "f1-score": 0.5557600549201583,
        "support": 729.0
    }
}