{
    "2": {
        "precision": 1.0,
        "recall": 0.9591836734693877,
        "f1-score": 0.9791666666666666,
        "support": 49.0
    },
    "3": {
        "precision": 0.9565217391304348,
        "recall": 0.8979591836734694,
        "f1-score": 0.9263157894736842,
        "support": 49.0
    },
    "4": {
        "precision": 0.8363636363636363,
        "recall": 0.9387755102040817,
        "f1-score": 0.8846153846153846,
        "support": 49.0
    },
    "5": {
        "precision": 1.0,
        "recall": 0.22448979591836735,
        "f1-score": 0.36666666666666664,
        "support": 49.0
    },
    "6": {
        "precision": 0.3269230769230769,
        "recall": 0.3469387755102041,
        "f1-score": 0.33663366336633666,
        "support": 49.0
    },
    "7": {
        "precision": 0.0,
        "recall": 0.0,
        "f1-score": 0.0,
        "support": 49.0
    },
    "8": {
        "precision": 0.1282051282051282,
        "recall": 0.20408163265306123,
        "f1-score": 0.15748031496062992,
        "support": 49.0
    },
    "9": {
        "precision": 0.3979591836734694,
        "recall": 0.7959183673469388,
        "f1-score": 0.5306122448979592,
        "support": 49.0
    },
    "accuracy": 0.5459183673469388,
    "macro avg": {
        "precision": 0.5807465955369683,
        "recall": 0.5459183673469388,
        "f1-score": 0.522686341330916,
        "support": 392.0
    },
    "weighted avg": {
        "precision": 0.5807465955369682,
        "recall": 0.5459183673469388,
        "f1-score": 0.522686341330916,
        "support": 392.0
    }
}