{
    "2": {
        "precision": 1.0,
        "recall": 1.0,
        "f1-score": 1.0,
        "support": 49.0
    },
    "3": {
        "precision": 0.875,
        "recall": 1.0,
        "f1-score": 0.9333333333333333,
        "support": 49.0
    },
    "4": {
        "precision": 0.9333333333333333,
        "recall": 0.8571428571428571,
        "f1-score": 0.8936170212765957,
        "support": 49.0
    },
    "5": {
        "precision": 0.9487179487179487,
        "recall": 0.7551020408163265,
        "f1-score": 0.8409090909090909,
        "support": 49.0
    },
    "6": {
        "precision": 0.5402298850574713,
        "recall": 0.9591836734693877,
        "f1-score": 0.6911764705882353,
        "support": 49.0
    },
    "7": {
        "precision": 0.8695652173913043,
        "recall": 0.40816326530612246,
        "f1-score": 0.5555555555555556,
        "support": 49.0
    },
    "8": {
        "precision": 0.7073170731707317,
        "recall": 0.5918367346938775,
        "f1-score": 0.6444444444444445,
        "support": 49.0
    },
    "9": {
        "precision": 0.7307692307692307,
        "recall": 0.7755102040816326,
        "f1-score": 0.7524752475247525,
        "support": 49.0
    },
    "accuracy": 0.7933673469387755,
    "macro avg": {
        "precision": 0.8256165860550024,
        "recall": 0.7933673469387754,
        "f1-score": 0.788938895454001,
        "support": 392.0
    },
    "weighted avg": {
        "precision": 0.8256165860550027,
        "recall": 0.7933673469387755,
        "f1-score": 0.7889388954540009,
        "support": 392.0
    }
}