{
    "1": {
        "precision": 1.0,
        "recall": 1.0,
        "f1-score": 1.0,
        "support": 81.0
    },
    "2": {
        "precision": 1.0,
        "recall": 0.6790123456790124,
        "f1-score": 0.8088235294117647,
        "support": 81.0
    },
    "3": {
        "precision": 0.6388888888888888,
        "recall": 0.5679012345679012,
        "f1-score": 0.6013071895424836,
        "support": 81.0
    },
    "4": {
        "precision": 0.5609756097560976,
        "recall": 0.5679012345679012,
        "f1-score": 0.5644171779141104,
        "support": 81.0
    },
    "5": {
        "precision": 0.5280898876404494,
        "recall": 0.5802469135802469,
        "f1-score": 0.5529411764705883,
        "support": 81.0
    },
    "6": {
        "precision": 0.359375,
        "recall": 0.2839506172839506,
        "f1-score": 0.31724137931034485,
        "support": 81.0
    },
    "7": {
        "precision": 0.3626373626373626,
        "recall": 0.4074074074074074,
        "f1-score": 0.38372093023255816,
        "support": 81.0
    },
    "8": {
        "precision": 0.4430379746835443,
        "recall": 0.43209876543209874,
        "f1-score": 0.4375,
        "support": 81.0
    },
    "9": {
        "precision": 0.5833333333333334,
        "recall": 0.6049382716049383,
        "f1-score": 0.593939393939394,
        "support": 81.0
    },
    "micro avg": {
        "precision": 0.5954088952654233,
        "recall": 0.5692729766803841,
        "f1-score": 0.5820476858345021,
        "support": 729.0
    },
    "macro avg": {
        "precision": 0.6084820063266306,
        "recall": 0.5692729766803841,
        "f1-score": 0.5844323085356937,
        "support": 729.0
    },
    "weighted avg": {
        "precision": 0.6084820063266307,
        "recall": 0.5692729766803841,
        "f1-score": 0.5844323085356938,
        "support": 729.0
    },
    "accuracy": 0.5692729766803841
}