{
    "1": {
        "precision": 1.0,
        "recall": 0.7283950617283951,
        "f1-score": 0.8428571428571429,
        "support": 81.0
    },
    "2": {
        "precision": 0.7684210526315789,
        "recall": 0.9012345679012346,
        "f1-score": 0.8295454545454546,
        "support": 81.0
    },
    "3": {
        "precision": 0.8777777777777778,
        "recall": 0.9753086419753086,
        "f1-score": 0.9239766081871345,
        "support": 81.0
    },
    "4": {
        "precision": 0.8604651162790697,
        "recall": 0.9135802469135802,
        "f1-score": 0.8862275449101796,
        "support": 81.0
    },
    "5": {
        "precision": 0.7472527472527473,
        "recall": 0.8395061728395061,
        "f1-score": 0.7906976744186046,
        "support": 81.0
    },
    "6": {
        "precision": 0.43703703703703706,
        "recall": 0.7283950617283951,
        "f1-score": 0.5462962962962963,
        "support": 81.0
    },
    "7": {
        "precision": 0.175,
        "recall": 0.25925925925925924,
        "f1-score": 0.208955223880597,
        "support": 81.0
    },
    "8": {
        "precision": 0.2222222222222222,
        "recall": 0.12345679012345678,
        "f1-score": 0.15873015873015872,
        "support": 81.0
    },
    "9": {
        "precision": 0.875,
        "recall": 0.08641975308641975,
        "f1-score": 0.15730337078651685,
        "support": 81.0
    },
    "accuracy": 0.6172839506172839,
    "macro avg": {
        "precision": 0.6625751059111592,
        "recall": 0.617283950617284,
        "f1-score": 0.5938432749568984,
        "support": 729.0
    },
    "weighted avg": {
        "precision": 0.6625751059111592,
        "recall": 0.6172839506172839,
        "f1-score": 0.5938432749568984,
        "support": 729.0
    }
}