{
    "LLM_layer_1": {
        "accuracy": 0.0,
        "std": 0.0
    },
    "LLM_layer_2": {
        "accuracy": 0.0,
        "std": 0.0
    },
    "LLM_layer_3": {
        "accuracy": 0.0,
        "std": 0.0
    },
    "SVM_mean_encoder": {
        "accuracy": 0.9990283493369914,
        "std": 8.08306791479534e-05
    },
    "SVM_hs_mean_layer_1": {
        "accuracy": 0.9991998171010517,
        "std": 0.00032332271659191826
    },
    "SVM_img_mean_layer_1": {
        "accuracy": 0.9991998171010517,
        "std": 0.0002914391582986255
    },
    "SVM_img_mean_layer_2": {
        "accuracy": 0.9992569730224051,
        "std": 0.00021385787532998842
    },
    "LLM_layer_4": {
        "accuracy": 0.0,
        "std": 0.0
    },
    "SVM_hs_mean_layer_2": {
        "accuracy": 0.999371284865112,
        "std": 0.000291439158298611
    },
    "SVM_hs_mean_layer_3": {
        "accuracy": 0.9990855052583448,
        "std": 0.000291439158298611
    },
    "SVM_img_mean_layer_3": {
        "accuracy": 0.9993141289437585,
        "std": 0.00014000284309459882
    },
    "SVM_hs_mean_layer_4": {
        "accuracy": 0.9992569730224051,
        "std": 0.00016166135829595913
    },
    "LLM_layer_5": {
        "accuracy": 0.0,
        "std": 0.0
    },
    "SVM_img_mean_layer_4": {
        "accuracy": 0.9992569730224051,
        "std": 0.00021385787532998842
    },
    "SVM_hs_mean_layer_5": {
        "accuracy": 0.9993141289437585,
        "std": 0.00028000568618919764
    },
    "SVM_img_last_token_layer_1": {
        "accuracy": 0.9725651577503429,
        "std": 0.0018200369602298506
    },
    "SVM_img_last_token_layer_2": {
        "accuracy": 0.9746227709190672,
        "std": 0.0012205164897155269
    },
    "LLM_layer_6": {
        "accuracy": 0.0,
        "std": 0.0
    },
    "SVM_img_mean_layer_5": {
        "accuracy": 0.9994855967078188,
        "std": 1.1102230246251565e-16
    },
    "SVM_hs_mean_layer_6": {
        "accuracy": 0.9993141289437585,
        "std": 0.00024249203744391252
    },
    "SVM_img_last_token_layer_3": {
        "accuracy": 0.9751371742112482,
        "std": 0.0010095748589766813
    },
    "SVM_img_mean_layer_6": {
        "accuracy": 0.9993141289437585,
        "std": 0.00014000284309459882
    },
    "LLM_layer_7": {
        "accuracy": 0.0,
        "std": 0.0
    },
    "SVM_img_last_token_layer_4": {
        "accuracy": 0.9772519433013259,
        "std": 0.0015421510703283064
    },
    "SVM_hs_mean_layer_7": {
        "accuracy": 0.9991998171010517,
        "std": 0.0002914391582986255
    },
    "SVM_img_mean_layer_7": {
        "accuracy": 0.9989711934156378,
        "std": 0.00014000284309459882
    },
    "SVM_img_last_token_layer_5": {
        "accuracy": 0.9784522176497484,
        "std": 0.0015357829038116807
    },
    "LLM_layer_8": {
        "accuracy": 0.0,
        "std": 0.0
    },
    "SVM_hs_last_token_layer_5": {
        "accuracy": 0.9375285779606767,
        "std": 0.0027159589324455054
    },
    "SVM_hs_mean_layer_8": {
        "accuracy": 0.999485596707819,
        "std": 0.00024249203744396486
    },
    "SVM_img_mean_layer_8": {
        "accuracy": 0.999485596707819,
        "std": 0.00028000568618919764
    },
    "SVM_img_last_token_layer_6": {
        "accuracy": 0.9777091906721537,
        "std": 0.0012443724884017848
    },
    "LLM_layer_9": {
        "accuracy": 0.0,
        "std": 0.0
    },
    "SVM_hs_last_token_layer_3": {
        "accuracy": 0.8637974394147233,
        "std": 0.0041302816106857845
    },
    "SVM_img_last_token_layer_7": {
        "accuracy": 0.9799954275262918,
        "std": 0.0013008466708666058
    },
    "SVM_hs_last_token_layer_4": {
        "accuracy": 0.9119798811156836,
        "std": 0.003651722186777156
    },
    "SVM_hs_last_token_layer_6": {
        "accuracy": 0.9468449931412893,
        "std": 0.003733117465205283
    },
    "LLM_layer_10": {
        "accuracy": 0.0,
        "std": 0.0
    },
    "SVM_hs_mean_layer_9": {
        "accuracy": 0.9995427526291724,
        "std": 8.083067914800573e-05
    },
    "SVM_img_mean_layer_9": {
        "accuracy": 0.9995427526291724,
        "std": 8.083067914800573e-05
    },
    "SVM_hs_mean_layer_10": {
        "accuracy": 0.9992569730224051,
        "std": 0.00021385787532998842
    },
    "SVM_hs_last_token_layer_2": {
        "accuracy": 0.7766918152720622,
        "std": 0.004820111715205308
    },
    "LLM_layer_11": {
        "accuracy": 0.0,
        "std": 0.0
    },
    "SVM_hs_last_token_layer_7": {
        "accuracy": 0.9474737082761774,
        "std": 0.0029143915829862835
    },
    "SVM_img_mean_layer_10": {
        "accuracy": 0.9994284407864654,
        "std": 8.08306791479534e-05
    },
    "SVM_hs_last_token_layer_1": {
        "accuracy": 0.727766346593507,
        "std": 0.003925908724525468
    },
    "SVM_img_last_token_layer_8": {
        "accuracy": 0.982796067672611,
        "std": 0.0021015976578475128
    },
    "LLM_layer_12": {
        "accuracy": 0.0,
        "std": 0.0
    },
    "SVM_hs_last_token_layer_8": {
        "accuracy": 0.9690786465477824,
        "std": 0.0027159589324455054
    },
    "SVM_hs_mean_layer_11": {
        "accuracy": 0.9990283493369914,
        "std": 0.000213857875330028
    },
    "SVM_img_last_token_layer_9": {
        "accuracy": 0.9813671696387746,
        "std": 0.0011402570497976582
    },
    "SVM_img_mean_layer_11": {
        "accuracy": 0.9991426611796982,
        "std": 0.00028000568618919764
    },
    "LLM_layer_13": {
        "accuracy": 0.0,
        "std": 0.0
    },
    "SVM_hs_mean_layer_12": {
        "accuracy": 0.9990855052583448,
        "std": 0.000213857875330028
    },
    "SVM_hs_last_token_layer_10": {
        "accuracy": 0.9838820301783265,
        "std": 0.0013788680934859444
    },
    "SVM_hs_last_token_layer_9": {
        "accuracy": 0.9681069958847738,
        "std": 0.002531691196884979
    },
    "SVM_img_mean_layer_12": {
        "accuracy": 0.9990283493369914,
        "std": 0.000404153395739924
    },
    "LLM_layer_14": {
        "accuracy": 0.0,
        "std": 0.0
    },
    "SVM_img_last_token_layer_10": {
        "accuracy": 0.9817672610882487,
        "std": 0.0009109154921415828
    },
    "SVM_hs_mean_layer_13": {
        "accuracy": 0.9992569730224051,
        "std": 0.00032332271659191826
    },
    "SVM_img_mean_layer_13": {
        "accuracy": 0.9995427526291724,
        "std": 0.00016166135829595913
    },
    "SVM_hs_last_token_layer_11": {
        "accuracy": 0.9866826703246456,
        "std": 0.0007184387911508937
    },
    "LLM_layer_15": {
        "accuracy": 0.0,
        "std": 0.0
    },
    "SVM_img_last_token_layer_11": {
        "accuracy": 0.9813100137174212,
        "std": 0.001481650822681254
    },
    "SVM_hs_mean_layer_14": {
        "accuracy": 0.9991998171010517,
        "std": 0.0005300422093904716
    },
    "SVM_hs_last_token_layer_12": {
        "accuracy": 0.9881115683584819,
        "std": 0.0005300422093904716
    },
    "SVM_img_mean_layer_14": {
        "accuracy": 0.9991426611796982,
        "std": 0.000610258244857727
    },
    "LLM_layer_16": {
        "accuracy": 0.0,
        "std": 0.0
    },
    "SVM_hs_last_token_layer_13": {
        "accuracy": 0.9931412894375856,
        "std": 0.000610258244857779
    },
    "SVM_hs_mean_layer_15": {
        "accuracy": 0.9993141289437585,
        "std": 0.0003704127056703221
    },
    "SVM_img_last_token_layer_12": {
        "accuracy": 0.980281207133059,
        "std": 0.0005047874294883281
    },
    "SVM_hs_last_token_layer_14": {
        "accuracy": 0.9959990855052583,
        "std": 0.001060084418780963
    },
    "LLM_layer_17": {
        "accuracy": 0.0,
        "std": 0.0
    },
    "SVM_img_mean_layer_15": {
        "accuracy": 0.9993141289437585,
        "std": 0.0003704127056703221
    },
    "SVM_hs_last_token_layer_15": {
        "accuracy": 0.9971993598536808,
        "std": 0.0007184387911509055
    },