{
    "1": {
        "precision": 1.0,
        "recall": 1.0,
        "f1-score": 1.0,
        "support": 81.0
    },
    "2": {
        "precision": 0.9642857142857143,
        "recall": 1.0,
        "f1-score": 0.9818181818181818,
        "support": 81.0
    },
    "3": {
        "precision": 0.8636363636363636,
        "recall": 0.9382716049382716,
        "f1-score": 0.8994082840236687,
        "support": 81.0
    },
    "4": {
        "precision": 0.5737704918032787,
        "recall": 0.8641975308641975,
        "f1-score": 0.6896551724137931,
        "support": 81.0
    },
    "5": {
        "precision": 0.46875,
        "recall": 0.5555555555555556,
        "f1-score": 0.5084745762711864,
        "support": 81.0
    },
    "6": {
        "precision": 0.43243243243243246,
        "recall": 0.19753086419753085,
        "f1-score": 0.2711864406779661,
        "support": 81.0
    },
    "7": {
        "precision": 0.32919254658385094,
        "recall": 0.654320987654321,
        "f1-score": 0.4380165289256198,
        "support": 81.0
    },
    "8": {
        "precision": 0.28888888888888886,
        "recall": 0.16049382716049382,
        "f1-score": 0.20634920634920634,
        "support": 81.0
    },
    "9": {
        "precision": 0.8,
        "recall": 0.14814814814814814,
        "f1-score": 0.25,
        "support": 81.0
    },
    "accuracy": 0.6131687242798354,
    "macro avg": {
        "precision": 0.6356618264033922,
        "recall": 0.6131687242798354,
        "f1-score": 0.5827675989421803,
        "support": 729.0
    },
    "weighted avg": {
        "precision": 0.6356618264033921,
        "recall": 0.6131687242798354,
        "f1-score": 0.5827675989421802,
        "support": 729.0
    }
}