{
    "2": {
        "precision": 0.0,
        "recall": 0.0,
        "f1-score": 0.0,
        "support": 49.0
    },
    "3": {
        "precision": 0.3007518796992481,
        "recall": 0.8163265306122449,
        "f1-score": 0.43956043956043955,
        "support": 49.0
    },
    "4": {
        "precision": 0.0,
        "recall": 0.0,
        "f1-score": 0.0,
        "support": 49.0
    },
    "5": {
        "precision": 0.16447368421052633,
        "recall": 0.5102040816326531,
        "f1-score": 0.24875621890547264,
        "support": 49.0
    },
    "6": {
        "precision": 0.5,
        "recall": 0.061224489795918366,
        "f1-score": 0.10909090909090909,
        "support": 49.0
    },
    "7": {
        "precision": 0.0,
        "recall": 0.0,
        "f1-score": 0.0,
        "support": 49.0
    },
    "8": {
        "precision": 0.19696969696969696,
        "recall": 0.2653061224489796,
        "f1-score": 0.22608695652173913,
        "support": 49.0
    },
    "9": {
        "precision": 1.0,
        "recall": 0.02040816326530612,
        "f1-score": 0.04,
        "support": 49.0
    },
    "accuracy": 0.20918367346938777,
    "macro avg": {
        "precision": 0.27027440760993393,
        "recall": 0.20918367346938777,
        "f1-score": 0.13293681550982006,
        "support": 392.0
    },
    "weighted avg": {
        "precision": 0.27027440760993393,
        "recall": 0.20918367346938777,
        "f1-score": 0.13293681550982003,
        "support": 392.0
    }
}