{
    "1": {
        "precision": 1.0,
        "recall": 0.4567901234567901,
        "f1-score": 0.6271186440677966,
        "support": 81.0
    },
    "2": {
        "precision": 0.4942528735632184,
        "recall": 0.5308641975308642,
        "f1-score": 0.5119047619047619,
        "support": 81.0
    },
    "3": {
        "precision": 0.6515151515151515,
        "recall": 0.5308641975308642,
        "f1-score": 0.5850340136054422,
        "support": 81.0
    },
    "4": {
        "precision": 0.5945945945945946,
        "recall": 0.5432098765432098,
        "f1-score": 0.567741935483871,
        "support": 81.0
    },
    "5": {
        "precision": 0.484375,
        "recall": 0.38271604938271603,
        "f1-score": 0.42758620689655175,
        "support": 81.0
    },
    "6": {
        "precision": 0.4368932038834951,
        "recall": 0.5555555555555556,
        "f1-score": 0.4891304347826087,
        "support": 81.0
    },
    "7": {
        "precision": 0.5662650602409639,
        "recall": 0.5802469135802469,
        "f1-score": 0.573170731707317,
        "support": 81.0
    },
    "8": {
        "precision": 0.4789915966386555,
        "recall": 0.7037037037037037,
        "f1-score": 0.57,
        "support": 81.0
    },
    "9": {
        "precision": 0.6538461538461539,
        "recall": 0.6296296296296297,
        "f1-score": 0.6415094339622641,
        "support": 81.0
    },
    "micro avg": {
        "precision": 0.559774964838256,
        "recall": 0.5459533607681756,
        "f1-score": 0.5527777777777778,
        "support": 729.0
    },
    "macro avg": {
        "precision": 0.5956370704758037,
        "recall": 0.5459533607681757,
        "f1-score": 0.5547995736011794,
        "support": 729.0
    },
    "weighted avg": {
        "precision": 0.5956370704758036,
        "recall": 0.5459533607681756,
        "f1-score": 0.5547995736011793,
        "support": 729.0
    },
    "accuracy": 0.5459533607681756
}