{
    "2": {
        "precision": 1.0,
        "recall": 0.9795918367346939,
        "f1-score": 0.9896907216494846,
        "support": 49.0
    },
    "3": {
        "precision": 0.5764705882352941,
        "recall": 1.0,
        "f1-score": 0.7313432835820896,
        "support": 49.0
    },
    "4": {
        "precision": 0.7777777777777778,
        "recall": 0.2857142857142857,
        "f1-score": 0.417910447761194,
        "support": 49.0
    },
    "5": {
        "precision": 1.0,
        "recall": 0.8979591836734694,
        "f1-score": 0.946236559139785,
        "support": 49.0
    },
    "6": {
        "precision": 0.9795918367346939,
        "recall": 0.9795918367346939,
        "f1-score": 0.9795918367346939,
        "support": 49.0
    },
    "7": {
        "precision": 0.47572815533980584,
        "recall": 1.0,
        "f1-score": 0.6447368421052632,
        "support": 49.0
    },
    "8": {
        "precision": 0.0,
        "recall": 0.0,
        "f1-score": 0.0,
        "support": 49.0
    },
    "9": {
        "precision": 0.9777777777777777,
        "recall": 0.8979591836734694,
        "f1-score": 0.9361702127659575,
        "support": 49.0
    },
    "accuracy": 0.7551020408163265,
    "macro avg": {
        "precision": 0.7234182669831686,
        "recall": 0.7551020408163265,
        "f1-score": 0.7057099879673084,
        "support": 392.0
    },
    "weighted avg": {
        "precision": 0.7234182669831687,
        "recall": 0.7551020408163265,
        "f1-score": 0.7057099879673084,
        "support": 392.0
    }
}