{
    "1": {
        "precision": 1.0,
        "recall": 1.0,
        "f1-score": 1.0,
        "support": 81.0
    },
    "2": {
        "precision": 0.9411764705882353,
        "recall": 0.9876543209876543,
        "f1-score": 0.963855421686747,
        "support": 81.0
    },
    "3": {
        "precision": 0.9012345679012346,
        "recall": 0.9012345679012346,
        "f1-score": 0.9012345679012346,
        "support": 81.0
    },
    "4": {
        "precision": 0.8666666666666667,
        "recall": 0.32098765432098764,
        "f1-score": 0.46846846846846846,
        "support": 81.0
    },
    "5": {
        "precision": 0.37662337662337664,
        "recall": 0.35802469135802467,
        "f1-score": 0.3670886075949367,
        "support": 81.0
    },
    "6": {
        "precision": 0.175,
        "recall": 0.08641975308641975,
        "f1-score": 0.11570247933884298,
        "support": 81.0
    },
    "7": {
        "precision": 0.12,
        "recall": 0.07407407407407407,
        "f1-score": 0.0916030534351145,
        "support": 81.0
    },
    "8": {
        "precision": 0.19444444444444445,
        "recall": 0.345679012345679,
        "f1-score": 0.24888888888888888,
        "support": 81.0
    },
    "9": {
        "precision": 0.3939393939393939,
        "recall": 0.16049382716049382,
        "f1-score": 0.22807017543859648,
        "support": 81.0
    },
    "micro avg": {
        "precision": 0.5523349436392915,
        "recall": 0.47050754458161864,
        "f1-score": 0.5081481481481481,
        "support": 729.0
    },
    "macro avg": {
        "precision": 0.5521205466848168,
        "recall": 0.4705075445816187,
        "f1-score": 0.4872124069725367,
        "support": 729.0
    },
    "weighted avg": {
        "precision": 0.5521205466848168,
        "recall": 0.47050754458161864,
        "f1-score": 0.4872124069725367,
        "support": 729.0
    },
    "accuracy": 0.47050754458161864
}