{
    "1": {
        "precision": 1.0,
        "recall": 0.48148148148148145,
        "f1-score": 0.65,
        "support": 81.0
    },
    "2": {
        "precision": 0.5058823529411764,
        "recall": 0.5308641975308642,
        "f1-score": 0.5180722891566265,
        "support": 81.0
    },
    "3": {
        "precision": 0.65625,
        "recall": 0.5185185185185185,
        "f1-score": 0.5793103448275863,
        "support": 81.0
    },
    "4": {
        "precision": 0.6164383561643836,
        "recall": 0.5555555555555556,
        "f1-score": 0.5844155844155844,
        "support": 81.0
    },
    "5": {
        "precision": 0.5714285714285714,
        "recall": 0.49382716049382713,
        "f1-score": 0.5298013245033113,
        "support": 81.0
    },
    "6": {
        "precision": 0.5142857142857142,
        "recall": 0.6666666666666666,
        "f1-score": 0.5806451612903226,
        "support": 81.0
    },
    "7": {
        "precision": 0.6744186046511628,
        "recall": 0.7160493827160493,
        "f1-score": 0.6946107784431138,
        "support": 81.0
    },
    "8": {
        "precision": 0.5081967213114754,
        "recall": 0.7654320987654321,
        "f1-score": 0.6108374384236454,
        "support": 81.0
    },
    "9": {
        "precision": 0.7619047619047619,
        "recall": 0.5925925925925926,
        "f1-score": 0.6666666666666666,
        "support": 81.0
    },
    "micro avg": {
        "precision": 0.6096181046676096,
        "recall": 0.5912208504801097,
        "f1-score": 0.6002785515320335,
        "support": 729.0
    },
    "macro avg": {
        "precision": 0.6454227869652496,
        "recall": 0.5912208504801097,
        "f1-score": 0.6015955097474286,
        "support": 729.0
    },
    "weighted avg": {
        "precision": 0.6454227869652496,
        "recall": 0.5912208504801097,
        "f1-score": 0.6015955097474285,
        "support": 729.0
    },
    "accuracy": 0.5912208504801097
}