{
    "2": {
        "precision": 1.0,
        "recall": 0.95578231292517,
        "f1-score": 0.9773913043478261,
        "support": 1176.0
    },
    "3": {
        "precision": 0.7099143206854345,
        "recall": 0.9863945578231292,
        "f1-score": 0.8256227758007118,
        "support": 1176.0
    },
    "4": {
        "precision": 0.9080996884735203,
        "recall": 0.4957482993197279,
        "f1-score": 0.6413641364136413,
        "support": 1176.0
    },
    "5": {
        "precision": 0.5557481224725592,
        "recall": 0.8180272108843537,
        "f1-score": 0.6618507051943584,
        "support": 1176.0
    },
    "6": {
        "precision": 0.4178082191780822,
        "recall": 0.05187074829931973,
        "f1-score": 0.09228441754916793,
        "support": 1176.0
    },
    "7": {
        "precision": 0.3585147247119078,
        "recall": 0.9523809523809523,
        "f1-score": 0.5209302325581395,
        "support": 1176.0
    },
    "8": {
        "precision": 0.5,
        "recall": 0.004251700680272109,
        "f1-score": 0.008431703204047217,
        "support": 1176.0
    },
    "9": {
        "precision": 0.7331995987963892,
        "recall": 0.6215986394557823,
        "f1-score": 0.6728025770823746,
        "support": 1176.0
    },
    "accuracy": 0.6107568027210885,
    "macro avg": {
        "precision": 0.6479105842897367,
        "recall": 0.6107568027210883,
        "f1-score": 0.5500847315187833,
        "support": 9408.0
    },
    "weighted avg": {
        "precision": 0.6479105842897367,
        "recall": 0.6107568027210885,
        "f1-score": 0.5500847315187833,
        "support": 9408.0
    }
}