{
    "2": {
        "precision": 1.0,
        "recall": 1.0,
        "f1-score": 1.0,
        "support": 49.0
    },
    "3": {
        "precision": 1.0,
        "recall": 1.0,
        "f1-score": 1.0,
        "support": 49.0
    },
    "4": {
        "precision": 1.0,
        "recall": 1.0,
        "f1-score": 1.0,
        "support": 49.0
    },
    "5": {
        "precision": 1.0,
        "recall": 0.5306122448979592,
        "f1-score": 0.6933333333333334,
        "support": 49.0
    },
    "6": {
        "precision": 1.0,
        "recall": 0.7142857142857143,
        "f1-score": 0.8333333333333334,
        "support": 49.0
    },
    "7": {
        "precision": 0.5172413793103449,
        "recall": 0.6122448979591837,
        "f1-score": 0.5607476635514018,
        "support": 49.0
    },
    "8": {
        "precision": 0.09090909090909091,
        "recall": 0.02040816326530612,
        "f1-score": 0.03333333333333333,
        "support": 49.0
    },
    "9": {
        "precision": 0.4260869565217391,
        "recall": 1.0,
        "f1-score": 0.5975609756097561,
        "support": 49.0
    },
    "accuracy": 0.7346938775510204,
    "macro avg": {
        "precision": 0.7542796783426469,
        "recall": 0.7346938775510204,
        "f1-score": 0.7147885798951448,
        "support": 392.0
    },
    "weighted avg": {
        "precision": 0.7542796783426469,
        "recall": 0.7346938775510204,
        "f1-score": 0.7147885798951448,
        "support": 392.0
    }
}