{
    "2": {
        "precision": 1.0,
        "recall": 0.10204081632653061,
        "f1-score": 0.18518518518518517,
        "support": 49.0
    },
    "3": {
        "precision": 0.0,
        "recall": 0.0,
        "f1-score": 0.0,
        "support": 49.0
    },
    "4": {
        "precision": 0.2847222222222222,
        "recall": 0.8367346938775511,
        "f1-score": 0.42487046632124353,
        "support": 49.0
    },
    "5": {
        "precision": 0.5714285714285714,
        "recall": 0.16326530612244897,
        "f1-score": 0.25396825396825395,
        "support": 49.0
    },
    "6": {
        "precision": 0.5882352941176471,
        "recall": 0.20408163265306123,
        "f1-score": 0.30303030303030304,
        "support": 49.0
    },
    "7": {
        "precision": 0.21226415094339623,
        "recall": 0.9183673469387755,
        "f1-score": 0.3448275862068966,
        "support": 49.0
    },
    "8": {
        "precision": 0.0,
        "recall": 0.0,
        "f1-score": 0.0,
        "support": 49.0
    },
    "9": {
        "precision": 0.0,
        "recall": 0.0,
        "f1-score": 0.0,
        "support": 49.0
    },
    "accuracy": 0.2780612244897959,
    "macro avg": {
        "precision": 0.3320812798389796,
        "recall": 0.2780612244897959,
        "f1-score": 0.18898522433898526,
        "support": 392.0
    },
    "weighted avg": {
        "precision": 0.3320812798389796,
        "recall": 0.2780612244897959,
        "f1-score": 0.18898522433898526,
        "support": 392.0
    }
}