{
    "1": {
        "precision": 1.0,
        "recall": 1.0,
        "f1-score": 1.0,
        "support": 81.0
    },
    "2": {
        "precision": 0.9852941176470589,
        "recall": 0.8271604938271605,
        "f1-score": 0.8993288590604027,
        "support": 81.0
    },
    "3": {
        "precision": 0.7794117647058824,
        "recall": 0.654320987654321,
        "f1-score": 0.7114093959731543,
        "support": 81.0
    },
    "4": {
        "precision": 0.5538461538461539,
        "recall": 0.4444444444444444,
        "f1-score": 0.4931506849315068,
        "support": 81.0
    },
    "5": {
        "precision": 0.4482758620689655,
        "recall": 0.48148148148148145,
        "f1-score": 0.4642857142857143,
        "support": 81.0
    },
    "6": {
        "precision": 0.32653061224489793,
        "recall": 0.19753086419753085,
        "f1-score": 0.24615384615384617,
        "support": 81.0
    },
    "7": {
        "precision": 0.3333333333333333,
        "recall": 0.5802469135802469,
        "f1-score": 0.42342342342342343,
        "support": 81.0
    },
    "8": {
        "precision": 0.45714285714285713,
        "recall": 0.5925925925925926,
        "f1-score": 0.5161290322580645,
        "support": 81.0
    },
    "9": {
        "precision": 0.7538461538461538,
        "recall": 0.6049382716049383,
        "f1-score": 0.6712328767123288,
        "support": 81.0
    },
    "accuracy": 0.598079561042524,
    "macro avg": {
        "precision": 0.6264089838705893,
        "recall": 0.598079561042524,
        "f1-score": 0.6027904258664935,
        "support": 729.0
    },
    "weighted avg": {
        "precision": 0.6264089838705893,
        "recall": 0.598079561042524,
        "f1-score": 0.6027904258664935,
        "support": 729.0
    }
}