{
    "2": {
        "precision": 0.8135593220338984,
        "recall": 0.8888888888888888,
        "f1-score": 0.8495575221238938,
        "support": 54.0
    },
    "3": {
        "precision": 0.8775510204081632,
        "recall": 0.7543859649122807,
        "f1-score": 0.8113207547169812,
        "support": 57.0
    },
    "4": {
        "precision": 0.7333333333333333,
        "recall": 0.8,
        "f1-score": 0.7652173913043478,
        "support": 55.0
    },
    "5": {
        "precision": 0.6153846153846154,
        "recall": 0.5454545454545454,
        "f1-score": 0.5783132530120482,
        "support": 44.0
    },
    "6": {
        "precision": 0.6428571428571429,
        "recall": 0.6206896551724138,
        "f1-score": 0.631578947368421,
        "support": 58.0
    },
    "7": {
        "precision": 0.5757575757575758,
        "recall": 0.36538461538461536,
        "f1-score": 0.4470588235294118,
        "support": 52.0
    },
    "8": {
        "precision": 0.6129032258064516,
        "recall": 0.6666666666666666,
        "f1-score": 0.6386554621848739,
        "support": 57.0
    },
    "9": {
        "precision": 0.7027027027027027,
        "recall": 0.8666666666666667,
        "f1-score": 0.7761194029850746,
        "support": 60.0
    },
    "10": {
        "precision": 0.6271186440677966,
        "recall": 0.6851851851851852,
        "f1-score": 0.6548672566371682,
        "support": 54.0
    },
    "accuracy": 0.6945010183299389,
    "macro avg": {
        "precision": 0.6890186202612978,
        "recall": 0.6881469098145847,
        "f1-score": 0.6836320904291355,
        "support": 491.0
    },
    "weighted avg": {
        "precision": 0.6915479205728134,
        "recall": 0.6945010183299389,
        "f1-score": 0.6881183788610481,
        "support": 491.0
    }
}