{
    "2": {
        "precision": 1.0,
        "recall": 0.9183673469387755,
        "f1-score": 0.9574468085106383,
        "support": 49.0
    },
    "3": {
        "precision": 0.9090909090909091,
        "recall": 0.8163265306122449,
        "f1-score": 0.8602150537634409,
        "support": 49.0
    },
    "4": {
        "precision": 0.7954545454545454,
        "recall": 0.7142857142857143,
        "f1-score": 0.7526881720430108,
        "support": 49.0
    },
    "5": {
        "precision": 0.7636363636363637,
        "recall": 0.8571428571428571,
        "f1-score": 0.8076923076923077,
        "support": 49.0
    },
    "6": {
        "precision": 0.7096774193548387,
        "recall": 0.4489795918367347,
        "f1-score": 0.55,
        "support": 49.0
    },
    "7": {
        "precision": 0.4942528735632184,
        "recall": 0.8775510204081632,
        "f1-score": 0.6323529411764706,
        "support": 49.0
    },
    "8": {
        "precision": 0.5357142857142857,
        "recall": 0.6122448979591837,
        "f1-score": 0.5714285714285714,
        "support": 49.0
    },
    "9": {
        "precision": 0.8666666666666667,
        "recall": 0.5306122448979592,
        "f1-score": 0.6582278481012658,
        "support": 49.0
    },
    "accuracy": 0.7219387755102041,
    "macro avg": {
        "precision": 0.7593116329351035,
        "recall": 0.721938775510204,
        "f1-score": 0.7237564628394632,
        "support": 392.0
    },
    "weighted avg": {
        "precision": 0.7593116329351034,
        "recall": 0.7219387755102041,
        "f1-score": 0.7237564628394632,
        "support": 392.0
    }
}