{
    "2": {
        "precision": 1.0,
        "recall": 0.9387755102040817,
        "f1-score": 0.968421052631579,
        "support": 49.0
    },
    "3": {
        "precision": 1.0,
        "recall": 0.8775510204081632,
        "f1-score": 0.9347826086956522,
        "support": 49.0
    },
    "4": {
        "precision": 0.7321428571428571,
        "recall": 0.8367346938775511,
        "f1-score": 0.780952380952381,
        "support": 49.0
    },
    "5": {
        "precision": 0.7297297297297297,
        "recall": 0.5510204081632653,
        "f1-score": 0.627906976744186,
        "support": 49.0
    },
    "6": {
        "precision": 0.39436619718309857,
        "recall": 0.5714285714285714,
        "f1-score": 0.4666666666666667,
        "support": 49.0
    },
    "7": {
        "precision": 0.5106382978723404,
        "recall": 0.4897959183673469,
        "f1-score": 0.5,
        "support": 49.0
    },
    "8": {
        "precision": 0.3125,
        "recall": 0.5102040816326531,
        "f1-score": 0.3875968992248062,
        "support": 49.0
    },
    "9": {
        "precision": 0.75,
        "recall": 0.1836734693877551,
        "f1-score": 0.29508196721311475,
        "support": 49.0
    },
    "accuracy": 0.6198979591836735,
    "macro avg": {
        "precision": 0.6786721352410032,
        "recall": 0.6198979591836734,
        "f1-score": 0.6201760690160483,
        "support": 392.0
    },
    "weighted avg": {
        "precision": 0.6786721352410032,
        "recall": 0.6198979591836735,
        "f1-score": 0.6201760690160483,
        "support": 392.0
    }
}