{
    "2": {
        "precision": 1.0,
        "recall": 0.7959183673469388,
        "f1-score": 0.8863636363636364,
        "support": 49.0
    },
    "3": {
        "precision": 0.782608695652174,
        "recall": 0.7346938775510204,
        "f1-score": 0.7578947368421053,
        "support": 49.0
    },
    "4": {
        "precision": 0.7254901960784313,
        "recall": 0.7551020408163265,
        "f1-score": 0.74,
        "support": 49.0
    },
    "5": {
        "precision": 0.7636363636363637,
        "recall": 0.8571428571428571,
        "f1-score": 0.8076923076923077,
        "support": 49.0
    },
    "6": {
        "precision": 0.6923076923076923,
        "recall": 0.3673469387755102,
        "f1-score": 0.48,
        "support": 49.0
    },
    "7": {
        "precision": 0.44,
        "recall": 0.8979591836734694,
        "f1-score": 0.5906040268456376,
        "support": 49.0
    },
    "8": {
        "precision": 0.43548387096774194,
        "recall": 0.5510204081632653,
        "f1-score": 0.4864864864864865,
        "support": 49.0
    },
    "9": {
        "precision": 1.0,
        "recall": 0.2653061224489796,
        "f1-score": 0.41935483870967744,
        "support": 49.0
    },
    "accuracy": 0.6530612244897959,
    "macro avg": {
        "precision": 0.7299408523303004,
        "recall": 0.653061224489796,
        "f1-score": 0.6460495041174814,
        "support": 392.0
    },
    "weighted avg": {
        "precision": 0.7299408523303005,
        "recall": 0.6530612244897959,
        "f1-score": 0.6460495041174814,
        "support": 392.0
    }
}