{
    "1": {
        "precision": 1.0,
        "recall": 1.0,
        "f1-score": 1.0,
        "support": 81.0
    },
    "2": {
        "precision": 0.9814814814814815,
        "recall": 0.654320987654321,
        "f1-score": 0.7851851851851852,
        "support": 81.0
    },
    "3": {
        "precision": 0.6078431372549019,
        "recall": 0.7654320987654321,
        "f1-score": 0.6775956284153005,
        "support": 81.0
    },
    "4": {
        "precision": 0.38235294117647056,
        "recall": 0.16049382716049382,
        "f1-score": 0.22608695652173913,
        "support": 81.0
    },
    "5": {
        "precision": 0.3020833333333333,
        "recall": 0.35802469135802467,
        "f1-score": 0.327683615819209,
        "support": 81.0
    },
    "6": {
        "precision": 0.3,
        "recall": 0.14814814814814814,
        "f1-score": 0.19834710743801653,
        "support": 81.0
    },
    "7": {
        "precision": 0.5,
        "recall": 0.07407407407407407,
        "f1-score": 0.12903225806451613,
        "support": 81.0
    },
    "8": {
        "precision": 0.2482758620689655,
        "recall": 0.4444444444444444,
        "f1-score": 0.3185840707964602,
        "support": 81.0
    },
    "9": {
        "precision": 0.23780487804878048,
        "recall": 0.48148148148148145,
        "f1-score": 0.3183673469387755,
        "support": 81.0
    },
    "micro avg": {
        "precision": 0.45467032967032966,
        "recall": 0.4540466392318244,
        "f1-score": 0.4543582704186685,
        "support": 729.0
    },
    "macro avg": {
        "precision": 0.5066490703737705,
        "recall": 0.4540466392318245,
        "f1-score": 0.44232024101991135,
        "support": 729.0
    },
    "weighted avg": {
        "precision": 0.5066490703737703,
        "recall": 0.4540466392318244,
        "f1-score": 0.44232024101991135,
        "support": 729.0
    },
    "accuracy": 0.4540466392318244
}