{
    "2": {
        "precision": 1.0,
        "recall": 0.6122448979591837,
        "f1-score": 0.759493670886076,
        "support": 49.0
    },
    "3": {
        "precision": 0.7333333333333333,
        "recall": 0.8979591836734694,
        "f1-score": 0.8073394495412844,
        "support": 49.0
    },
    "4": {
        "precision": 0.8,
        "recall": 0.8163265306122449,
        "f1-score": 0.8080808080808081,
        "support": 49.0
    },
    "5": {
        "precision": 0.8181818181818182,
        "recall": 0.7346938775510204,
        "f1-score": 0.7741935483870968,
        "support": 49.0
    },
    "6": {
        "precision": 0.65625,
        "recall": 0.8571428571428571,
        "f1-score": 0.7433628318584071,
        "support": 49.0
    },
    "7": {
        "precision": 0.4625,
        "recall": 0.7551020408163265,
        "f1-score": 0.5736434108527132,
        "support": 49.0
    },
    "8": {
        "precision": 0.28125,
        "recall": 0.3673469387755102,
        "f1-score": 0.3185840707964602,
        "support": 49.0
    },
    "9": {
        "precision": 0.0,
        "recall": 0.0,
        "f1-score": 0.0,
        "support": 49.0
    },
    "accuracy": 0.6301020408163265,
    "macro avg": {
        "precision": 0.593939393939394,
        "recall": 0.6301020408163265,
        "f1-score": 0.5980872238003557,
        "support": 392.0
    },
    "weighted avg": {
        "precision": 0.593939393939394,
        "recall": 0.6301020408163265,
        "f1-score": 0.5980872238003556,
        "support": 392.0
    }
}