{
    "2": {
        "precision": 1.0,
        "recall": 1.0,
        "f1-score": 1.0,
        "support": 49.0
    },
    "3": {
        "precision": 0.9074074074074074,
        "recall": 1.0,
        "f1-score": 0.9514563106796117,
        "support": 49.0
    },
    "4": {
        "precision": 0.5641025641025641,
        "recall": 0.8979591836734694,
        "f1-score": 0.6929133858267716,
        "support": 49.0
    },
    "5": {
        "precision": 0.7142857142857143,
        "recall": 0.30612244897959184,
        "f1-score": 0.42857142857142855,
        "support": 49.0
    },
    "6": {
        "precision": 0.589041095890411,
        "recall": 0.8775510204081632,
        "f1-score": 0.7049180327868853,
        "support": 49.0
    },
    "7": {
        "precision": 0.27631578947368424,
        "recall": 0.42857142857142855,
        "f1-score": 0.336,
        "support": 49.0
    },
    "8": {
        "precision": 0.25,
        "recall": 0.02040816326530612,
        "f1-score": 0.03773584905660377,
        "support": 49.0
    },
    "9": {
        "precision": 1.0,
        "recall": 0.7551020408163265,
        "f1-score": 0.8604651162790697,
        "support": 49.0
    },
    "accuracy": 0.6607142857142857,
    "macro avg": {
        "precision": 0.6626440713949726,
        "recall": 0.6607142857142857,
        "f1-score": 0.6265075154000463,
        "support": 392.0
    },
    "weighted avg": {
        "precision": 0.6626440713949727,
        "recall": 0.6607142857142857,
        "f1-score": 0.6265075154000462,
        "support": 392.0
    }
}