{
    "1": {
        "precision": 0.9959016393442623,
        "recall": 1.0,
        "f1-score": 0.997946611909651,
        "support": 243.0
    },
    "2": {
        "precision": 0.7934426229508197,
        "recall": 0.9958847736625515,
        "f1-score": 0.8832116788321168,
        "support": 243.0
    },
    "3": {
        "precision": 0.5301204819277109,
        "recall": 0.7242798353909465,
        "f1-score": 0.6121739130434782,
        "support": 243.0
    },
    "4": {
        "precision": 0.494949494949495,
        "recall": 0.40329218106995884,
        "f1-score": 0.4444444444444444,
        "support": 243.0
    },
    "5": {
        "precision": 0.5517241379310345,
        "recall": 0.13168724279835392,
        "f1-score": 0.21262458471760798,
        "support": 243.0
    },
    "6": {
        "precision": 0.33630952380952384,
        "recall": 0.46502057613168724,
        "f1-score": 0.3903281519861831,
        "support": 243.0
    },
    "7": {
        "precision": 0.29780564263322884,
        "recall": 0.39094650205761317,
        "f1-score": 0.33807829181494664,
        "support": 243.0
    },
    "8": {
        "precision": 0.304,
        "recall": 0.31275720164609055,
        "f1-score": 0.30831643002028397,
        "support": 243.0
    },
    "9": {
        "precision": 0.4896551724137931,
        "recall": 0.29218106995884774,
        "f1-score": 0.36597938144329895,
        "support": 243.0
    },
    "accuracy": 0.52400548696845,
    "macro avg": {
        "precision": 0.532656523995541,
        "recall": 0.52400548696845,
        "f1-score": 0.5059003875791123,
        "support": 2187.0
    },
    "weighted avg": {
        "precision": 0.5326565239955409,
        "recall": 0.52400548696845,
        "f1-score": 0.5059003875791124,
        "support": 2187.0
    }
}