{
    "2": {
        "precision": 1.0,
        "recall": 0.9795918367346939,
        "f1-score": 0.9896907216494846,
        "support": 49.0
    },
    "3": {
        "precision": 1.0,
        "recall": 0.9183673469387755,
        "f1-score": 0.9574468085106383,
        "support": 49.0
    },
    "4": {
        "precision": 0.7457627118644068,
        "recall": 0.8979591836734694,
        "f1-score": 0.8148148148148148,
        "support": 49.0
    },
    "5": {
        "precision": 0.675,
        "recall": 0.5510204081632653,
        "f1-score": 0.6067415730337079,
        "support": 49.0
    },
    "6": {
        "precision": 0.4057971014492754,
        "recall": 0.5714285714285714,
        "f1-score": 0.4745762711864407,
        "support": 49.0
    },
    "7": {
        "precision": 0.5098039215686274,
        "recall": 0.5306122448979592,
        "f1-score": 0.52,
        "support": 49.0
    },
    "8": {
        "precision": 0.30985915492957744,
        "recall": 0.4489795918367347,
        "f1-score": 0.36666666666666664,
        "support": 49.0
    },
    "9": {
        "precision": 0.8888888888888888,
        "recall": 0.16326530612244897,
        "f1-score": 0.27586206896551724,
        "support": 49.0
    },
    "accuracy": 0.6326530612244898,
    "macro avg": {
        "precision": 0.6918889723375969,
        "recall": 0.6326530612244898,
        "f1-score": 0.6257248656034088,
        "support": 392.0
    },
    "weighted avg": {
        "precision": 0.6918889723375969,
        "recall": 0.6326530612244898,
        "f1-score": 0.6257248656034088,
        "support": 392.0
    }
}