{
    "1": {
        "precision": 1.0,
        "recall": 1.0,
        "f1-score": 1.0,
        "support": 81.0
    },
    "2": {
        "precision": 1.0,
        "recall": 1.0,
        "f1-score": 1.0,
        "support": 81.0
    },
    "3": {
        "precision": 1.0,
        "recall": 1.0,
        "f1-score": 1.0,
        "support": 81.0
    },
    "4": {
        "precision": 1.0,
        "recall": 1.0,
        "f1-score": 1.0,
        "support": 81.0
    },
    "5": {
        "precision": 0.9418604651162791,
        "recall": 1.0,
        "f1-score": 0.9700598802395209,
        "support": 81.0
    },
    "6": {
        "precision": 0.9240506329113924,
        "recall": 0.9012345679012346,
        "f1-score": 0.9125,
        "support": 81.0
    },
    "7": {
        "precision": 0.5736434108527132,
        "recall": 0.9135802469135802,
        "f1-score": 0.7047619047619048,
        "support": 81.0
    },
    "8": {
        "precision": 1.0,
        "recall": 0.037037037037037035,
        "f1-score": 0.07142857142857142,
        "support": 81.0
    },
    "9": {
        "precision": 0.0,
        "recall": 0.0,
        "f1-score": 0.0,
        "support": 81.0
    },
    "micro avg": {
        "precision": 0.8851674641148325,
        "recall": 0.7613168724279835,
        "f1-score": 0.8185840707964602,
        "support": 729.0
    },
    "macro avg": {
        "precision": 0.826617167653376,
        "recall": 0.7613168724279835,
        "f1-score": 0.7398611507144441,
        "support": 729.0
    },
    "weighted avg": {
        "precision": 0.826617167653376,
        "recall": 0.7613168724279835,
        "f1-score": 0.739861150714444,
        "support": 729.0
    },
    "accuracy": 0.7613168724279835
}