{
    "2": {
        "precision": 0.94,
        "recall": 0.9591836734693877,
        "f1-score": 0.9494949494949495,
        "support": 49.0
    },
    "3": {
        "precision": 0.9285714285714286,
        "recall": 0.7959183673469388,
        "f1-score": 0.8571428571428571,
        "support": 49.0
    },
    "4": {
        "precision": 0.49,
        "recall": 1.0,
        "f1-score": 0.6577181208053692,
        "support": 49.0
    },
    "5": {
        "precision": 0.6923076923076923,
        "recall": 0.1836734693877551,
        "f1-score": 0.2903225806451613,
        "support": 49.0
    },
    "6": {
        "precision": 0.4659090909090909,
        "recall": 0.8367346938775511,
        "f1-score": 0.5985401459854015,
        "support": 49.0
    },
    "7": {
        "precision": 0.5714285714285714,
        "recall": 0.24489795918367346,
        "f1-score": 0.34285714285714286,
        "support": 49.0
    },
    "8": {
        "precision": 1.0,
        "recall": 0.04081632653061224,
        "f1-score": 0.0784313725490196,
        "support": 49.0
    },
    "9": {
        "precision": 0.6052631578947368,
        "recall": 0.9387755102040817,
        "f1-score": 0.736,
        "support": 49.0
    },
    "accuracy": 0.625,
    "macro avg": {
        "precision": 0.71168499263894,
        "recall": 0.625,
        "f1-score": 0.5638133961849876,
        "support": 392.0
    },
    "weighted avg": {
        "precision": 0.7116849926389401,
        "recall": 0.625,
        "f1-score": 0.5638133961849876,
        "support": 392.0
    }
}