{
    "2": {
        "precision": 1.0,
        "recall": 0.8775510204081632,
        "f1-score": 0.9347826086956522,
        "support": 49.0
    },
    "3": {
        "precision": 0.8867924528301887,
        "recall": 0.9591836734693877,
        "f1-score": 0.9215686274509803,
        "support": 49.0
    },
    "4": {
        "precision": 0.9473684210526315,
        "recall": 0.7346938775510204,
        "f1-score": 0.8275862068965517,
        "support": 49.0
    },
    "5": {
        "precision": 0.717391304347826,
        "recall": 0.673469387755102,
        "f1-score": 0.6947368421052632,
        "support": 49.0
    },
    "6": {
        "precision": 0.29411764705882354,
        "recall": 0.10204081632653061,
        "f1-score": 0.15151515151515152,
        "support": 49.0
    },
    "7": {
        "precision": 0.3858267716535433,
        "recall": 1.0,
        "f1-score": 0.5568181818181818,
        "support": 49.0
    },
    "8": {
        "precision": 0.0,
        "recall": 0.0,
        "f1-score": 0.0,
        "support": 49.0
    },
    "9": {
        "precision": 0.6764705882352942,
        "recall": 0.9387755102040817,
        "f1-score": 0.7863247863247863,
        "support": 49.0
    },
    "accuracy": 0.6607142857142857,
    "macro avg": {
        "precision": 0.6134958981472884,
        "recall": 0.6607142857142857,
        "f1-score": 0.6091665506008208,
        "support": 392.0
    },
    "weighted avg": {
        "precision": 0.6134958981472884,
        "recall": 0.6607142857142857,
        "f1-score": 0.6091665506008209,
        "support": 392.0
    }
}