{
    "1": {
        "precision": 1.0,
        "recall": 1.0,
        "f1-score": 1.0,
        "support": 243.0
    },
    "2": {
        "precision": 0.9642857142857143,
        "recall": 1.0,
        "f1-score": 0.9818181818181818,
        "support": 243.0
    },
    "3": {
        "precision": 0.924901185770751,
        "recall": 0.9629629629629629,
        "f1-score": 0.9435483870967742,
        "support": 243.0
    },
    "4": {
        "precision": 0.9928057553956835,
        "recall": 0.5679012345679012,
        "f1-score": 0.7225130890052356,
        "support": 243.0
    },
    "5": {
        "precision": 0.5824175824175825,
        "recall": 0.21810699588477367,
        "f1-score": 0.31736526946107785,
        "support": 243.0
    },
    "6": {
        "precision": 0.31136950904392763,
        "recall": 0.9917695473251029,
        "f1-score": 0.47394296951819076,
        "support": 243.0
    },
    "7": {
        "precision": 0.16923076923076924,
        "recall": 0.13580246913580246,
        "f1-score": 0.1506849315068493,
        "support": 243.0
    },
    "8": {
        "precision": 0.38636363636363635,
        "recall": 0.13991769547325103,
        "f1-score": 0.2054380664652568,
        "support": 243.0
    },
    "9": {
        "precision": 0.7960526315789473,
        "recall": 0.49794238683127573,
        "f1-score": 0.6126582278481013,
        "support": 243.0
    },
    "accuracy": 0.6127114769090077,
    "macro avg": {
        "precision": 0.6808251982318902,
        "recall": 0.6127114769090077,
        "f1-score": 0.600885458079963,
        "support": 2187.0
    },
    "weighted avg": {
        "precision": 0.6808251982318902,
        "recall": 0.6127114769090077,
        "f1-score": 0.6008854580799631,
        "support": 2187.0
    }
}