{
    "1": {
        "precision": 1.0,
        "recall": 1.0,
        "f1-score": 1.0,
        "support": 81.0
    },
    "2": {
        "precision": 1.0,
        "recall": 0.8765432098765432,
        "f1-score": 0.9342105263157895,
        "support": 81.0
    },
    "3": {
        "precision": 0.8765432098765432,
        "recall": 0.8765432098765432,
        "f1-score": 0.8765432098765432,
        "support": 81.0
    },
    "4": {
        "precision": 0.8307692307692308,
        "recall": 0.6666666666666666,
        "f1-score": 0.7397260273972602,
        "support": 81.0
    },
    "5": {
        "precision": 0.654320987654321,
        "recall": 0.654320987654321,
        "f1-score": 0.654320987654321,
        "support": 81.0
    },
    "6": {
        "precision": 0.5,
        "recall": 0.35802469135802467,
        "f1-score": 0.4172661870503597,
        "support": 81.0
    },
    "7": {
        "precision": 0.46875,
        "recall": 0.7407407407407407,
        "f1-score": 0.5741626794258373,
        "support": 81.0
    },
    "8": {
        "precision": 0.4838709677419355,
        "recall": 0.37037037037037035,
        "f1-score": 0.4195804195804196,
        "support": 81.0
    },
    "9": {
        "precision": 0.6138613861386139,
        "recall": 0.7654320987654321,
        "f1-score": 0.6813186813186813,
        "support": 81.0
    },
    "micro avg": {
        "precision": 0.7019230769230769,
        "recall": 0.700960219478738,
        "f1-score": 0.7014413177762526,
        "support": 729.0
    },
    "macro avg": {
        "precision": 0.7142350869089604,
        "recall": 0.7009602194787381,
        "f1-score": 0.699680968735468,
        "support": 729.0
    },
    "weighted avg": {
        "precision": 0.7142350869089604,
        "recall": 0.700960219478738,
        "f1-score": 0.699680968735468,
        "support": 729.0
    },
    "accuracy": 0.700960219478738
}