{
    "1": {
        "precision": 1.0,
        "recall": 1.0,
        "f1-score": 1.0,
        "support": 81.0
    },
    "2": {
        "precision": 1.0,
        "recall": 1.0,
        "f1-score": 1.0,
        "support": 81.0
    },
    "3": {
        "precision": 0.975,
        "recall": 0.9629629629629629,
        "f1-score": 0.968944099378882,
        "support": 81.0
    },
    "4": {
        "precision": 0.9178082191780822,
        "recall": 0.8271604938271605,
        "f1-score": 0.8701298701298701,
        "support": 81.0
    },
    "5": {
        "precision": 0.810126582278481,
        "recall": 0.7901234567901234,
        "f1-score": 0.8,
        "support": 81.0
    },
    "6": {
        "precision": 0.7702702702702703,
        "recall": 0.7037037037037037,
        "f1-score": 0.7354838709677419,
        "support": 81.0
    },
    "7": {
        "precision": 0.6477272727272727,
        "recall": 0.7037037037037037,
        "f1-score": 0.6745562130177515,
        "support": 81.0
    },
    "8": {
        "precision": 0.5571428571428572,
        "recall": 0.48148148148148145,
        "f1-score": 0.5165562913907285,
        "support": 81.0
    },
    "9": {
        "precision": 0.5540540540540541,
        "recall": 0.5061728395061729,
        "f1-score": 0.5290322580645161,
        "support": 81.0
    },
    "micro avg": {
        "precision": 0.8071428571428572,
        "recall": 0.7750342935528121,
        "f1-score": 0.7907627711686495,
        "support": 729.0
    },
    "macro avg": {
        "precision": 0.8035699172945576,
        "recall": 0.7750342935528121,
        "f1-score": 0.7883002892166101,
        "support": 729.0
    },
    "weighted avg": {
        "precision": 0.8035699172945574,
        "recall": 0.7750342935528121,
        "f1-score": 0.7883002892166101,
        "support": 729.0
    },
    "accuracy": 0.7750342935528121
}