{
    "2": {
        "precision": 1.0,
        "recall": 0.5306122448979592,
        "f1-score": 0.6933333333333334,
        "support": 49.0
    },
    "3": {
        "precision": 0.5409836065573771,
        "recall": 0.673469387755102,
        "f1-score": 0.6,
        "support": 49.0
    },
    "4": {
        "precision": 0.5185185185185185,
        "recall": 0.2857142857142857,
        "f1-score": 0.3684210526315789,
        "support": 49.0
    },
    "5": {
        "precision": 0.5238095238095238,
        "recall": 0.673469387755102,
        "f1-score": 0.5892857142857143,
        "support": 49.0
    },
    "6": {
        "precision": 0.36363636363636365,
        "recall": 0.24489795918367346,
        "f1-score": 0.2926829268292683,
        "support": 49.0
    },
    "7": {
        "precision": 0.4,
        "recall": 0.04081632653061224,
        "f1-score": 0.07407407407407407,
        "support": 49.0
    },
    "8": {
        "precision": 0.24545454545454545,
        "recall": 0.5510204081632653,
        "f1-score": 0.33962264150943394,
        "support": 49.0
    },
    "9": {
        "precision": 0.3283582089552239,
        "recall": 0.4489795918367347,
        "f1-score": 0.3793103448275862,
        "support": 49.0
    },
    "accuracy": 0.43112244897959184,
    "macro avg": {
        "precision": 0.49009509586644406,
        "recall": 0.43112244897959184,
        "f1-score": 0.4170912609363736,
        "support": 392.0
    },
    "weighted avg": {
        "precision": 0.49009509586644406,
        "recall": 0.43112244897959184,
        "f1-score": 0.41709126093637366,
        "support": 392.0
    }
}