{
    "1": {
        "precision": 1.0,
        "recall": 0.9753086419753086,
        "f1-score": 0.9875,
        "support": 243.0
    },
    "2": {
        "precision": 0.9068825910931174,
        "recall": 0.9218106995884774,
        "f1-score": 0.9142857142857143,
        "support": 243.0
    },
    "3": {
        "precision": 0.7863247863247863,
        "recall": 0.3786008230452675,
        "f1-score": 0.5111111111111111,
        "support": 243.0
    },
    "4": {
        "precision": 0.26900584795321636,
        "recall": 0.18930041152263374,
        "f1-score": 0.2222222222222222,
        "support": 243.0
    },
    "5": {
        "precision": 0.2489451476793249,
        "recall": 0.24279835390946503,
        "f1-score": 0.24583333333333332,
        "support": 243.0
    },
    "6": {
        "precision": 0.25165562913907286,
        "recall": 0.15637860082304528,
        "f1-score": 0.19289340101522842,
        "support": 243.0
    },
    "7": {
        "precision": 0.23880597014925373,
        "recall": 0.5267489711934157,
        "f1-score": 0.3286264441591784,
        "support": 243.0
    },
    "8": {
        "precision": 0.30633802816901406,
        "recall": 0.35802469135802467,
        "f1-score": 0.3301707779886148,
        "support": 243.0
    },
    "9": {
        "precision": 0.5169082125603864,
        "recall": 0.4403292181069959,
        "f1-score": 0.47555555555555556,
        "support": 243.0
    },
    "accuracy": 0.4654778235025149,
    "macro avg": {
        "precision": 0.5027629125631302,
        "recall": 0.4654778235025149,
        "f1-score": 0.46757761774121753,
        "support": 2187.0
    },
    "weighted avg": {
        "precision": 0.5027629125631302,
        "recall": 0.4654778235025149,
        "f1-score": 0.4675776177412175,
        "support": 2187.0
    }
}