{
    "2": {
        "precision": 1.0,
        "recall": 0.9387755102040817,
        "f1-score": 0.968421052631579,
        "support": 49.0
    },
    "3": {
        "precision": 0.7538461538461538,
        "recall": 1.0,
        "f1-score": 0.8596491228070176,
        "support": 49.0
    },
    "4": {
        "precision": 1.0,
        "recall": 0.7346938775510204,
        "f1-score": 0.8470588235294118,
        "support": 49.0
    },
    "5": {
        "precision": 0.98,
        "recall": 1.0,
        "f1-score": 0.98989898989899,
        "support": 49.0
    },
    "6": {
        "precision": 1.0,
        "recall": 0.6122448979591837,
        "f1-score": 0.759493670886076,
        "support": 49.0
    },
    "7": {
        "precision": 0.6103896103896104,
        "recall": 0.9591836734693877,
        "f1-score": 0.746031746031746,
        "support": 49.0
    },
    "8": {
        "precision": 0.0,
        "recall": 0.0,
        "f1-score": 0.0,
        "support": 49.0
    },
    "9": {
        "precision": 0.5454545454545454,
        "recall": 0.9795918367346939,
        "f1-score": 0.7007299270072993,
        "support": 49.0
    },
    "accuracy": 0.7780612244897959,
    "macro avg": {
        "precision": 0.7362112887112887,
        "recall": 0.778061224489796,
        "f1-score": 0.7339104165990149,
        "support": 392.0
    },
    "weighted avg": {
        "precision": 0.7362112887112886,
        "recall": 0.7780612244897959,
        "f1-score": 0.733910416599015,
        "support": 392.0
    }
}