{
    "1": {
        "precision": 0.9878048780487805,
        "recall": 1.0,
        "f1-score": 0.9938650306748467,
        "support": 81.0
    },
    "2": {
        "precision": 1.0,
        "recall": 0.8888888888888888,
        "f1-score": 0.9411764705882353,
        "support": 81.0
    },
    "3": {
        "precision": 0.8777777777777778,
        "recall": 0.9753086419753086,
        "f1-score": 0.9239766081871345,
        "support": 81.0
    },
    "4": {
        "precision": 0.9714285714285714,
        "recall": 0.8395061728395061,
        "f1-score": 0.9006622516556292,
        "support": 81.0
    },
    "5": {
        "precision": 0.864406779661017,
        "recall": 0.6296296296296297,
        "f1-score": 0.7285714285714285,
        "support": 81.0
    },
    "6": {
        "precision": 0.541095890410959,
        "recall": 0.9753086419753086,
        "f1-score": 0.6960352422907489,
        "support": 81.0
    },
    "7": {
        "precision": 0.775,
        "recall": 0.38271604938271603,
        "f1-score": 0.512396694214876,
        "support": 81.0
    },
    "8": {
        "precision": 0.4857142857142857,
        "recall": 0.41975308641975306,
        "f1-score": 0.4503311258278146,
        "support": 81.0
    },
    "9": {
        "precision": 0.6,
        "recall": 0.7407407407407407,
        "f1-score": 0.6629834254143646,
        "support": 81.0
    },
    "accuracy": 0.7613168724279835,
    "macro avg": {
        "precision": 0.7892475758934879,
        "recall": 0.7613168724279835,
        "f1-score": 0.7566664752694531,
        "support": 729.0
    },
    "weighted avg": {
        "precision": 0.7892475758934879,
        "recall": 0.7613168724279835,
        "f1-score": 0.7566664752694531,
        "support": 729.0
    }
}