{
    "2": {
        "precision": 1.0,
        "recall": 0.9387755102040817,
        "f1-score": 0.968421052631579,
        "support": 49.0
    },
    "3": {
        "precision": 0.9387755102040817,
        "recall": 0.9387755102040817,
        "f1-score": 0.9387755102040817,
        "support": 49.0
    },
    "4": {
        "precision": 0.8846153846153846,
        "recall": 0.9387755102040817,
        "f1-score": 0.9108910891089109,
        "support": 49.0
    },
    "5": {
        "precision": 0.9642857142857143,
        "recall": 0.5510204081632653,
        "f1-score": 0.7012987012987013,
        "support": 49.0
    },
    "6": {
        "precision": 0.6615384615384615,
        "recall": 0.8775510204081632,
        "f1-score": 0.7543859649122807,
        "support": 49.0
    },
    "7": {
        "precision": 0.7391304347826086,
        "recall": 0.3469387755102041,
        "f1-score": 0.4722222222222222,
        "support": 49.0
    },
    "8": {
        "precision": 0.4166666666666667,
        "recall": 0.6122448979591837,
        "f1-score": 0.49586776859504134,
        "support": 49.0
    },
    "9": {
        "precision": 0.62,
        "recall": 0.6326530612244898,
        "f1-score": 0.6262626262626263,
        "support": 49.0
    },
    "micro avg": {
        "precision": 0.7428571428571429,
        "recall": 0.7295918367346939,
        "f1-score": 0.7361647361647362,
        "support": 392.0
    },
    "macro avg": {
        "precision": 0.7781265215116147,
        "recall": 0.7295918367346939,
        "f1-score": 0.7335156169044305,
        "support": 392.0
    },
    "weighted avg": {
        "precision": 0.7781265215116147,
        "recall": 0.7295918367346939,
        "f1-score": 0.7335156169044305,
        "support": 392.0
    },
    "accuracy": 0.7295918367346939
}