{
    "1": {
        "precision": 1.0,
        "recall": 1.0,
        "f1-score": 1.0,
        "support": 81.0
    },
    "2": {
        "precision": 0.975609756097561,
        "recall": 0.9876543209876543,
        "f1-score": 0.9815950920245399,
        "support": 81.0
    },
    "3": {
        "precision": 0.8636363636363636,
        "recall": 0.9382716049382716,
        "f1-score": 0.8994082840236687,
        "support": 81.0
    },
    "4": {
        "precision": 0.6120689655172413,
        "recall": 0.8765432098765432,
        "f1-score": 0.7208121827411168,
        "support": 81.0
    },
    "5": {
        "precision": 0.48,
        "recall": 0.5925925925925926,
        "f1-score": 0.5303867403314917,
        "support": 81.0
    },
    "6": {
        "precision": 0.46808510638297873,
        "recall": 0.2716049382716049,
        "f1-score": 0.34375,
        "support": 81.0
    },
    "7": {
        "precision": 0.31875,
        "recall": 0.6296296296296297,
        "f1-score": 0.42323651452282157,
        "support": 81.0
    },
    "8": {
        "precision": 0.28205128205128205,
        "recall": 0.13580246913580246,
        "f1-score": 0.18333333333333332,
        "support": 81.0
    },
    "9": {
        "precision": 0.8125,
        "recall": 0.16049382716049382,
        "f1-score": 0.26804123711340205,
        "support": 81.0
    },
    "accuracy": 0.6213991769547325,
    "macro avg": {
        "precision": 0.6458557192983807,
        "recall": 0.6213991769547325,
        "f1-score": 0.5945070426767082,
        "support": 729.0
    },
    "weighted avg": {
        "precision": 0.6458557192983807,
        "recall": 0.6213991769547325,
        "f1-score": 0.5945070426767083,
        "support": 729.0
    }
}