{
    "2": {
        "precision": 1.0,
        "recall": 0.9795918367346939,
        "f1-score": 0.9896907216494846,
        "support": 49.0
    },
    "3": {
        "precision": 0.9795918367346939,
        "recall": 0.9795918367346939,
        "f1-score": 0.9795918367346939,
        "support": 49.0
    },
    "4": {
        "precision": 0.9791666666666666,
        "recall": 0.9591836734693877,
        "f1-score": 0.9690721649484536,
        "support": 49.0
    },
    "5": {
        "precision": 0.9318181818181818,
        "recall": 0.8367346938775511,
        "f1-score": 0.8817204301075269,
        "support": 49.0
    },
    "6": {
        "precision": 0.7647058823529411,
        "recall": 0.5306122448979592,
        "f1-score": 0.6265060240963856,
        "support": 49.0
    },
    "7": {
        "precision": 0.5714285714285714,
        "recall": 0.9795918367346939,
        "f1-score": 0.7218045112781954,
        "support": 49.0
    },
    "8": {
        "precision": 0.6086956521739131,
        "recall": 0.2857142857142857,
        "f1-score": 0.3888888888888889,
        "support": 49.0
    },
    "9": {
        "precision": 0.6451612903225806,
        "recall": 0.8163265306122449,
        "f1-score": 0.7207207207207207,
        "support": 49.0
    },
    "accuracy": 0.7959183673469388,
    "macro avg": {
        "precision": 0.8100710101871935,
        "recall": 0.7959183673469388,
        "f1-score": 0.7847494123030436,
        "support": 392.0
    },
    "weighted avg": {
        "precision": 0.8100710101871935,
        "recall": 0.7959183673469388,
        "f1-score": 0.7847494123030437,
        "support": 392.0
    }
}