{
    "1": {
        "precision": 1.0,
        "recall": 0.9547325102880658,
        "f1-score": 0.9768421052631578,
        "support": 243.0
    },
    "2": {
        "precision": 0.93125,
        "recall": 0.6131687242798354,
        "f1-score": 0.739454094292804,
        "support": 243.0
    },
    "3": {
        "precision": 0.4602272727272727,
        "recall": 0.3333333333333333,
        "f1-score": 0.38663484486873506,
        "support": 243.0
    },
    "4": {
        "precision": 0.29515418502202645,
        "recall": 0.2757201646090535,
        "f1-score": 0.2851063829787234,
        "support": 243.0
    },
    "5": {
        "precision": 0.2891566265060241,
        "recall": 0.2962962962962963,
        "f1-score": 0.2926829268292683,
        "support": 243.0
    },
    "6": {
        "precision": 0.3130434782608696,
        "recall": 0.2962962962962963,
        "f1-score": 0.3044397463002114,
        "support": 243.0
    },
    "7": {
        "precision": 0.35947712418300654,
        "recall": 0.6790123456790124,
        "f1-score": 0.4700854700854701,
        "support": 243.0
    },
    "8": {
        "precision": 0.42900302114803623,
        "recall": 0.5843621399176955,
        "f1-score": 0.49477351916376305,
        "support": 243.0
    },
    "9": {
        "precision": 0.8130081300813008,
        "recall": 0.411522633744856,
        "f1-score": 0.546448087431694,
        "support": 243.0
    },
    "accuracy": 0.49382716049382713,
    "macro avg": {
        "precision": 0.5433688708809485,
        "recall": 0.4938271604938272,
        "f1-score": 0.4996074641348696,
        "support": 2187.0
    },
    "weighted avg": {
        "precision": 0.5433688708809485,
        "recall": 0.49382716049382713,
        "f1-score": 0.4996074641348696,
        "support": 2187.0
    }
}