{
    "1": {
        "precision": 1.0,
        "recall": 1.0,
        "f1-score": 1.0,
        "support": 81.0
    },
    "2": {
        "precision": 1.0,
        "recall": 1.0,
        "f1-score": 1.0,
        "support": 81.0
    },
    "3": {
        "precision": 1.0,
        "recall": 1.0,
        "f1-score": 1.0,
        "support": 81.0
    },
    "4": {
        "precision": 1.0,
        "recall": 0.9876543209876543,
        "f1-score": 0.9937888198757764,
        "support": 81.0
    },
    "5": {
        "precision": 0.9868421052631579,
        "recall": 0.9259259259259259,
        "f1-score": 0.9554140127388535,
        "support": 81.0
    },
    "6": {
        "precision": 0.8181818181818182,
        "recall": 1.0,
        "f1-score": 0.9,
        "support": 81.0
    },
    "7": {
        "precision": 0.927536231884058,
        "recall": 0.7901234567901234,
        "f1-score": 0.8533333333333334,
        "support": 81.0
    },
    "8": {
        "precision": 0.7,
        "recall": 0.08641975308641975,
        "f1-score": 0.15384615384615385,
        "support": 81.0
    },
    "9": {
        "precision": 0.19230769230769232,
        "recall": 0.18518518518518517,
        "f1-score": 0.18867924528301888,
        "support": 81.0
    },
    "micro avg": {
        "precision": 0.8625954198473282,
        "recall": 0.7750342935528121,
        "f1-score": 0.8164739884393064,
        "support": 729.0
    },
    "macro avg": {
        "precision": 0.8472075386263029,
        "recall": 0.7750342935528121,
        "f1-score": 0.782784618341904,
        "support": 729.0
    },
    "weighted avg": {
        "precision": 0.8472075386263029,
        "recall": 0.7750342935528121,
        "f1-score": 0.7827846183419039,
        "support": 729.0
    },
    "accuracy": 0.7750342935528121
}