{
    "1": {
        "precision": 1.0,
        "recall": 1.0,
        "f1-score": 1.0,
        "support": 81.0
    },
    "2": {
        "precision": 1.0,
        "recall": 0.7901234567901234,
        "f1-score": 0.8827586206896552,
        "support": 81.0
    },
    "3": {
        "precision": 0.7121212121212122,
        "recall": 0.5802469135802469,
        "f1-score": 0.6394557823129252,
        "support": 81.0
    },
    "4": {
        "precision": 0.5568181818181818,
        "recall": 0.6049382716049383,
        "f1-score": 0.5798816568047337,
        "support": 81.0
    },
    "5": {
        "precision": 0.5952380952380952,
        "recall": 0.6172839506172839,
        "f1-score": 0.6060606060606061,
        "support": 81.0
    },
    "6": {
        "precision": 0.46875,
        "recall": 0.18518518518518517,
        "f1-score": 0.26548672566371684,
        "support": 81.0
    },
    "7": {
        "precision": 0.2826086956521739,
        "recall": 0.6419753086419753,
        "f1-score": 0.39245283018867927,
        "support": 81.0
    },
    "8": {
        "precision": 0.33035714285714285,
        "recall": 0.4567901234567901,
        "f1-score": 0.38341968911917096,
        "support": 81.0
    },
    "9": {
        "precision": 0.7777777777777778,
        "recall": 0.1728395061728395,
        "f1-score": 0.2828282828282828,
        "support": 81.0
    },
    "accuracy": 0.5610425240054869,
    "macro avg": {
        "precision": 0.6359634561627314,
        "recall": 0.5610425240054869,
        "f1-score": 0.5591493548519745,
        "support": 729.0
    },
    "weighted avg": {
        "precision": 0.6359634561627314,
        "recall": 0.5610425240054869,
        "f1-score": 0.5591493548519744,
        "support": 729.0
    }
}