{
    "1": {
        "precision": 1.0,
        "recall": 1.0,
        "f1-score": 1.0,
        "support": 81.0
    },
    "2": {
        "precision": 1.0,
        "recall": 0.8641975308641975,
        "f1-score": 0.9271523178807947,
        "support": 81.0
    },
    "3": {
        "precision": 0.8472222222222222,
        "recall": 0.7530864197530864,
        "f1-score": 0.7973856209150327,
        "support": 81.0
    },
    "4": {
        "precision": 0.7236842105263158,
        "recall": 0.6790123456790124,
        "f1-score": 0.7006369426751592,
        "support": 81.0
    },
    "5": {
        "precision": 0.5972222222222222,
        "recall": 0.5308641975308642,
        "f1-score": 0.5620915032679739,
        "support": 81.0
    },
    "6": {
        "precision": 0.4305555555555556,
        "recall": 0.38271604938271603,
        "f1-score": 0.40522875816993464,
        "support": 81.0
    },
    "7": {
        "precision": 0.35526315789473684,
        "recall": 0.3333333333333333,
        "f1-score": 0.34394904458598724,
        "support": 81.0
    },
    "8": {
        "precision": 0.2857142857142857,
        "recall": 0.24691358024691357,
        "f1-score": 0.26490066225165565,
        "support": 81.0
    },
    "9": {
        "precision": 0.28169014084507044,
        "recall": 0.24691358024691357,
        "f1-score": 0.2631578947368421,
        "support": 81.0
    },
    "micro avg": {
        "precision": 0.6181818181818182,
        "recall": 0.5596707818930041,
        "f1-score": 0.5874730021598272,
        "support": 729.0
    },
    "macro avg": {
        "precision": 0.613483532775601,
        "recall": 0.5596707818930041,
        "f1-score": 0.5849447493870422,
        "support": 729.0
    },
    "weighted avg": {
        "precision": 0.6134835327756009,
        "recall": 0.5596707818930041,
        "f1-score": 0.5849447493870423,
        "support": 729.0
    },
    "accuracy": 0.5596707818930041
}