{
    "1": {
        "precision": 1.0,
        "recall": 1.0,
        "f1-score": 1.0,
        "support": 81.0
    },
    "2": {
        "precision": 1.0,
        "recall": 0.7777777777777778,
        "f1-score": 0.875,
        "support": 81.0
    },
    "3": {
        "precision": 0.6949152542372882,
        "recall": 0.5061728395061729,
        "f1-score": 0.5857142857142857,
        "support": 81.0
    },
    "4": {
        "precision": 0.5119047619047619,
        "recall": 0.5308641975308642,
        "f1-score": 0.5212121212121212,
        "support": 81.0
    },
    "5": {
        "precision": 0.5161290322580645,
        "recall": 0.5925925925925926,
        "f1-score": 0.5517241379310345,
        "support": 81.0
    },
    "6": {
        "precision": 0.4126984126984127,
        "recall": 0.32098765432098764,
        "f1-score": 0.3611111111111111,
        "support": 81.0
    },
    "7": {
        "precision": 0.43010752688172044,
        "recall": 0.49382716049382713,
        "f1-score": 0.45977011494252873,
        "support": 81.0
    },
    "8": {
        "precision": 0.49411764705882355,
        "recall": 0.5185185185185185,
        "f1-score": 0.5060240963855421,
        "support": 81.0
    },
    "9": {
        "precision": 0.5952380952380952,
        "recall": 0.6172839506172839,
        "f1-score": 0.6060606060606061,
        "support": 81.0
    },
    "micro avg": {
        "precision": 0.6156028368794326,
        "recall": 0.5953360768175583,
        "f1-score": 0.6052998605299861,
        "support": 729.0
    },
    "macro avg": {
        "precision": 0.6283456366974628,
        "recall": 0.5953360768175583,
        "f1-score": 0.6074018303730255,
        "support": 729.0
    },
    "weighted avg": {
        "precision": 0.6283456366974629,
        "recall": 0.5953360768175583,
        "f1-score": 0.6074018303730254,
        "support": 729.0
    },
    "accuracy": 0.5953360768175583
}