{
    "2": {
        "precision": 1.0,
        "recall": 1.0,
        "f1-score": 1.0,
        "support": 49.0
    },
    "3": {
        "precision": 0.9795918367346939,
        "recall": 0.9795918367346939,
        "f1-score": 0.9795918367346939,
        "support": 49.0
    },
    "4": {
        "precision": 0.9787234042553191,
        "recall": 0.9387755102040817,
        "f1-score": 0.9583333333333334,
        "support": 49.0
    },
    "5": {
        "precision": 0.9473684210526315,
        "recall": 0.7346938775510204,
        "f1-score": 0.8275862068965517,
        "support": 49.0
    },
    "6": {
        "precision": 0.7407407407407407,
        "recall": 0.8163265306122449,
        "f1-score": 0.7766990291262136,
        "support": 49.0
    },
    "7": {
        "precision": 0.6557377049180327,
        "recall": 0.8163265306122449,
        "f1-score": 0.7272727272727273,
        "support": 49.0
    },
    "8": {
        "precision": 0.42857142857142855,
        "recall": 0.30612244897959184,
        "f1-score": 0.35714285714285715,
        "support": 49.0
    },
    "9": {
        "precision": 0.6206896551724138,
        "recall": 0.7346938775510204,
        "f1-score": 0.6728971962616822,
        "support": 49.0
    },
    "micro avg": {
        "precision": 0.7928388746803069,
        "recall": 0.7908163265306123,
        "f1-score": 0.7918263090676884,
        "support": 392.0
    },
    "macro avg": {
        "precision": 0.7939278989306575,
        "recall": 0.7908163265306123,
        "f1-score": 0.7874403983460073,
        "support": 392.0
    },
    "weighted avg": {
        "precision": 0.7939278989306574,
        "recall": 0.7908163265306123,
        "f1-score": 0.7874403983460073,
        "support": 392.0
    },
    "accuracy": 0.7908163265306123
}