{
    "1": {
        "precision": 0.9204545454545454,
        "recall": 1.0,
        "f1-score": 0.9585798816568047,
        "support": 81.0
    },
    "2": {
        "precision": 1.0,
        "recall": 0.8888888888888888,
        "f1-score": 0.9411764705882353,
        "support": 81.0
    },
    "3": {
        "precision": 0.8080808080808081,
        "recall": 0.9876543209876543,
        "f1-score": 0.8888888888888888,
        "support": 81.0
    },
    "4": {
        "precision": 0.9393939393939394,
        "recall": 0.7654320987654321,
        "f1-score": 0.8435374149659864,
        "support": 81.0
    },
    "5": {
        "precision": 0.8840579710144928,
        "recall": 0.7530864197530864,
        "f1-score": 0.8133333333333334,
        "support": 81.0
    },
    "6": {
        "precision": 0.5167785234899329,
        "recall": 0.9506172839506173,
        "f1-score": 0.6695652173913044,
        "support": 81.0
    },
    "7": {
        "precision": 0.4117647058823529,
        "recall": 0.25925925925925924,
        "f1-score": 0.3181818181818182,
        "support": 81.0
    },
    "8": {
        "precision": 0.4166666666666667,
        "recall": 0.49382716049382713,
        "f1-score": 0.4519774011299435,
        "support": 81.0
    },
    "9": {
        "precision": 0.6666666666666666,
        "recall": 0.32098765432098764,
        "f1-score": 0.43333333333333335,
        "support": 81.0
    },
    "accuracy": 0.7133058984910837,
    "macro avg": {
        "precision": 0.729318202961045,
        "recall": 0.7133058984910837,
        "f1-score": 0.7020637510521831,
        "support": 729.0
    },
    "weighted avg": {
        "precision": 0.729318202961045,
        "recall": 0.7133058984910837,
        "f1-score": 0.7020637510521831,
        "support": 729.0
    }
}