{
    "1": {
        "precision": 1.0,
        "recall": 1.0,
        "f1-score": 1.0,
        "support": 81.0
    },
    "2": {
        "precision": 1.0,
        "recall": 0.9876543209876543,
        "f1-score": 0.9937888198757764,
        "support": 81.0
    },
    "3": {
        "precision": 0.9866666666666667,
        "recall": 0.9135802469135802,
        "f1-score": 0.9487179487179487,
        "support": 81.0
    },
    "4": {
        "precision": 0.9027777777777778,
        "recall": 0.8024691358024691,
        "f1-score": 0.8496732026143791,
        "support": 81.0
    },
    "5": {
        "precision": 0.76,
        "recall": 0.7037037037037037,
        "f1-score": 0.7307692307692307,
        "support": 81.0
    },
    "6": {
        "precision": 0.5573770491803278,
        "recall": 0.41975308641975306,
        "f1-score": 0.4788732394366197,
        "support": 81.0
    },
    "7": {
        "precision": 0.41134751773049644,
        "recall": 0.7160493827160493,
        "f1-score": 0.5225225225225225,
        "support": 81.0
    },
    "8": {
        "precision": 0.4845360824742268,
        "recall": 0.5802469135802469,
        "f1-score": 0.5280898876404494,
        "support": 81.0
    },
    "9": {
        "precision": 0.7872340425531915,
        "recall": 0.4567901234567901,
        "f1-score": 0.578125,
        "support": 81.0
    },
    "accuracy": 0.7311385459533608,
    "macro avg": {
        "precision": 0.7655487929314098,
        "recall": 0.7311385459533608,
        "f1-score": 0.7367288723974362,
        "support": 729.0
    },
    "weighted avg": {
        "precision": 0.7655487929314096,
        "recall": 0.7311385459533608,
        "f1-score": 0.7367288723974363,
        "support": 729.0
    }
}