{
    "2": {
        "precision": 1.0,
        "recall": 0.9795918367346939,
        "f1-score": 0.9896907216494846,
        "support": 49.0
    },
    "3": {
        "precision": 0.9056603773584906,
        "recall": 0.9795918367346939,
        "f1-score": 0.9411764705882353,
        "support": 49.0
    },
    "4": {
        "precision": 0.9130434782608695,
        "recall": 0.8571428571428571,
        "f1-score": 0.8842105263157894,
        "support": 49.0
    },
    "5": {
        "precision": 0.8478260869565217,
        "recall": 0.7959183673469388,
        "f1-score": 0.8210526315789474,
        "support": 49.0
    },
    "6": {
        "precision": 0.703125,
        "recall": 0.9183673469387755,
        "f1-score": 0.7964601769911505,
        "support": 49.0
    },
    "7": {
        "precision": 0.9,
        "recall": 0.5510204081632653,
        "f1-score": 0.6835443037974683,
        "support": 49.0
    },
    "8": {
        "precision": 0.5365853658536586,
        "recall": 0.4489795918367347,
        "f1-score": 0.4888888888888889,
        "support": 49.0
    },
    "9": {
        "precision": 0.609375,
        "recall": 0.7959183673469388,
        "f1-score": 0.6902654867256637,
        "support": 49.0
    },
    "accuracy": 0.7908163265306123,
    "macro avg": {
        "precision": 0.8019519135536926,
        "recall": 0.7908163265306123,
        "f1-score": 0.7869111508169535,
        "support": 392.0
    },
    "weighted avg": {
        "precision": 0.8019519135536924,
        "recall": 0.7908163265306123,
        "f1-score": 0.7869111508169535,
        "support": 392.0
    }
}