{
    "2": {
        "precision": 0.7049180327868853,
        "recall": 0.8775510204081632,
        "f1-score": 0.7818181818181819,
        "support": 49.0
    },
    "3": {
        "precision": 0.7045454545454546,
        "recall": 0.6326530612244898,
        "f1-score": 0.6666666666666666,
        "support": 49.0
    },
    "4": {
        "precision": 0.5192307692307693,
        "recall": 0.5510204081632653,
        "f1-score": 0.5346534653465347,
        "support": 49.0
    },
    "5": {
        "precision": 0.9285714285714286,
        "recall": 0.2653061224489796,
        "f1-score": 0.4126984126984127,
        "support": 49.0
    },
    "6": {
        "precision": 0.6274509803921569,
        "recall": 0.6530612244897959,
        "f1-score": 0.64,
        "support": 49.0
    },
    "7": {
        "precision": 0.5,
        "recall": 0.04081632653061224,
        "f1-score": 0.07547169811320754,
        "support": 49.0
    },
    "8": {
        "precision": 0.25961538461538464,
        "recall": 0.5510204081632653,
        "f1-score": 0.35294117647058826,
        "support": 49.0
    },
    "9": {
        "precision": 0.2033898305084746,
        "recall": 0.24489795918367346,
        "f1-score": 0.2222222222222222,
        "support": 49.0
    },
    "micro avg": {
        "precision": 0.480719794344473,
        "recall": 0.4770408163265306,
        "f1-score": 0.4788732394366197,
        "support": 392.0
    },
    "macro avg": {
        "precision": 0.5559652350813192,
        "recall": 0.4770408163265306,
        "f1-score": 0.4608089779169767,
        "support": 392.0
    },
    "weighted avg": {
        "precision": 0.5559652350813192,
        "recall": 0.4770408163265306,
        "f1-score": 0.46080897791697667,
        "support": 392.0
    },
    "accuracy": 0.4770408163265306
}