{
    "1": {
        "precision": 1.0,
        "recall": 1.0,
        "f1-score": 1.0,
        "support": 81.0
    },
    "2": {
        "precision": 1.0,
        "recall": 0.9753086419753086,
        "f1-score": 0.9875,
        "support": 81.0
    },
    "3": {
        "precision": 0.9733333333333334,
        "recall": 0.9012345679012346,
        "f1-score": 0.9358974358974359,
        "support": 81.0
    },
    "4": {
        "precision": 0.881578947368421,
        "recall": 0.8271604938271605,
        "f1-score": 0.8535031847133758,
        "support": 81.0
    },
    "5": {
        "precision": 0.7837837837837838,
        "recall": 0.7160493827160493,
        "f1-score": 0.7483870967741936,
        "support": 81.0
    },
    "6": {
        "precision": 0.6229508196721312,
        "recall": 0.4691358024691358,
        "f1-score": 0.5352112676056338,
        "support": 81.0
    },
    "7": {
        "precision": 0.4358974358974359,
        "recall": 0.41975308641975306,
        "f1-score": 0.4276729559748428,
        "support": 81.0
    },
    "8": {
        "precision": 0.3333333333333333,
        "recall": 0.2345679012345679,
        "f1-score": 0.2753623188405797,
        "support": 81.0
    },
    "9": {
        "precision": 0.27586206896551724,
        "recall": 0.2962962962962963,
        "f1-score": 0.2857142857142857,
        "support": 81.0
    },
    "micro avg": {
        "precision": 0.7080838323353293,
        "recall": 0.6488340192043895,
        "f1-score": 0.6771653543307087,
        "support": 729.0
    },
    "macro avg": {
        "precision": 0.7007488580393284,
        "recall": 0.6488340192043895,
        "f1-score": 0.6721387272800387,
        "support": 729.0
    },
    "weighted avg": {
        "precision": 0.7007488580393285,
        "recall": 0.6488340192043895,
        "f1-score": 0.6721387272800387,
        "support": 729.0
    },
    "accuracy": 0.6488340192043895
}