{
    "1": {
        "precision": 1.0,
        "recall": 1.0,
        "f1-score": 1.0,
        "support": 81.0
    },
    "2": {
        "precision": 1.0,
        "recall": 0.7654320987654321,
        "f1-score": 0.8671328671328671,
        "support": 81.0
    },
    "3": {
        "precision": 0.7222222222222222,
        "recall": 0.6419753086419753,
        "f1-score": 0.6797385620915033,
        "support": 81.0
    },
    "4": {
        "precision": 0.625,
        "recall": 0.6172839506172839,
        "f1-score": 0.6211180124223602,
        "support": 81.0
    },
    "5": {
        "precision": 0.5764705882352941,
        "recall": 0.6049382716049383,
        "f1-score": 0.5903614457831325,
        "support": 81.0
    },
    "6": {
        "precision": 0.4,
        "recall": 0.32098765432098764,
        "f1-score": 0.3561643835616438,
        "support": 81.0
    },
    "7": {
        "precision": 0.41836734693877553,
        "recall": 0.5061728395061729,
        "f1-score": 0.4581005586592179,
        "support": 81.0
    },
    "8": {
        "precision": 0.4936708860759494,
        "recall": 0.48148148148148145,
        "f1-score": 0.4875,
        "support": 81.0
    },
    "9": {
        "precision": 0.6052631578947368,
        "recall": 0.5679012345679012,
        "f1-score": 0.5859872611464968,
        "support": 81.0
    },
    "micro avg": {
        "precision": 0.6389684813753582,
        "recall": 0.6117969821673526,
        "f1-score": 0.6250875963559915,
        "support": 729.0
    },
    "macro avg": {
        "precision": 0.648999355707442,
        "recall": 0.6117969821673525,
        "f1-score": 0.627344787866358,
        "support": 729.0
    },
    "weighted avg": {
        "precision": 0.648999355707442,
        "recall": 0.6117969821673526,
        "f1-score": 0.627344787866358,
        "support": 729.0
    },
    "accuracy": 0.6117969821673526
}