{
    "2": {
        "precision": 0.9814814814814815,
        "recall": 0.9814814814814815,
        "f1-score": 0.9814814814814815,
        "support": 54.0
    },
    "3": {
        "precision": 1.0,
        "recall": 0.9473684210526315,
        "f1-score": 0.972972972972973,
        "support": 57.0
    },
    "4": {
        "precision": 0.9322033898305084,
        "recall": 1.0,
        "f1-score": 0.9649122807017544,
        "support": 55.0
    },
    "5": {
        "precision": 0.9318181818181818,
        "recall": 0.9318181818181818,
        "f1-score": 0.9318181818181818,
        "support": 44.0
    },
    "6": {
        "precision": 0.9056603773584906,
        "recall": 0.8275862068965517,
        "f1-score": 0.8648648648648649,
        "support": 58.0
    },
    "7": {
        "precision": 0.8604651162790697,
        "recall": 0.7115384615384616,
        "f1-score": 0.7789473684210526,
        "support": 52.0
    },
    "8": {
        "precision": 0.746031746031746,
        "recall": 0.8245614035087719,
        "f1-score": 0.7833333333333333,
        "support": 57.0
    },
    "9": {
        "precision": 0.7571428571428571,
        "recall": 0.8833333333333333,
        "f1-score": 0.8153846153846154,
        "support": 60.0
    },
    "10": {
        "precision": 0.8461538461538461,
        "recall": 0.6111111111111112,
        "f1-score": 0.7096774193548387,
        "support": 54.0
    },
    "micro avg": {
        "precision": 0.8789144050104384,
        "recall": 0.8574338085539714,
        "f1-score": 0.8680412371134021,
        "support": 491.0
    },
    "macro avg": {
        "precision": 0.8845507773440201,
        "recall": 0.8576442889711693,
        "f1-score": 0.8670436131481218,
        "support": 491.0
    },
    "weighted avg": {
        "precision": 0.8822573584901644,
        "recall": 0.8574338085539714,
        "f1-score": 0.8657692826605927,
        "support": 491.0
    }
}