{
    "1": {
        "precision": 1.0,
        "recall": 1.0,
        "f1-score": 1.0,
        "support": 1944.0
    },
    "2": {
        "precision": 0.9925847457627118,
        "recall": 0.9639917695473251,
        "f1-score": 0.9780793319415448,
        "support": 1944.0
    },
    "3": {
        "precision": 0.9234375,
        "recall": 0.9120370370370371,
        "f1-score": 0.9177018633540373,
        "support": 1944.0
    },
    "4": {
        "precision": 0.8217189314750291,
        "recall": 0.727880658436214,
        "f1-score": 0.7719585379159847,
        "support": 1944.0
    },
    "5": {
        "precision": 0.6494105586878524,
        "recall": 0.6517489711934157,
        "f1-score": 0.6505776636713736,
        "support": 1944.0
    },
    "6": {
        "precision": 0.5696132596685083,
        "recall": 0.5303497942386831,
        "f1-score": 0.5492807671816728,
        "support": 1944.0
    },
    "7": {
        "precision": 0.48931942374565324,
        "recall": 0.5066872427983539,
        "f1-score": 0.49785190801111956,
        "support": 1944.0
    },
    "8": {
        "precision": 0.4478164322723908,
        "recall": 0.31121399176954734,
        "f1-score": 0.36722306525037934,
        "support": 1944.0
    },
    "9": {
        "precision": 0.4466743119266055,
        "recall": 0.4007201646090535,
        "f1-score": 0.4224511930585683,
        "support": 1944.0
    },
    "micro avg": {
        "precision": 0.714250749556385,
        "recall": 0.6671810699588477,
        "f1-score": 0.6899140045509619,
        "support": 17496.0
    },
    "macro avg": {
        "precision": 0.7045083515043058,
        "recall": 0.6671810699588477,
        "f1-score": 0.6839027033760756,
        "support": 17496.0
    },
    "weighted avg": {
        "precision": 0.7045083515043057,
        "recall": 0.6671810699588477,
        "f1-score": 0.6839027033760756,
        "support": 17496.0
    },
    "accuracy": 0.6671810699588477
}