{
    "1": {
        "precision": 1.0,
        "recall": 1.0,
        "f1-score": 1.0,
        "support": 81.0
    },
    "2": {
        "precision": 1.0,
        "recall": 0.8395061728395061,
        "f1-score": 0.912751677852349,
        "support": 81.0
    },
    "3": {
        "precision": 0.7678571428571429,
        "recall": 0.5308641975308642,
        "f1-score": 0.6277372262773723,
        "support": 81.0
    },
    "4": {
        "precision": 0.07894736842105263,
        "recall": 0.037037037037037035,
        "f1-score": 0.05042016806722689,
        "support": 81.0
    },
    "5": {
        "precision": 0.06451612903225806,
        "recall": 0.04938271604938271,
        "f1-score": 0.055944055944055944,
        "support": 81.0
    },
    "6": {
        "precision": 0.0,
        "recall": 0.0,
        "f1-score": 0.0,
        "support": 81.0
    },
    "7": {
        "precision": 0.03614457831325301,
        "recall": 0.037037037037037035,
        "f1-score": 0.036585365853658534,
        "support": 81.0
    },
    "8": {
        "precision": 0.13008130081300814,
        "recall": 0.19753086419753085,
        "f1-score": 0.1568627450980392,
        "support": 81.0
    },
    "9": {
        "precision": 0.23809523809523808,
        "recall": 0.24691358024691357,
        "f1-score": 0.24242424242424243,
        "support": 81.0
    },
    "micro avg": {
        "precision": 0.3730407523510972,
        "recall": 0.32647462277091904,
        "f1-score": 0.34820775420629113,
        "support": 729.0
    },
    "macro avg": {
        "precision": 0.36840463972577253,
        "recall": 0.32647462277091904,
        "f1-score": 0.3425250535018827,
        "support": 729.0
    },
    "weighted avg": {
        "precision": 0.3684046397257726,
        "recall": 0.32647462277091904,
        "f1-score": 0.34252505350188267,
        "support": 729.0
    },
    "accuracy": 0.32647462277091904
}