{
    "2": {
        "precision": 1.0,
        "recall": 0.8163265306122449,
        "f1-score": 0.898876404494382,
        "support": 49.0
    },
    "3": {
        "precision": 0.8235294117647058,
        "recall": 0.8571428571428571,
        "f1-score": 0.84,
        "support": 49.0
    },
    "4": {
        "precision": 0.78125,
        "recall": 0.5102040816326531,
        "f1-score": 0.6172839506172839,
        "support": 49.0
    },
    "5": {
        "precision": 0.5555555555555556,
        "recall": 0.6122448979591837,
        "f1-score": 0.5825242718446602,
        "support": 49.0
    },
    "6": {
        "precision": 0.5384615384615384,
        "recall": 0.42857142857142855,
        "f1-score": 0.4772727272727273,
        "support": 49.0
    },
    "7": {
        "precision": 0.39622641509433965,
        "recall": 0.42857142857142855,
        "f1-score": 0.4117647058823529,
        "support": 49.0
    },
    "8": {
        "precision": 0.43902439024390244,
        "recall": 0.3673469387755102,
        "f1-score": 0.4,
        "support": 49.0
    },
    "9": {
        "precision": 0.5487804878048781,
        "recall": 0.9183673469387755,
        "f1-score": 0.6870229007633588,
        "support": 49.0
    },
    "accuracy": 0.6173469387755102,
    "macro avg": {
        "precision": 0.635353474865615,
        "recall": 0.6173469387755102,
        "f1-score": 0.6143431201093457,
        "support": 392.0
    },
    "weighted avg": {
        "precision": 0.635353474865615,
        "recall": 0.6173469387755102,
        "f1-score": 0.6143431201093456,
        "support": 392.0
    }
}