{
    "2": {
        "precision": 1.0,
        "recall": 1.0,
        "f1-score": 1.0,
        "support": 49.0
    },
    "3": {
        "precision": 0.98,
        "recall": 1.0,
        "f1-score": 0.98989898989899,
        "support": 49.0
    },
    "4": {
        "precision": 1.0,
        "recall": 1.0,
        "f1-score": 1.0,
        "support": 49.0
    },
    "5": {
        "precision": 1.0,
        "recall": 0.3673469387755102,
        "f1-score": 0.5373134328358209,
        "support": 49.0
    },
    "6": {
        "precision": 0.5106382978723404,
        "recall": 0.9795918367346939,
        "f1-score": 0.6713286713286714,
        "support": 49.0
    },
    "7": {
        "precision": 1.0,
        "recall": 0.02040816326530612,
        "f1-score": 0.04,
        "support": 49.0
    },
    "8": {
        "precision": 0.35185185185185186,
        "recall": 0.3877551020408163,
        "f1-score": 0.36893203883495146,
        "support": 49.0
    },
    "9": {
        "precision": 0.33766233766233766,
        "recall": 0.5306122448979592,
        "f1-score": 0.4126984126984127,
        "support": 49.0
    },
    "accuracy": 0.6607142857142857,
    "macro avg": {
        "precision": 0.7725190609233162,
        "recall": 0.6607142857142857,
        "f1-score": 0.6275214431996059,
        "support": 392.0
    },
    "weighted avg": {
        "precision": 0.7725190609233161,
        "recall": 0.6607142857142857,
        "f1-score": 0.6275214431996057,
        "support": 392.0
    }
}