{
    "2": {
        "precision": 1.0,
        "recall": 0.6326530612244898,
        "f1-score": 0.775,
        "support": 49.0
    },
    "3": {
        "precision": 0.7258064516129032,
        "recall": 0.9183673469387755,
        "f1-score": 0.8108108108108109,
        "support": 49.0
    },
    "4": {
        "precision": 0.86,
        "recall": 0.8775510204081632,
        "f1-score": 0.8686868686868687,
        "support": 49.0
    },
    "5": {
        "precision": 0.8,
        "recall": 0.8163265306122449,
        "f1-score": 0.8080808080808081,
        "support": 49.0
    },
    "6": {
        "precision": 0.6417910447761194,
        "recall": 0.8775510204081632,
        "f1-score": 0.7413793103448276,
        "support": 49.0
    },
    "7": {
        "precision": 0.5254237288135594,
        "recall": 0.6326530612244898,
        "f1-score": 0.5740740740740741,
        "support": 49.0
    },
    "8": {
        "precision": 0.3472222222222222,
        "recall": 0.5102040816326531,
        "f1-score": 0.4132231404958678,
        "support": 49.0
    },
    "9": {
        "precision": 1.0,
        "recall": 0.02040816326530612,
        "f1-score": 0.04,
        "support": 49.0
    },
    "accuracy": 0.6607142857142857,
    "macro avg": {
        "precision": 0.7375304309281006,
        "recall": 0.6607142857142857,
        "f1-score": 0.6289068765616572,
        "support": 392.0
    },
    "weighted avg": {
        "precision": 0.7375304309281006,
        "recall": 0.6607142857142857,
        "f1-score": 0.6289068765616571,
        "support": 392.0
    }
}