{
    "1": {
        "precision": 1.0,
        "recall": 0.9876543209876543,
        "f1-score": 0.9937888198757764,
        "support": 81.0
    },
    "2": {
        "precision": 0.9866666666666667,
        "recall": 0.9135802469135802,
        "f1-score": 0.9487179487179487,
        "support": 81.0
    },
    "3": {
        "precision": 0.9027777777777778,
        "recall": 0.8024691358024691,
        "f1-score": 0.8496732026143791,
        "support": 81.0
    },
    "4": {
        "precision": 0.7777777777777778,
        "recall": 0.691358024691358,
        "f1-score": 0.7320261437908496,
        "support": 81.0
    },
    "5": {
        "precision": 0.6493506493506493,
        "recall": 0.6172839506172839,
        "f1-score": 0.6329113924050633,
        "support": 81.0
    },
    "6": {
        "precision": 0.5342465753424658,
        "recall": 0.48148148148148145,
        "f1-score": 0.5064935064935064,
        "support": 81.0
    },
    "7": {
        "precision": 0.5212765957446809,
        "recall": 0.6049382716049383,
        "f1-score": 0.56,
        "support": 81.0
    },
    "8": {
        "precision": 0.5543478260869565,
        "recall": 0.6296296296296297,
        "f1-score": 0.5895953757225434,
        "support": 81.0
    },
    "9": {
        "precision": 0.6623376623376623,
        "recall": 0.6296296296296297,
        "f1-score": 0.6455696202531646,
        "support": 81.0
    },
    "micro avg": {
        "precision": 0.723314606741573,
        "recall": 0.7064471879286695,
        "f1-score": 0.7147814018043026,
        "support": 729.0
    },
    "macro avg": {
        "precision": 0.732086836787182,
        "recall": 0.7064471879286695,
        "f1-score": 0.7176417788748035,
        "support": 729.0
    },
    "weighted avg": {
        "precision": 0.7320868367871819,
        "recall": 0.7064471879286695,
        "f1-score": 0.7176417788748035,
        "support": 729.0
    },
    "accuracy": 0.7064471879286695
}