{
    "2": {
        "precision": 1.0,
        "recall": 0.8367346938775511,
        "f1-score": 0.9111111111111111,
        "support": 49.0
    },
    "3": {
        "precision": 0.9354838709677419,
        "recall": 0.5918367346938775,
        "f1-score": 0.725,
        "support": 49.0
    },
    "4": {
        "precision": 0.5757575757575758,
        "recall": 0.7755102040816326,
        "f1-score": 0.6608695652173913,
        "support": 49.0
    },
    "5": {
        "precision": 0.8235294117647058,
        "recall": 0.2857142857142857,
        "f1-score": 0.42424242424242425,
        "support": 49.0
    },
    "6": {
        "precision": 0.36363636363636365,
        "recall": 0.5714285714285714,
        "f1-score": 0.4444444444444444,
        "support": 49.0
    },
    "7": {
        "precision": 0.6944444444444444,
        "recall": 0.5102040816326531,
        "f1-score": 0.5882352941176471,
        "support": 49.0
    },
    "8": {
        "precision": 0.40816326530612246,
        "recall": 0.40816326530612246,
        "f1-score": 0.40816326530612246,
        "support": 49.0
    },
    "9": {
        "precision": 0.64,
        "recall": 0.9795918367346939,
        "f1-score": 0.7741935483870968,
        "support": 49.0
    },
    "accuracy": 0.6198979591836735,
    "macro avg": {
        "precision": 0.6801268664846193,
        "recall": 0.6198979591836734,
        "f1-score": 0.6170324566032797,
        "support": 392.0
    },
    "weighted avg": {
        "precision": 0.6801268664846192,
        "recall": 0.6198979591836735,
        "f1-score": 0.6170324566032798,
        "support": 392.0
    }
}