{
    "2": {
        "precision": 0.5975609756097561,
        "recall": 1.0,
        "f1-score": 0.7480916030534351,
        "support": 49.0
    },
    "3": {
        "precision": 0.8571428571428571,
        "recall": 0.8571428571428571,
        "f1-score": 0.8571428571428571,
        "support": 49.0
    },
    "4": {
        "precision": 0.55,
        "recall": 0.673469387755102,
        "f1-score": 0.6055045871559633,
        "support": 49.0
    },
    "5": {
        "precision": 1.0,
        "recall": 0.16326530612244897,
        "f1-score": 0.2807017543859649,
        "support": 49.0
    },
    "6": {
        "precision": 1.0,
        "recall": 0.8775510204081632,
        "f1-score": 0.9347826086956522,
        "support": 49.0
    },
    "7": {
        "precision": 0.6666666666666666,
        "recall": 0.6530612244897959,
        "f1-score": 0.6597938144329897,
        "support": 49.0
    },
    "8": {
        "precision": 0.0,
        "recall": 0.0,
        "f1-score": 0.0,
        "support": 49.0
    },
    "9": {
        "precision": 0.4803921568627451,
        "recall": 1.0,
        "f1-score": 0.6490066225165563,
        "support": 49.0
    },
    "accuracy": 0.6530612244897959,
    "macro avg": {
        "precision": 0.6439703320352531,
        "recall": 0.653061224489796,
        "f1-score": 0.5918779809229273,
        "support": 392.0
    },
    "weighted avg": {
        "precision": 0.6439703320352531,
        "recall": 0.6530612244897959,
        "f1-score": 0.5918779809229274,
        "support": 392.0
    }
}