{
    "1": {
        "precision": 1.0,
        "recall": 0.6790123456790124,
        "f1-score": 0.8088235294117647,
        "support": 81.0
    },
    "2": {
        "precision": 0.7078651685393258,
        "recall": 0.7777777777777778,
        "f1-score": 0.7411764705882353,
        "support": 81.0
    },
    "3": {
        "precision": 0.8518518518518519,
        "recall": 0.8518518518518519,
        "f1-score": 0.8518518518518519,
        "support": 81.0
    },
    "4": {
        "precision": 0.7727272727272727,
        "recall": 0.8395061728395061,
        "f1-score": 0.8047337278106509,
        "support": 81.0
    },
    "5": {
        "precision": 0.6703296703296703,
        "recall": 0.7530864197530864,
        "f1-score": 0.7093023255813954,
        "support": 81.0
    },
    "6": {
        "precision": 0.5046728971962616,
        "recall": 0.6666666666666666,
        "f1-score": 0.574468085106383,
        "support": 81.0
    },
    "7": {
        "precision": 0.2564102564102564,
        "recall": 0.49382716049382713,
        "f1-score": 0.33755274261603374,
        "support": 81.0
    },
    "8": {
        "precision": 0.25,
        "recall": 0.13580246913580246,
        "f1-score": 0.176,
        "support": 81.0
    },
    "9": {
        "precision": 0.6111111111111112,
        "recall": 0.13580246913580246,
        "f1-score": 0.2222222222222222,
        "support": 81.0
    },
    "accuracy": 0.5925925925925926,
    "macro avg": {
        "precision": 0.6249964697961945,
        "recall": 0.5925925925925926,
        "f1-score": 0.5806812172431708,
        "support": 729.0
    },
    "weighted avg": {
        "precision": 0.6249964697961944,
        "recall": 0.5925925925925926,
        "f1-score": 0.5806812172431708,
        "support": 729.0
    }
}