{
    "2": {
        "precision": 0.6133333333333333,
        "recall": 0.7796610169491526,
        "f1-score": 0.6865671641791045,
        "support": 59.0
    },
    "3": {
        "precision": 0.6833333333333333,
        "recall": 0.6833333333333333,
        "f1-score": 0.6833333333333333,
        "support": 60.0
    },
    "4": {
        "precision": 0.5873015873015873,
        "recall": 0.6166666666666667,
        "f1-score": 0.6016260162601627,
        "support": 60.0
    },
    "5": {
        "precision": 0.6551724137931034,
        "recall": 0.31666666666666665,
        "f1-score": 0.42696629213483145,
        "support": 60.0
    },
    "6": {
        "precision": 0.5227272727272727,
        "recall": 0.39655172413793105,
        "f1-score": 0.45098039215686275,
        "support": 58.0
    },
    "7": {
        "precision": 0.6,
        "recall": 0.26785714285714285,
        "f1-score": 0.37037037037037035,
        "support": 56.0
    },
    "8": {
        "precision": 0.49122807017543857,
        "recall": 0.4745762711864407,
        "f1-score": 0.4827586206896552,
        "support": 59.0
    },
    "9": {
        "precision": 0.5714285714285714,
        "recall": 0.13559322033898305,
        "f1-score": 0.2191780821917808,
        "support": 59.0
    },
    "micro avg": {
        "precision": 0.5912806539509536,
        "recall": 0.4607218683651805,
        "f1-score": 0.5178997613365155,
        "support": 471.0
    },
    "macro avg": {
        "precision": 0.59056557276158,
        "recall": 0.45886325526703964,
        "f1-score": 0.49022253391451265,
        "support": 471.0
    },
    "weighted avg": {
        "precision": 0.5909767099897378,
        "recall": 0.4607218683651805,
        "f1-score": 0.4915814652783658,
        "support": 471.0
    },
    "accuracy": 0.4607218683651805
}