{
    "2": {
        "precision": 1.0,
        "recall": 1.0,
        "f1-score": 1.0,
        "support": 49.0
    },
    "3": {
        "precision": 0.9056603773584906,
        "recall": 0.9795918367346939,
        "f1-score": 0.9411764705882353,
        "support": 49.0
    },
    "4": {
        "precision": 0.9782608695652174,
        "recall": 0.9183673469387755,
        "f1-score": 0.9473684210526315,
        "support": 49.0
    },
    "5": {
        "precision": 0.9444444444444444,
        "recall": 0.6938775510204082,
        "f1-score": 0.8,
        "support": 49.0
    },
    "6": {
        "precision": 0.6428571428571429,
        "recall": 0.3673469387755102,
        "f1-score": 0.4675324675324675,
        "support": 49.0
    },
    "7": {
        "precision": 0.32142857142857145,
        "recall": 0.1836734693877551,
        "f1-score": 0.23376623376623376,
        "support": 49.0
    },
    "8": {
        "precision": 0.19230769230769232,
        "recall": 0.20408163265306123,
        "f1-score": 0.19801980198019803,
        "support": 49.0
    },
    "9": {
        "precision": 0.41,
        "recall": 0.8367346938775511,
        "f1-score": 0.5503355704697986,
        "support": 49.0
    },
    "accuracy": 0.6479591836734694,
    "macro avg": {
        "precision": 0.6743698872451949,
        "recall": 0.6479591836734694,
        "f1-score": 0.6422748706736956,
        "support": 392.0
    },
    "weighted avg": {
        "precision": 0.6743698872451949,
        "recall": 0.6479591836734694,
        "f1-score": 0.6422748706736957,
        "support": 392.0
    }
}