{
    "2": {
        "precision": 1.0,
        "recall": 0.061224489795918366,
        "f1-score": 0.11538461538461539,
        "support": 49.0
    },
    "3": {
        "precision": 0.45454545454545453,
        "recall": 0.7142857142857143,
        "f1-score": 0.5555555555555556,
        "support": 49.0
    },
    "4": {
        "precision": 0.5,
        "recall": 0.5306122448979592,
        "f1-score": 0.5148514851485149,
        "support": 49.0
    },
    "5": {
        "precision": 0.42857142857142855,
        "recall": 0.3673469387755102,
        "f1-score": 0.3956043956043956,
        "support": 49.0
    },
    "6": {
        "precision": 0.13043478260869565,
        "recall": 0.12244897959183673,
        "f1-score": 0.12631578947368421,
        "support": 49.0
    },
    "7": {
        "precision": 0.3333333333333333,
        "recall": 0.02040816326530612,
        "f1-score": 0.038461538461538464,
        "support": 49.0
    },
    "8": {
        "precision": 0.22950819672131148,
        "recall": 0.5714285714285714,
        "f1-score": 0.32748538011695905,
        "support": 49.0
    },
    "9": {
        "precision": 0.2978723404255319,
        "recall": 0.2857142857142857,
        "f1-score": 0.2916666666666667,
        "support": 49.0
    },
    "accuracy": 0.33418367346938777,
    "macro avg": {
        "precision": 0.4217831920257194,
        "recall": 0.33418367346938777,
        "f1-score": 0.29566567830149126,
        "support": 392.0
    },
    "weighted avg": {
        "precision": 0.42178319202571946,
        "recall": 0.33418367346938777,
        "f1-score": 0.2956656783014912,
        "support": 392.0
    }
}