{
    "1": {
        "precision": 1.0,
        "recall": 1.0,
        "f1-score": 1.0,
        "support": 81.0
    },
    "2": {
        "precision": 0.9310344827586207,
        "recall": 1.0,
        "f1-score": 0.9642857142857143,
        "support": 81.0
    },
    "3": {
        "precision": 0.92,
        "recall": 0.8518518518518519,
        "f1-score": 0.8846153846153846,
        "support": 81.0
    },
    "4": {
        "precision": 0.8518518518518519,
        "recall": 0.5679012345679012,
        "f1-score": 0.6814814814814815,
        "support": 81.0
    },
    "5": {
        "precision": 0.5857142857142857,
        "recall": 0.5061728395061729,
        "f1-score": 0.543046357615894,
        "support": 81.0
    },
    "6": {
        "precision": 0.3829787234042553,
        "recall": 0.2222222222222222,
        "f1-score": 0.28125,
        "support": 81.0
    },
    "7": {
        "precision": 0.2653061224489796,
        "recall": 0.16049382716049382,
        "f1-score": 0.2,
        "support": 81.0
    },
    "8": {
        "precision": 0.30625,
        "recall": 0.6049382716049383,
        "f1-score": 0.4066390041493776,
        "support": 81.0
    },
    "9": {
        "precision": 0.6538461538461539,
        "recall": 0.20987654320987653,
        "f1-score": 0.3177570093457944,
        "support": 81.0
    },
    "micro avg": {
        "precision": 0.6394453004622496,
        "recall": 0.5692729766803841,
        "f1-score": 0.602322206095791,
        "support": 729.0
    },
    "macro avg": {
        "precision": 0.655220180002683,
        "recall": 0.5692729766803841,
        "f1-score": 0.5865638834992941,
        "support": 729.0
    },
    "weighted avg": {
        "precision": 0.6552201800026829,
        "recall": 0.5692729766803841,
        "f1-score": 0.586563883499294,
        "support": 729.0
    },
    "accuracy": 0.5692729766803841
}