{
    "2": {
        "precision": 0.0,
        "recall": 0.0,
        "f1-score": 0.0,
        "support": 49.0
    },
    "3": {
        "precision": 0.0,
        "recall": 0.0,
        "f1-score": 0.0,
        "support": 49.0
    },
    "4": {
        "precision": 0.2893081761006289,
        "recall": 0.9387755102040817,
        "f1-score": 0.4423076923076923,
        "support": 49.0
    },
    "5": {
        "precision": 0.2857142857142857,
        "recall": 0.12244897959183673,
        "f1-score": 0.17142857142857143,
        "support": 49.0
    },
    "6": {
        "precision": 0.15469613259668508,
        "recall": 0.5714285714285714,
        "f1-score": 0.24347826086956523,
        "support": 49.0
    },
    "7": {
        "precision": 0.0,
        "recall": 0.0,
        "f1-score": 0.0,
        "support": 49.0
    },
    "8": {
        "precision": 0.42857142857142855,
        "recall": 0.1836734693877551,
        "f1-score": 0.2571428571428571,
        "support": 49.0
    },
    "9": {
        "precision": 0.0,
        "recall": 0.0,
        "f1-score": 0.0,
        "support": 49.0
    },
    "accuracy": 0.22704081632653061,
    "macro avg": {
        "precision": 0.14478625287287855,
        "recall": 0.22704081632653061,
        "f1-score": 0.13929467271858575,
        "support": 392.0
    },
    "weighted avg": {
        "precision": 0.14478625287287855,
        "recall": 0.22704081632653061,
        "f1-score": 0.13929467271858575,
        "support": 392.0
    }
}