{
    "1": {
        "precision": 1.0,
        "recall": 1.0,
        "f1-score": 1.0,
        "support": 81.0
    },
    "2": {
        "precision": 1.0,
        "recall": 0.9382716049382716,
        "f1-score": 0.9681528662420382,
        "support": 81.0
    },
    "3": {
        "precision": 0.9038461538461539,
        "recall": 0.5802469135802469,
        "f1-score": 0.706766917293233,
        "support": 81.0
    },
    "4": {
        "precision": 0.0625,
        "recall": 0.024691358024691357,
        "f1-score": 0.035398230088495575,
        "support": 81.0
    },
    "5": {
        "precision": 0.0410958904109589,
        "recall": 0.037037037037037035,
        "f1-score": 0.03896103896103896,
        "support": 81.0
    },
    "6": {
        "precision": 0.020833333333333332,
        "recall": 0.012345679012345678,
        "f1-score": 0.015503875968992248,
        "support": 81.0
    },
    "7": {
        "precision": 0.0136986301369863,
        "recall": 0.012345679012345678,
        "f1-score": 0.012987012987012988,
        "support": 81.0
    },
    "8": {
        "precision": 0.1347517730496454,
        "recall": 0.2345679012345679,
        "f1-score": 0.17117117117117117,
        "support": 81.0
    },
    "9": {
        "precision": 0.3626373626373626,
        "recall": 0.4074074074074074,
        "f1-score": 0.38372093023255816,
        "support": 81.0
    },
    "micro avg": {
        "precision": 0.39430284857571213,
        "recall": 0.3607681755829904,
        "f1-score": 0.37679083094555876,
        "support": 729.0
    },
    "macro avg": {
        "precision": 0.3932625714904934,
        "recall": 0.36076817558299035,
        "f1-score": 0.3702957825493934,
        "support": 729.0
    },
    "weighted avg": {
        "precision": 0.3932625714904934,
        "recall": 0.3607681755829904,
        "f1-score": 0.3702957825493933,
        "support": 729.0
    },
    "accuracy": 0.3607681755829904
}