{
    "2": {
        "precision": 1.0,
        "recall": 1.0,
        "f1-score": 1.0,
        "support": 49.0
    },
    "3": {
        "precision": 1.0,
        "recall": 1.0,
        "f1-score": 1.0,
        "support": 49.0
    },
    "4": {
        "precision": 0.9591836734693877,
        "recall": 0.9591836734693877,
        "f1-score": 0.9591836734693877,
        "support": 49.0
    },
    "5": {
        "precision": 0.8775510204081632,
        "recall": 0.8775510204081632,
        "f1-score": 0.8775510204081632,
        "support": 49.0
    },
    "6": {
        "precision": 0.868421052631579,
        "recall": 0.673469387755102,
        "f1-score": 0.7586206896551724,
        "support": 49.0
    },
    "7": {
        "precision": 0.5866666666666667,
        "recall": 0.8979591836734694,
        "f1-score": 0.7096774193548387,
        "support": 49.0
    },
    "8": {
        "precision": 0.6578947368421053,
        "recall": 0.5102040816326531,
        "f1-score": 0.5747126436781609,
        "support": 49.0
    },
    "9": {
        "precision": 0.8666666666666667,
        "recall": 0.7959183673469388,
        "f1-score": 0.8297872340425532,
        "support": 49.0
    },
    "accuracy": 0.8392857142857143,
    "macro avg": {
        "precision": 0.8520479770855711,
        "recall": 0.8392857142857143,
        "f1-score": 0.8386915850760345,
        "support": 392.0
    },
    "weighted avg": {
        "precision": 0.8520479770855711,
        "recall": 0.8392857142857143,
        "f1-score": 0.8386915850760346,
        "support": 392.0
    }
}