{
    "2": {
        "precision": 1.0,
        "recall": 0.8979591836734694,
        "f1-score": 0.946236559139785,
        "support": 49.0
    },
    "3": {
        "precision": 0.8780487804878049,
        "recall": 0.7346938775510204,
        "f1-score": 0.8,
        "support": 49.0
    },
    "4": {
        "precision": 0.723404255319149,
        "recall": 0.6938775510204082,
        "f1-score": 0.7083333333333334,
        "support": 49.0
    },
    "5": {
        "precision": 0.68,
        "recall": 0.6938775510204082,
        "f1-score": 0.6868686868686869,
        "support": 49.0
    },
    "6": {
        "precision": 0.5294117647058824,
        "recall": 0.3673469387755102,
        "f1-score": 0.43373493975903615,
        "support": 49.0
    },
    "7": {
        "precision": 0.4943820224719101,
        "recall": 0.8979591836734694,
        "f1-score": 0.6376811594202898,
        "support": 49.0
    },
    "8": {
        "precision": 0.4857142857142857,
        "recall": 0.6938775510204082,
        "f1-score": 0.5714285714285714,
        "support": 49.0
    },
    "9": {
        "precision": 0.9411764705882353,
        "recall": 0.32653061224489793,
        "f1-score": 0.48484848484848486,
        "support": 49.0
    },
    "accuracy": 0.6632653061224489,
    "macro avg": {
        "precision": 0.7165171974109084,
        "recall": 0.6632653061224489,
        "f1-score": 0.6586414668497735,
        "support": 392.0
    },
    "weighted avg": {
        "precision": 0.7165171974109085,
        "recall": 0.6632653061224489,
        "f1-score": 0.6586414668497734,
        "support": 392.0
    }
}