{
    "1": {
        "precision": 1.0,
        "recall": 1.0,
        "f1-score": 1.0,
        "support": 81.0
    },
    "2": {
        "precision": 1.0,
        "recall": 1.0,
        "f1-score": 1.0,
        "support": 81.0
    },
    "3": {
        "precision": 1.0,
        "recall": 1.0,
        "f1-score": 1.0,
        "support": 81.0
    },
    "4": {
        "precision": 1.0,
        "recall": 0.9629629629629629,
        "f1-score": 0.9811320754716981,
        "support": 81.0
    },
    "5": {
        "precision": 0.9375,
        "recall": 0.9259259259259259,
        "f1-score": 0.9316770186335404,
        "support": 81.0
    },
    "6": {
        "precision": 0.8823529411764706,
        "recall": 0.9259259259259259,
        "f1-score": 0.9036144578313253,
        "support": 81.0
    },
    "7": {
        "precision": 0.873015873015873,
        "recall": 0.6790123456790124,
        "f1-score": 0.7638888888888888,
        "support": 81.0
    },
    "8": {
        "precision": 0.6716417910447762,
        "recall": 0.5555555555555556,
        "f1-score": 0.6081081081081081,
        "support": 81.0
    },
    "9": {
        "precision": 0.0,
        "recall": 0.0,
        "f1-score": 0.0,
        "support": 81.0
    },
    "micro avg": {
        "precision": 0.9224555735056543,
        "recall": 0.7832647462277091,
        "f1-score": 0.8471810089020771,
        "support": 729.0
    },
    "macro avg": {
        "precision": 0.8182789561374578,
        "recall": 0.7832647462277093,
        "f1-score": 0.7987133943259512,
        "support": 729.0
    },
    "weighted avg": {
        "precision": 0.8182789561374577,
        "recall": 0.7832647462277091,
        "f1-score": 0.7987133943259511,
        "support": 729.0
    },
    "accuracy": 0.7832647462277091
}