{
    "2": {
        "precision": 0.3333333333333333,
        "recall": 1.0,
        "f1-score": 0.5,
        "support": 49.0
    },
    "3": {
        "precision": 0.5753424657534246,
        "recall": 0.8571428571428571,
        "f1-score": 0.6885245901639344,
        "support": 49.0
    },
    "4": {
        "precision": 0.5,
        "recall": 0.12244897959183673,
        "f1-score": 0.19672131147540983,
        "support": 49.0
    },
    "5": {
        "precision": 0.8,
        "recall": 0.08163265306122448,
        "f1-score": 0.14814814814814814,
        "support": 49.0
    },
    "6": {
        "precision": 1.0,
        "recall": 0.7755102040816326,
        "f1-score": 0.8735632183908046,
        "support": 49.0
    },
    "7": {
        "precision": 0.45652173913043476,
        "recall": 0.42857142857142855,
        "f1-score": 0.4421052631578947,
        "support": 49.0
    },
    "8": {
        "precision": 0.0,
        "recall": 0.0,
        "f1-score": 0.0,
        "support": 49.0
    },
    "9": {
        "precision": 0.6901408450704225,
        "recall": 1.0,
        "f1-score": 0.8166666666666667,
        "support": 49.0
    },
    "accuracy": 0.5331632653061225,
    "macro avg": {
        "precision": 0.544417297910952,
        "recall": 0.5331632653061225,
        "f1-score": 0.4582161497503573,
        "support": 392.0
    },
    "weighted avg": {
        "precision": 0.544417297910952,
        "recall": 0.5331632653061225,
        "f1-score": 0.4582161497503573,
        "support": 392.0
    }
}