{
    "1": {
        "precision": 1.0,
        "recall": 1.0,
        "f1-score": 1.0,
        "support": 81.0
    },
    "2": {
        "precision": 1.0,
        "recall": 0.9259259259259259,
        "f1-score": 0.9615384615384616,
        "support": 81.0
    },
    "3": {
        "precision": 0.918918918918919,
        "recall": 0.8395061728395061,
        "f1-score": 0.8774193548387097,
        "support": 81.0
    },
    "4": {
        "precision": 0.6829268292682927,
        "recall": 0.345679012345679,
        "f1-score": 0.45901639344262296,
        "support": 81.0
    },
    "5": {
        "precision": 0.36904761904761907,
        "recall": 0.38271604938271603,
        "f1-score": 0.37575757575757573,
        "support": 81.0
    },
    "6": {
        "precision": 0.2647058823529412,
        "recall": 0.2222222222222222,
        "f1-score": 0.24161073825503357,
        "support": 81.0
    },
    "7": {
        "precision": 0.29069767441860467,
        "recall": 0.30864197530864196,
        "f1-score": 0.2994011976047904,
        "support": 81.0
    },
    "8": {
        "precision": 0.04878048780487805,
        "recall": 0.024691358024691357,
        "f1-score": 0.03278688524590164,
        "support": 81.0
    },
    "9": {
        "precision": 0.06060606060606061,
        "recall": 0.04938271604938271,
        "f1-score": 0.05442176870748299,
        "support": 81.0
    },
    "micro avg": {
        "precision": 0.538961038961039,
        "recall": 0.4554183813443073,
        "f1-score": 0.49368029739776953,
        "support": 729.0
    },
    "macro avg": {
        "precision": 0.5150759413797017,
        "recall": 0.45541838134430734,
        "f1-score": 0.477994708376731,
        "support": 729.0
    },
    "weighted avg": {
        "precision": 0.5150759413797017,
        "recall": 0.4554183813443073,
        "f1-score": 0.4779947083767309,
        "support": 729.0
    },
    "accuracy": 0.4554183813443073
}