{
    "1": {
        "precision": 1.0,
        "recall": 0.7283950617283951,
        "f1-score": 0.8428571428571429,
        "support": 81.0
    },
    "2": {
        "precision": 0.7555555555555555,
        "recall": 0.8395061728395061,
        "f1-score": 0.7953216374269005,
        "support": 81.0
    },
    "3": {
        "precision": 0.8505747126436781,
        "recall": 0.9135802469135802,
        "f1-score": 0.8809523809523809,
        "support": 81.0
    },
    "4": {
        "precision": 0.8620689655172413,
        "recall": 0.9259259259259259,
        "f1-score": 0.8928571428571429,
        "support": 81.0
    },
    "5": {
        "precision": 0.7640449438202247,
        "recall": 0.8395061728395061,
        "f1-score": 0.8,
        "support": 81.0
    },
    "6": {
        "precision": 0.5079365079365079,
        "recall": 0.7901234567901234,
        "f1-score": 0.6183574879227053,
        "support": 81.0
    },
    "7": {
        "precision": 0.25,
        "recall": 0.4074074074074074,
        "f1-score": 0.30985915492957744,
        "support": 81.0
    },
    "8": {
        "precision": 0.20930232558139536,
        "recall": 0.1111111111111111,
        "f1-score": 0.14516129032258066,
        "support": 81.0
    },
    "9": {
        "precision": 0.875,
        "recall": 0.1728395061728395,
        "f1-score": 0.28865979381443296,
        "support": 81.0
    },
    "accuracy": 0.6364883401920439,
    "macro avg": {
        "precision": 0.6749425567838448,
        "recall": 0.6364883401920438,
        "f1-score": 0.6193362256758737,
        "support": 729.0
    },
    "weighted avg": {
        "precision": 0.6749425567838447,
        "recall": 0.6364883401920439,
        "f1-score": 0.6193362256758738,
        "support": 729.0
    }
}