{
    "2": {
        "precision": 1.0,
        "recall": 0.6326530612244898,
        "f1-score": 0.775,
        "support": 49.0
    },
    "3": {
        "precision": 0.5205479452054794,
        "recall": 0.7755102040816326,
        "f1-score": 0.6229508196721312,
        "support": 49.0
    },
    "4": {
        "precision": 0.4406779661016949,
        "recall": 0.5306122448979592,
        "f1-score": 0.48148148148148145,
        "support": 49.0
    },
    "5": {
        "precision": 0.45454545454545453,
        "recall": 0.5102040816326531,
        "f1-score": 0.4807692307692308,
        "support": 49.0
    },
    "6": {
        "precision": 0.23076923076923078,
        "recall": 0.12244897959183673,
        "f1-score": 0.16,
        "support": 49.0
    },
    "7": {
        "precision": 0.5,
        "recall": 0.02040816326530612,
        "f1-score": 0.0392156862745098,
        "support": 49.0
    },
    "8": {
        "precision": 0.29464285714285715,
        "recall": 0.673469387755102,
        "f1-score": 0.40993788819875776,
        "support": 49.0
    },
    "9": {
        "precision": 0.29411764705882354,
        "recall": 0.20408163265306123,
        "f1-score": 0.24096385542168675,
        "support": 49.0
    },
    "accuracy": 0.4336734693877551,
    "macro avg": {
        "precision": 0.4669126376029425,
        "recall": 0.4336734693877551,
        "f1-score": 0.40128987022722473,
        "support": 392.0
    },
    "weighted avg": {
        "precision": 0.46691263760294255,
        "recall": 0.4336734693877551,
        "f1-score": 0.40128987022722473,
        "support": 392.0
    }
}