{
    "1": {
        "precision": 1.0,
        "recall": 1.0,
        "f1-score": 1.0,
        "support": 81.0
    },
    "2": {
        "precision": 1.0,
        "recall": 0.7901234567901234,
        "f1-score": 0.8827586206896552,
        "support": 81.0
    },
    "3": {
        "precision": 0.7733333333333333,
        "recall": 0.7160493827160493,
        "f1-score": 0.7435897435897436,
        "support": 81.0
    },
    "4": {
        "precision": 0.6666666666666666,
        "recall": 0.6419753086419753,
        "f1-score": 0.6540880503144654,
        "support": 81.0
    },
    "5": {
        "precision": 0.5584415584415584,
        "recall": 0.5308641975308642,
        "f1-score": 0.5443037974683544,
        "support": 81.0
    },
    "6": {
        "precision": 0.42028985507246375,
        "recall": 0.35802469135802467,
        "f1-score": 0.38666666666666666,
        "support": 81.0
    },
    "7": {
        "precision": 0.4024390243902439,
        "recall": 0.4074074074074074,
        "f1-score": 0.4049079754601227,
        "support": 81.0
    },
    "8": {
        "precision": 0.33766233766233766,
        "recall": 0.32098765432098764,
        "f1-score": 0.3291139240506329,
        "support": 81.0
    },
    "9": {
        "precision": 0.4050632911392405,
        "recall": 0.3950617283950617,
        "f1-score": 0.4,
        "support": 81.0
    },
    "micro avg": {
        "precision": 0.6129032258064516,
        "recall": 0.5733882030178327,
        "f1-score": 0.592487597448618,
        "support": 729.0
    },
    "macro avg": {
        "precision": 0.6182106740784271,
        "recall": 0.5733882030178327,
        "f1-score": 0.5939365309155158,
        "support": 729.0
    },
    "weighted avg": {
        "precision": 0.6182106740784271,
        "recall": 0.5733882030178327,
        "f1-score": 0.5939365309155156,
        "support": 729.0
    },
    "accuracy": 0.5733882030178327
}