{
    "2": {
        "precision": 1.0,
        "recall": 0.9795918367346939,
        "f1-score": 0.9896907216494846,
        "support": 49.0
    },
    "3": {
        "precision": 0.5697674418604651,
        "recall": 1.0,
        "f1-score": 0.725925925925926,
        "support": 49.0
    },
    "4": {
        "precision": 0.5416666666666666,
        "recall": 0.2653061224489796,
        "f1-score": 0.3561643835616438,
        "support": 49.0
    },
    "5": {
        "precision": 0.8260869565217391,
        "recall": 0.7755102040816326,
        "f1-score": 0.8,
        "support": 49.0
    },
    "6": {
        "precision": 0.5466666666666666,
        "recall": 0.8367346938775511,
        "f1-score": 0.6612903225806451,
        "support": 49.0
    },
    "7": {
        "precision": 0.16346153846153846,
        "recall": 0.3469387755102041,
        "f1-score": 0.2222222222222222,
        "support": 49.0
    },
    "8": {
        "precision": 0.0,
        "recall": 0.0,
        "f1-score": 0.0,
        "support": 49.0
    },
    "9": {
        "precision": 1.0,
        "recall": 0.1836734693877551,
        "f1-score": 0.3103448275862069,
        "support": 49.0
    },
    "accuracy": 0.548469387755102,
    "macro avg": {
        "precision": 0.5809561587721346,
        "recall": 0.548469387755102,
        "f1-score": 0.508204800440766,
        "support": 392.0
    },
    "weighted avg": {
        "precision": 0.5809561587721346,
        "recall": 0.548469387755102,
        "f1-score": 0.5082048004407661,
        "support": 392.0
    }
}