{
    "1": {
        "precision": 0.26724917143717986,
        "recall": 0.9125514403292181,
        "f1-score": 0.41342344441855045,
        "support": 1944.0
    },
    "2": {
        "precision": 0.8761194029850746,
        "recall": 0.9058641975308642,
        "f1-score": 0.8907435508345979,
        "support": 1944.0
    },
    "3": {
        "precision": 0.6352733686067019,
        "recall": 0.926440329218107,
        "f1-score": 0.7537141661435447,
        "support": 1944.0
    },
    "4": {
        "precision": 0.779317697228145,
        "recall": 0.37602880658436216,
        "f1-score": 0.5072866065232478,
        "support": 1944.0
    },
    "5": {
        "precision": 0.5232709873858199,
        "recall": 0.6188271604938271,
        "f1-score": 0.5670516144237567,
        "support": 1944.0
    },
    "6": {
        "precision": 0.5974025974025974,
        "recall": 0.047325102880658436,
        "f1-score": 0.0877025738798856,
        "support": 1944.0
    },
    "7": {
        "precision": 0.3680926916221034,
        "recall": 0.42489711934156377,
        "f1-score": 0.3944603629417383,
        "support": 1944.0
    },
    "8": {
        "precision": 0.3548387096774194,
        "recall": 0.00565843621399177,
        "f1-score": 0.011139240506329114,
        "support": 1944.0
    },
    "9": {
        "precision": 0.654178674351585,
        "recall": 0.11676954732510288,
        "f1-score": 0.19816673941510257,
        "support": 1944.0
    },
    "accuracy": 0.4815957933241884,
    "macro avg": {
        "precision": 0.5617492556329585,
        "recall": 0.4815957933241884,
        "f1-score": 0.4248542554540837,
        "support": 17496.0
    },
    "weighted avg": {
        "precision": 0.5617492556329585,
        "recall": 0.4815957933241884,
        "f1-score": 0.4248542554540836,
        "support": 17496.0
    }
}