{
    "1": {
        "precision": 1.0,
        "recall": 0.6460905349794238,
        "f1-score": 0.785,
        "support": 243.0
    },
    "2": {
        "precision": 0.5686274509803921,
        "recall": 0.4773662551440329,
        "f1-score": 0.5190156599552572,
        "support": 243.0
    },
    "3": {
        "precision": 0.4150197628458498,
        "recall": 0.43209876543209874,
        "f1-score": 0.42338709677419356,
        "support": 243.0
    },
    "4": {
        "precision": 0.3087557603686636,
        "recall": 0.2757201646090535,
        "f1-score": 0.29130434782608694,
        "support": 243.0
    },
    "5": {
        "precision": 0.36036036036036034,
        "recall": 0.1646090534979424,
        "f1-score": 0.22598870056497175,
        "support": 243.0
    },
    "6": {
        "precision": 0.1095890410958904,
        "recall": 0.06584362139917696,
        "f1-score": 0.08226221079691516,
        "support": 243.0
    },
    "7": {
        "precision": 0.0,
        "recall": 0.0,
        "f1-score": 0.0,
        "support": 243.0
    },
    "8": {
        "precision": 0.16510903426791276,
        "recall": 0.43621399176954734,
        "f1-score": 0.23954802259887006,
        "support": 243.0
    },
    "9": {
        "precision": 0.2644444444444444,
        "recall": 0.4897119341563786,
        "f1-score": 0.3434343434343434,
        "support": 243.0
    },
    "micro avg": {
        "precision": 0.3328748280605227,
        "recall": 0.3319615912208505,
        "f1-score": 0.3324175824175824,
        "support": 2187.0
    },
    "macro avg": {
        "precision": 0.35465620604039033,
        "recall": 0.33196159122085045,
        "f1-score": 0.32332670910562644,
        "support": 2187.0
    },
    "weighted avg": {
        "precision": 0.3546562060403904,
        "recall": 0.3319615912208505,
        "f1-score": 0.3233267091056265,
        "support": 2187.0
    },
    "accuracy": 0.3319615912208505
}