{
    "2": {
        "precision": 0.21428571428571427,
        "recall": 0.061224489795918366,
        "f1-score": 0.09523809523809523,
        "support": 49.0
    },
    "3": {
        "precision": 0.2,
        "recall": 0.9795918367346939,
        "f1-score": 0.33217993079584773,
        "support": 49.0
    },
    "4": {
        "precision": 0.16666666666666666,
        "recall": 0.2857142857142857,
        "f1-score": 0.21052631578947367,
        "support": 49.0
    },
    "5": {
        "precision": 0.0,
        "recall": 0.0,
        "f1-score": 0.0,
        "support": 49.0
    },
    "6": {
        "precision": 0.0,
        "recall": 0.0,
        "f1-score": 0.0,
        "support": 49.0
    },
    "7": {
        "precision": 0.0,
        "recall": 0.0,
        "f1-score": 0.0,
        "support": 49.0
    },
    "8": {
        "precision": 0.36363636363636365,
        "recall": 0.08163265306122448,
        "f1-score": 0.13333333333333333,
        "support": 49.0
    },
    "9": {
        "precision": 0.4857142857142857,
        "recall": 0.3469387755102041,
        "f1-score": 0.40476190476190477,
        "support": 49.0
    },
    "accuracy": 0.2193877551020408,
    "macro avg": {
        "precision": 0.17878787878787877,
        "recall": 0.2193877551020408,
        "f1-score": 0.14700494748983184,
        "support": 392.0
    },
    "weighted avg": {
        "precision": 0.1787878787878788,
        "recall": 0.2193877551020408,
        "f1-score": 0.14700494748983184,
        "support": 392.0
    }
}