{
    "2": {
        "precision": 1.0,
        "recall": 0.9795918367346939,
        "f1-score": 0.9896907216494846,
        "support": 49.0
    },
    "3": {
        "precision": 0.9411764705882353,
        "recall": 0.9795918367346939,
        "f1-score": 0.96,
        "support": 49.0
    },
    "4": {
        "precision": 0.9565217391304348,
        "recall": 0.8979591836734694,
        "f1-score": 0.9263157894736842,
        "support": 49.0
    },
    "5": {
        "precision": 0.9,
        "recall": 0.5510204081632653,
        "f1-score": 0.6835443037974683,
        "support": 49.0
    },
    "6": {
        "precision": 0.6716417910447762,
        "recall": 0.9183673469387755,
        "f1-score": 0.7758620689655172,
        "support": 49.0
    },
    "7": {
        "precision": 0.8571428571428571,
        "recall": 0.4897959183673469,
        "f1-score": 0.6233766233766234,
        "support": 49.0
    },
    "8": {
        "precision": 0.43333333333333335,
        "recall": 0.7959183673469388,
        "f1-score": 0.5611510791366906,
        "support": 49.0
    },
    "9": {
        "precision": 0.6875,
        "recall": 0.4489795918367347,
        "f1-score": 0.5432098765432098,
        "support": 49.0
    },
    "accuracy": 0.7576530612244898,
    "macro avg": {
        "precision": 0.8059145239049547,
        "recall": 0.7576530612244898,
        "f1-score": 0.7578938078678348,
        "support": 392.0
    },
    "weighted avg": {
        "precision": 0.8059145239049547,
        "recall": 0.7576530612244898,
        "f1-score": 0.7578938078678348,
        "support": 392.0
    }
}