{
    "2": {
        "precision": 1.0,
        "recall": 0.6530612244897959,
        "f1-score": 0.7901234567901234,
        "support": 49.0
    },
    "3": {
        "precision": 0.7580645161290323,
        "recall": 0.9591836734693877,
        "f1-score": 0.8468468468468469,
        "support": 49.0
    },
    "4": {
        "precision": 0.9347826086956522,
        "recall": 0.8775510204081632,
        "f1-score": 0.9052631578947369,
        "support": 49.0
    },
    "5": {
        "precision": 0.8367346938775511,
        "recall": 0.8367346938775511,
        "f1-score": 0.8367346938775511,
        "support": 49.0
    },
    "6": {
        "precision": 0.703125,
        "recall": 0.9183673469387755,
        "f1-score": 0.7964601769911505,
        "support": 49.0
    },
    "7": {
        "precision": 0.59375,
        "recall": 0.7755102040816326,
        "f1-score": 0.672566371681416,
        "support": 49.0
    },
    "8": {
        "precision": 0.3466666666666667,
        "recall": 0.5306122448979592,
        "f1-score": 0.41935483870967744,
        "support": 49.0
    },
    "9": {
        "precision": 0.0,
        "recall": 0.0,
        "f1-score": 0.0,
        "support": 49.0
    },
    "accuracy": 0.6938775510204082,
    "macro avg": {
        "precision": 0.6466404356711127,
        "recall": 0.6938775510204082,
        "f1-score": 0.6584186928489377,
        "support": 392.0
    },
    "weighted avg": {
        "precision": 0.6466404356711128,
        "recall": 0.6938775510204082,
        "f1-score": 0.6584186928489377,
        "support": 392.0
    }
}