{
    "1": {
        "precision": 1.0,
        "recall": 1.0,
        "f1-score": 1.0,
        "support": 81.0
    },
    "2": {
        "precision": 1.0,
        "recall": 0.8518518518518519,
        "f1-score": 0.92,
        "support": 81.0
    },
    "3": {
        "precision": 0.8354430379746836,
        "recall": 0.8148148148148148,
        "f1-score": 0.825,
        "support": 81.0
    },
    "4": {
        "precision": 0.7922077922077922,
        "recall": 0.7530864197530864,
        "f1-score": 0.7721518987341772,
        "support": 81.0
    },
    "5": {
        "precision": 0.6875,
        "recall": 0.6790123456790124,
        "f1-score": 0.6832298136645962,
        "support": 81.0
    },
    "6": {
        "precision": 0.5555555555555556,
        "recall": 0.49382716049382713,
        "f1-score": 0.5228758169934641,
        "support": 81.0
    },
    "7": {
        "precision": 0.5357142857142857,
        "recall": 0.5555555555555556,
        "f1-score": 0.5454545454545454,
        "support": 81.0
    },
    "8": {
        "precision": 0.5384615384615384,
        "recall": 0.5185185185185185,
        "f1-score": 0.5283018867924528,
        "support": 81.0
    },
    "9": {
        "precision": 0.5416666666666666,
        "recall": 0.48148148148148145,
        "f1-score": 0.5098039215686274,
        "support": 81.0
    },
    "micro avg": {
        "precision": 0.7196531791907514,
        "recall": 0.6831275720164609,
        "f1-score": 0.7009148486981,
        "support": 729.0
    },
    "macro avg": {
        "precision": 0.7207276529533914,
        "recall": 0.6831275720164609,
        "f1-score": 0.7007575425786514,
        "support": 729.0
    },
    "weighted avg": {
        "precision": 0.7207276529533914,
        "recall": 0.6831275720164609,
        "f1-score": 0.7007575425786514,
        "support": 729.0
    },
    "accuracy": 0.6831275720164609
}