{
    "1": {
        "precision": 0.35348837209302325,
        "recall": 0.9382716049382716,
        "f1-score": 0.5135135135135135,
        "support": 81.0
    },
    "2": {
        "precision": 0.9230769230769231,
        "recall": 0.8888888888888888,
        "f1-score": 0.9056603773584906,
        "support": 81.0
    },
    "3": {
        "precision": 0.797752808988764,
        "recall": 0.8765432098765432,
        "f1-score": 0.8352941176470589,
        "support": 81.0
    },
    "4": {
        "precision": 0.765625,
        "recall": 0.6049382716049383,
        "f1-score": 0.6758620689655173,
        "support": 81.0
    },
    "5": {
        "precision": 0.5797101449275363,
        "recall": 0.49382716049382713,
        "f1-score": 0.5333333333333333,
        "support": 81.0
    },
    "6": {
        "precision": 0.45,
        "recall": 0.2222222222222222,
        "f1-score": 0.2975206611570248,
        "support": 81.0
    },
    "7": {
        "precision": 0.375,
        "recall": 0.6666666666666666,
        "f1-score": 0.48,
        "support": 81.0
    },
    "8": {
        "precision": 0.0,
        "recall": 0.0,
        "f1-score": 0.0,
        "support": 81.0
    },
    "9": {
        "precision": 0.7,
        "recall": 0.25925925925925924,
        "f1-score": 0.3783783783783784,
        "support": 81.0
    },
    "accuracy": 0.5500685871056241,
    "macro avg": {
        "precision": 0.5494059165651385,
        "recall": 0.5500685871056241,
        "f1-score": 0.513284716705924,
        "support": 729.0
    },
    "weighted avg": {
        "precision": 0.5494059165651385,
        "recall": 0.5500685871056241,
        "f1-score": 0.5132847167059241,
        "support": 729.0
    }
}