{
    "1": {
        "precision": 1.0,
        "recall": 0.9670781893004116,
        "f1-score": 0.9832635983263598,
        "support": 243.0
    },
    "2": {
        "precision": 0.9432314410480349,
        "recall": 0.8888888888888888,
        "f1-score": 0.9152542372881356,
        "support": 243.0
    },
    "3": {
        "precision": 0.85,
        "recall": 0.7695473251028807,
        "f1-score": 0.8077753779697624,
        "support": 243.0
    },
    "4": {
        "precision": 0.7070707070707071,
        "recall": 0.8641975308641975,
        "f1-score": 0.7777777777777778,
        "support": 243.0
    },
    "5": {
        "precision": 0.6729323308270677,
        "recall": 0.7366255144032922,
        "f1-score": 0.7033398821218074,
        "support": 243.0
    },
    "6": {
        "precision": 0.41402714932126694,
        "recall": 0.7530864197530864,
        "f1-score": 0.5343065693430656,
        "support": 243.0
    },
    "7": {
        "precision": 0.2532188841201717,
        "recall": 0.24279835390946503,
        "f1-score": 0.24789915966386555,
        "support": 243.0
    },
    "8": {
        "precision": 0.33507853403141363,
        "recall": 0.26337448559670784,
        "f1-score": 0.29493087557603687,
        "support": 243.0
    },
    "9": {
        "precision": 0.8513513513513513,
        "recall": 0.25925925925925924,
        "f1-score": 0.39747634069400634,
        "support": 243.0
    },
    "accuracy": 0.6383173296753544,
    "macro avg": {
        "precision": 0.6696567108633348,
        "recall": 0.6383173296753544,
        "f1-score": 0.6291137576400909,
        "support": 2187.0
    },
    "weighted avg": {
        "precision": 0.6696567108633348,
        "recall": 0.6383173296753544,
        "f1-score": 0.6291137576400908,
        "support": 2187.0
    }
}