{
    "2": {
        "precision": 1.0,
        "recall": 1.0,
        "f1-score": 1.0,
        "support": 49.0
    },
    "3": {
        "precision": 1.0,
        "recall": 0.9795918367346939,
        "f1-score": 0.9896907216494846,
        "support": 49.0
    },
    "4": {
        "precision": 0.9767441860465116,
        "recall": 0.8571428571428571,
        "f1-score": 0.9130434782608695,
        "support": 49.0
    },
    "5": {
        "precision": 0.8297872340425532,
        "recall": 0.7959183673469388,
        "f1-score": 0.8125,
        "support": 49.0
    },
    "6": {
        "precision": 0.7368421052631579,
        "recall": 0.5714285714285714,
        "f1-score": 0.6436781609195402,
        "support": 49.0
    },
    "7": {
        "precision": 0.5897435897435898,
        "recall": 0.9387755102040817,
        "f1-score": 0.7244094488188977,
        "support": 49.0
    },
    "8": {
        "precision": 0.5882352941176471,
        "recall": 0.20408163265306123,
        "f1-score": 0.30303030303030304,
        "support": 49.0
    },
    "9": {
        "precision": 0.6111111111111112,
        "recall": 0.8979591836734694,
        "f1-score": 0.7272727272727273,
        "support": 49.0
    },
    "accuracy": 0.7806122448979592,
    "macro avg": {
        "precision": 0.7915579400405713,
        "recall": 0.7806122448979591,
        "f1-score": 0.7642031049939778,
        "support": 392.0
    },
    "weighted avg": {
        "precision": 0.7915579400405712,
        "recall": 0.7806122448979592,
        "f1-score": 0.7642031049939779,
        "support": 392.0
    }
}