{
    "1": {
        "precision": 1.0,
        "recall": 1.0,
        "f1-score": 1.0,
        "support": 81.0
    },
    "2": {
        "precision": 1.0,
        "recall": 0.9382716049382716,
        "f1-score": 0.9681528662420382,
        "support": 81.0
    },
    "3": {
        "precision": 0.9264705882352942,
        "recall": 0.7777777777777778,
        "f1-score": 0.8456375838926175,
        "support": 81.0
    },
    "4": {
        "precision": 0.7361111111111112,
        "recall": 0.654320987654321,
        "f1-score": 0.6928104575163399,
        "support": 81.0
    },
    "5": {
        "precision": 0.6,
        "recall": 0.5555555555555556,
        "f1-score": 0.5769230769230769,
        "support": 81.0
    },
    "6": {
        "precision": 0.4067796610169492,
        "recall": 0.2962962962962963,
        "f1-score": 0.34285714285714286,
        "support": 81.0
    },
    "7": {
        "precision": 0.37662337662337664,
        "recall": 0.7160493827160493,
        "f1-score": 0.49361702127659574,
        "support": 81.0
    },
    "8": {
        "precision": 0.4725274725274725,
        "recall": 0.5308641975308642,
        "f1-score": 0.5,
        "support": 81.0
    },
    "9": {
        "precision": 0.7924528301886793,
        "recall": 0.5185185185185185,
        "f1-score": 0.6268656716417911,
        "support": 81.0
    },
    "accuracy": 0.6652949245541838,
    "macro avg": {
        "precision": 0.7012183377447647,
        "recall": 0.6652949245541838,
        "f1-score": 0.6718737578166226,
        "support": 729.0
    },
    "weighted avg": {
        "precision": 0.7012183377447648,
        "recall": 0.6652949245541838,
        "f1-score": 0.6718737578166224,
        "support": 729.0
    }
}