{
    "2": {
        "precision": 1.0,
        "recall": 0.9591836734693877,
        "f1-score": 0.9791666666666666,
        "support": 49.0
    },
    "3": {
        "precision": 0.7,
        "recall": 1.0,
        "f1-score": 0.8235294117647058,
        "support": 49.0
    },
    "4": {
        "precision": 0.8928571428571429,
        "recall": 0.5102040816326531,
        "f1-score": 0.6493506493506493,
        "support": 49.0
    },
    "5": {
        "precision": 0.6885245901639344,
        "recall": 0.8571428571428571,
        "f1-score": 0.7636363636363637,
        "support": 49.0
    },
    "6": {
        "precision": 0.0,
        "recall": 0.0,
        "f1-score": 0.0,
        "support": 49.0
    },
    "7": {
        "precision": 0.28654970760233917,
        "recall": 1.0,
        "f1-score": 0.44545454545454544,
        "support": 49.0
    },
    "8": {
        "precision": 0.0,
        "recall": 0.0,
        "f1-score": 0.0,
        "support": 49.0
    },
    "9": {
        "precision": 1.0,
        "recall": 0.30612244897959184,
        "f1-score": 0.46875,
        "support": 49.0
    },
    "accuracy": 0.5790816326530612,
    "macro avg": {
        "precision": 0.5709914300779271,
        "recall": 0.5790816326530612,
        "f1-score": 0.5162359546091164,
        "support": 392.0
    },
    "weighted avg": {
        "precision": 0.5709914300779271,
        "recall": 0.5790816326530612,
        "f1-score": 0.5162359546091163,
        "support": 392.0
    }
}