{
    "1": {
        "precision": 1.0,
        "recall": 1.0,
        "f1-score": 1.0,
        "support": 243.0
    },
    "2": {
        "precision": 0.9681274900398407,
        "recall": 1.0,
        "f1-score": 0.9838056680161943,
        "support": 243.0
    },
    "3": {
        "precision": 0.9073359073359073,
        "recall": 0.9670781893004116,
        "f1-score": 0.9362549800796812,
        "support": 243.0
    },
    "4": {
        "precision": 0.9782608695652174,
        "recall": 0.5555555555555556,
        "f1-score": 0.7086614173228346,
        "support": 243.0
    },
    "5": {
        "precision": 0.6214285714285714,
        "recall": 0.35802469135802467,
        "f1-score": 0.45430809399477806,
        "support": 243.0
    },
    "6": {
        "precision": 0.32920110192837465,
        "recall": 0.9835390946502057,
        "f1-score": 0.4932920536635707,
        "support": 243.0
    },
    "7": {
        "precision": 0.16587677725118483,
        "recall": 0.1440329218106996,
        "f1-score": 0.15418502202643172,
        "support": 243.0
    },
    "8": {
        "precision": 0.37777777777777777,
        "recall": 0.06995884773662552,
        "f1-score": 0.11805555555555555,
        "support": 243.0
    },
    "9": {
        "precision": 0.8275862068965517,
        "recall": 0.5925925925925926,
        "f1-score": 0.6906474820143885,
        "support": 243.0
    },
    "accuracy": 0.6300868770004573,
    "macro avg": {
        "precision": 0.6861771891359363,
        "recall": 0.6300868770004572,
        "f1-score": 0.615467808074826,
        "support": 2187.0
    },
    "weighted avg": {
        "precision": 0.6861771891359363,
        "recall": 0.6300868770004573,
        "f1-score": 0.615467808074826,
        "support": 2187.0
    }
}