{
    "1": {
        "precision": 1.0,
        "recall": 0.7160493827160493,
        "f1-score": 0.8345323741007195,
        "support": 81.0
    },
    "2": {
        "precision": 0.7628865979381443,
        "recall": 0.9135802469135802,
        "f1-score": 0.8314606741573034,
        "support": 81.0
    },
    "3": {
        "precision": 0.9156626506024096,
        "recall": 0.9382716049382716,
        "f1-score": 0.926829268292683,
        "support": 81.0
    },
    "4": {
        "precision": 0.8837209302325582,
        "recall": 0.9382716049382716,
        "f1-score": 0.9101796407185628,
        "support": 81.0
    },
    "5": {
        "precision": 0.875,
        "recall": 0.8641975308641975,
        "f1-score": 0.8695652173913043,
        "support": 81.0
    },
    "6": {
        "precision": 0.6637168141592921,
        "recall": 0.9259259259259259,
        "f1-score": 0.7731958762886598,
        "support": 81.0
    },
    "7": {
        "precision": 0.5425531914893617,
        "recall": 0.6296296296296297,
        "f1-score": 0.5828571428571429,
        "support": 81.0
    },
    "8": {
        "precision": 0.3883495145631068,
        "recall": 0.49382716049382713,
        "f1-score": 0.43478260869565216,
        "support": 81.0
    },
    "9": {
        "precision": 1.0,
        "recall": 0.18518518518518517,
        "f1-score": 0.3125,
        "support": 81.0
    },
    "accuracy": 0.7338820301783264,
    "macro avg": {
        "precision": 0.7813210776649859,
        "recall": 0.7338820301783264,
        "f1-score": 0.7195447558335587,
        "support": 729.0
    },
    "weighted avg": {
        "precision": 0.7813210776649858,
        "recall": 0.7338820301783264,
        "f1-score": 0.7195447558335588,
        "support": 729.0
    }
}