{
    "1": {
        "precision": 1.0,
        "recall": 1.0,
        "f1-score": 1.0,
        "support": 81.0
    },
    "2": {
        "precision": 1.0,
        "recall": 1.0,
        "f1-score": 1.0,
        "support": 81.0
    },
    "3": {
        "precision": 0.9876543209876543,
        "recall": 0.9876543209876543,
        "f1-score": 0.9876543209876543,
        "support": 81.0
    },
    "4": {
        "precision": 0.8876404494382022,
        "recall": 0.9753086419753086,
        "f1-score": 0.9294117647058824,
        "support": 81.0
    },
    "5": {
        "precision": 0.7659574468085106,
        "recall": 0.8888888888888888,
        "f1-score": 0.8228571428571428,
        "support": 81.0
    },
    "6": {
        "precision": 0.6413043478260869,
        "recall": 0.7283950617283951,
        "f1-score": 0.6820809248554913,
        "support": 81.0
    },
    "7": {
        "precision": 0.49504950495049505,
        "recall": 0.6172839506172839,
        "f1-score": 0.5494505494505495,
        "support": 81.0
    },
    "8": {
        "precision": 0.3977272727272727,
        "recall": 0.43209876543209874,
        "f1-score": 0.41420118343195267,
        "support": 81.0
    },
    "9": {
        "precision": 1.0,
        "recall": 0.2716049382716049,
        "f1-score": 0.42718446601941745,
        "support": 81.0
    },
    "accuracy": 0.766803840877915,
    "macro avg": {
        "precision": 0.7972592603042469,
        "recall": 0.766803840877915,
        "f1-score": 0.7569822613675656,
        "support": 729.0
    },
    "weighted avg": {
        "precision": 0.7972592603042469,
        "recall": 0.766803840877915,
        "f1-score": 0.7569822613675655,
        "support": 729.0
    }
}