{
    "2": {
        "precision": 1.0,
        "recall": 0.9387755102040817,
        "f1-score": 0.968421052631579,
        "support": 49.0
    },
    "3": {
        "precision": 0.925,
        "recall": 0.7551020408163265,
        "f1-score": 0.8314606741573034,
        "support": 49.0
    },
    "4": {
        "precision": 0.8166666666666667,
        "recall": 1.0,
        "f1-score": 0.8990825688073395,
        "support": 49.0
    },
    "5": {
        "precision": 0.9736842105263158,
        "recall": 0.7551020408163265,
        "f1-score": 0.8505747126436781,
        "support": 49.0
    },
    "6": {
        "precision": 0.6153846153846154,
        "recall": 0.9795918367346939,
        "f1-score": 0.7559055118110236,
        "support": 49.0
    },
    "7": {
        "precision": 0.4583333333333333,
        "recall": 0.22448979591836735,
        "f1-score": 0.3013698630136986,
        "support": 49.0
    },
    "8": {
        "precision": 0.5,
        "recall": 0.14285714285714285,
        "f1-score": 0.2222222222222222,
        "support": 49.0
    },
    "9": {
        "precision": 0.4782608695652174,
        "recall": 0.8979591836734694,
        "f1-score": 0.624113475177305,
        "support": 49.0
    },
    "accuracy": 0.7117346938775511,
    "macro avg": {
        "precision": 0.7209162119345185,
        "recall": 0.7117346938775511,
        "f1-score": 0.6816437600580187,
        "support": 392.0
    },
    "weighted avg": {
        "precision": 0.7209162119345185,
        "recall": 0.7117346938775511,
        "f1-score": 0.6816437600580186,
        "support": 392.0
    }
}