{
    "2": {
        "precision": 1.0,
        "recall": 0.8367346938775511,
        "f1-score": 0.9111111111111111,
        "support": 49.0
    },
    "3": {
        "precision": 0.8857142857142857,
        "recall": 0.6326530612244898,
        "f1-score": 0.7380952380952381,
        "support": 49.0
    },
    "4": {
        "precision": 0.6086956521739131,
        "recall": 0.8571428571428571,
        "f1-score": 0.711864406779661,
        "support": 49.0
    },
    "5": {
        "precision": 0.8,
        "recall": 0.32653061224489793,
        "f1-score": 0.463768115942029,
        "support": 49.0
    },
    "6": {
        "precision": 0.4186046511627907,
        "recall": 0.7346938775510204,
        "f1-score": 0.5333333333333333,
        "support": 49.0
    },
    "7": {
        "precision": 0.5526315789473685,
        "recall": 0.42857142857142855,
        "f1-score": 0.4827586206896552,
        "support": 49.0
    },
    "8": {
        "precision": 0.5714285714285714,
        "recall": 0.5714285714285714,
        "f1-score": 0.5714285714285714,
        "support": 49.0
    },
    "9": {
        "precision": 0.8518518518518519,
        "recall": 0.9387755102040817,
        "f1-score": 0.8932038834951457,
        "support": 49.0
    },
    "accuracy": 0.6658163265306123,
    "macro avg": {
        "precision": 0.7111158239098476,
        "recall": 0.6658163265306122,
        "f1-score": 0.663195410109343,
        "support": 392.0
    },
    "weighted avg": {
        "precision": 0.7111158239098476,
        "recall": 0.6658163265306123,
        "f1-score": 0.6631954101093431,
        "support": 392.0
    }
}