{
    "2": {
        "precision": 0.7884615384615384,
        "recall": 0.7592592592592593,
        "f1-score": 0.7735849056603774,
        "support": 54.0
    },
    "3": {
        "precision": 0.6415094339622641,
        "recall": 0.5964912280701754,
        "f1-score": 0.6181818181818182,
        "support": 57.0
    },
    "4": {
        "precision": 0.36507936507936506,
        "recall": 0.41818181818181815,
        "f1-score": 0.3898305084745763,
        "support": 55.0
    },
    "5": {
        "precision": 0.17073170731707318,
        "recall": 0.1590909090909091,
        "f1-score": 0.16470588235294117,
        "support": 44.0
    },
    "6": {
        "precision": 0.23636363636363636,
        "recall": 0.22413793103448276,
        "f1-score": 0.23008849557522124,
        "support": 58.0
    },
    "7": {
        "precision": 0.10869565217391304,
        "recall": 0.09615384615384616,
        "f1-score": 0.10204081632653061,
        "support": 52.0
    },
    "8": {
        "precision": 0.14634146341463414,
        "recall": 0.10526315789473684,
        "f1-score": 0.12244897959183673,
        "support": 57.0
    },
    "9": {
        "precision": 0.18461538461538463,
        "recall": 0.2,
        "f1-score": 0.192,
        "support": 60.0
    },
    "10": {
        "precision": 0.14666666666666667,
        "recall": 0.2037037037037037,
        "f1-score": 0.17054263565891473,
        "support": 54.0
    },
    "accuracy": 0.3095723014256619,
    "macro avg": {
        "precision": 0.30982942756160836,
        "recall": 0.30692020593210345,
        "f1-score": 0.30704711575802407,
        "support": 491.0
    },
    "weighted avg": {
        "precision": 0.3124932226635031,
        "recall": 0.3095723014256619,
        "f1-score": 0.30969009101082207,
        "support": 491.0
    }
}