{
    "1": {
        "precision": 0.13253205128205128,
        "recall": 0.4254115226337449,
        "f1-score": 0.20210166177908112,
        "support": 1944.0
    },
    "2": {
        "precision": 0.36674816625916873,
        "recall": 0.15432098765432098,
        "f1-score": 0.2172338884866039,
        "support": 1944.0
    },
    "3": {
        "precision": 0.1502808988764045,
        "recall": 0.11008230452674897,
        "f1-score": 0.12707838479809977,
        "support": 1944.0
    },
    "4": {
        "precision": 0.26322992700729925,
        "recall": 0.2968106995884774,
        "f1-score": 0.2790135396518375,
        "support": 1944.0
    },
    "5": {
        "precision": 0.20807833537331702,
        "recall": 0.0874485596707819,
        "f1-score": 0.1231437884824339,
        "support": 1944.0
    },
    "6": {
        "precision": 0.21406127258444618,
        "recall": 0.2803497942386831,
        "f1-score": 0.24276169265033407,
        "support": 1944.0
    },
    "7": {
        "precision": 0.19857142857142857,
        "recall": 0.07150205761316872,
        "f1-score": 0.10514372163388805,
        "support": 1944.0
    },
    "8": {
        "precision": 0.22541966426858512,
        "recall": 0.14506172839506173,
        "f1-score": 0.17652582159624414,
        "support": 1944.0
    },
    "9": {
        "precision": 0.35610079575596815,
        "recall": 0.2762345679012346,
        "f1-score": 0.3111239860950174,
        "support": 1944.0
    },
    "accuracy": 0.2052469135802469,
    "macro avg": {
        "precision": 0.23500250444207435,
        "recall": 0.20524691358024694,
        "f1-score": 0.19823627613039332,
        "support": 17496.0
    },
    "weighted avg": {
        "precision": 0.2350025044420743,
        "recall": 0.2052469135802469,
        "f1-score": 0.1982362761303933,
        "support": 17496.0
    }
}