{
    "1": {
        "precision": 0.05564142194744977,
        "recall": 0.14814814814814814,
        "f1-score": 0.08089887640449438,
        "support": 243.0
    },
    "2": {
        "precision": 0.75,
        "recall": 0.04938271604938271,
        "f1-score": 0.09266409266409266,
        "support": 243.0
    },
    "3": {
        "precision": 0.375,
        "recall": 0.024691358024691357,
        "f1-score": 0.04633204633204633,
        "support": 243.0
    },
    "4": {
        "precision": 0.0,
        "recall": 0.0,
        "f1-score": 0.0,
        "support": 243.0
    },
    "5": {
        "precision": 0.009111617312072893,
        "recall": 0.01646090534979424,
        "f1-score": 0.011730205278592375,
        "support": 243.0
    },
    "6": {
        "precision": 0.0,
        "recall": 0.0,
        "f1-score": 0.0,
        "support": 243.0
    },
    "7": {
        "precision": 0.10813492063492064,
        "recall": 0.448559670781893,
        "f1-score": 0.17426059152677859,
        "support": 243.0
    },
    "8": {
        "precision": 0.0,
        "recall": 0.0,
        "f1-score": 0.0,
        "support": 243.0
    },
    "9": {
        "precision": 0.29310344827586204,
        "recall": 0.06995884773662552,
        "f1-score": 0.11295681063122924,
        "support": 243.0
    },
    "accuracy": 0.08413351623228166,
    "macro avg": {
        "precision": 0.17677682313003396,
        "recall": 0.08413351623228166,
        "f1-score": 0.05764918031524816,
        "support": 2187.0
    },
    "weighted avg": {
        "precision": 0.17677682313003393,
        "recall": 0.08413351623228166,
        "f1-score": 0.057649180315248176,
        "support": 2187.0
    }
}