{
    "2": {
        "precision": 1.0,
        "recall": 0.9591836734693877,
        "f1-score": 0.9791666666666666,
        "support": 49.0
    },
    "3": {
        "precision": 1.0,
        "recall": 0.8979591836734694,
        "f1-score": 0.946236559139785,
        "support": 49.0
    },
    "4": {
        "precision": 0.9230769230769231,
        "recall": 0.7346938775510204,
        "f1-score": 0.8181818181818182,
        "support": 49.0
    },
    "5": {
        "precision": 0.7916666666666666,
        "recall": 0.3877551020408163,
        "f1-score": 0.5205479452054794,
        "support": 49.0
    },
    "6": {
        "precision": 0.32075471698113206,
        "recall": 0.3469387755102041,
        "f1-score": 0.3333333333333333,
        "support": 49.0
    },
    "7": {
        "precision": 0.7647058823529411,
        "recall": 0.5306122448979592,
        "f1-score": 0.6265060240963856,
        "support": 49.0
    },
    "8": {
        "precision": 0.3431372549019608,
        "recall": 0.7142857142857143,
        "f1-score": 0.46357615894039733,
        "support": 49.0
    },
    "9": {
        "precision": 0.6938775510204082,
        "recall": 0.6938775510204082,
        "f1-score": 0.6938775510204082,
        "support": 49.0
    },
    "accuracy": 0.6581632653061225,
    "macro avg": {
        "precision": 0.7296523743750041,
        "recall": 0.6581632653061225,
        "f1-score": 0.6726782570730342,
        "support": 392.0
    },
    "weighted avg": {
        "precision": 0.729652374375004,
        "recall": 0.6581632653061225,
        "f1-score": 0.6726782570730342,
        "support": 392.0
    }
}