{
    "1": {
        "precision": 0.0,
        "recall": 0.0,
        "f1-score": 0.0,
        "support": 81.0
    },
    "2": {
        "precision": 1.0,
        "recall": 0.06172839506172839,
        "f1-score": 0.11627906976744186,
        "support": 81.0
    },
    "3": {
        "precision": 0.0,
        "recall": 0.0,
        "f1-score": 0.0,
        "support": 81.0
    },
    "4": {
        "precision": 0.13793103448275862,
        "recall": 0.19753086419753085,
        "f1-score": 0.16243654822335024,
        "support": 81.0
    },
    "5": {
        "precision": 0.0,
        "recall": 0.0,
        "f1-score": 0.0,
        "support": 81.0
    },
    "6": {
        "precision": 0.0,
        "recall": 0.0,
        "f1-score": 0.0,
        "support": 81.0
    },
    "7": {
        "precision": 0.0,
        "recall": 0.0,
        "f1-score": 0.0,
        "support": 81.0
    },
    "8": {
        "precision": 0.0,
        "recall": 0.0,
        "f1-score": 0.0,
        "support": 81.0
    },
    "9": {
        "precision": 0.0,
        "recall": 0.0,
        "f1-score": 0.0,
        "support": 81.0
    },
    "accuracy": 0.02880658436213992,
    "macro avg": {
        "precision": 0.12643678160919541,
        "recall": 0.028806584362139915,
        "f1-score": 0.030968401998976897,
        "support": 729.0
    },
    "weighted avg": {
        "precision": 0.1264367816091954,
        "recall": 0.02880658436213992,
        "f1-score": 0.030968401998976897,
        "support": 729.0
    }
}