{
    "1": {
        "precision": 1.0,
        "recall": 0.7037037037037037,
        "f1-score": 0.8260869565217391,
        "support": 81.0
    },
    "2": {
        "precision": 0.7272727272727273,
        "recall": 0.7901234567901234,
        "f1-score": 0.757396449704142,
        "support": 81.0
    },
    "3": {
        "precision": 0.8518518518518519,
        "recall": 0.8518518518518519,
        "f1-score": 0.8518518518518519,
        "support": 81.0
    },
    "4": {
        "precision": 0.8023255813953488,
        "recall": 0.8518518518518519,
        "f1-score": 0.8263473053892215,
        "support": 81.0
    },
    "5": {
        "precision": 0.7176470588235294,
        "recall": 0.7530864197530864,
        "f1-score": 0.7349397590361446,
        "support": 81.0
    },
    "6": {
        "precision": 0.5084745762711864,
        "recall": 0.7407407407407407,
        "f1-score": 0.6030150753768844,
        "support": 81.0
    },
    "7": {
        "precision": 0.25,
        "recall": 0.43209876543209874,
        "f1-score": 0.3167420814479638,
        "support": 81.0
    },
    "8": {
        "precision": 0.2708333333333333,
        "recall": 0.16049382716049382,
        "f1-score": 0.20155038759689922,
        "support": 81.0
    },
    "9": {
        "precision": 0.6153846153846154,
        "recall": 0.19753086419753085,
        "f1-score": 0.29906542056074764,
        "support": 81.0
    },
    "accuracy": 0.6090534979423868,
    "macro avg": {
        "precision": 0.6381988604813993,
        "recall": 0.6090534979423868,
        "f1-score": 0.6018883652761772,
        "support": 729.0
    },
    "weighted avg": {
        "precision": 0.6381988604813992,
        "recall": 0.6090534979423868,
        "f1-score": 0.6018883652761771,
        "support": 729.0
    }
}