{
    "1": {
        "precision": 1.0,
        "recall": 1.0,
        "f1-score": 1.0,
        "support": 243.0
    },
    "2": {
        "precision": 0.9565217391304348,
        "recall": 0.9958847736625515,
        "f1-score": 0.9758064516129032,
        "support": 243.0
    },
    "3": {
        "precision": 0.8949416342412452,
        "recall": 0.9465020576131687,
        "f1-score": 0.92,
        "support": 243.0
    },
    "4": {
        "precision": 0.9906542056074766,
        "recall": 0.43621399176954734,
        "f1-score": 0.6057142857142858,
        "support": 243.0
    },
    "5": {
        "precision": 0.4921875,
        "recall": 0.25925925925925924,
        "f1-score": 0.33962264150943394,
        "support": 243.0
    },
    "6": {
        "precision": 0.2801875732708089,
        "recall": 0.9835390946502057,
        "f1-score": 0.43613138686131386,
        "support": 243.0
    },
    "7": {
        "precision": 0.11176470588235295,
        "recall": 0.07818930041152264,
        "f1-score": 0.09200968523002422,
        "support": 243.0
    },
    "8": {
        "precision": 0.3076923076923077,
        "recall": 0.03292181069958848,
        "f1-score": 0.05947955390334572,
        "support": 243.0
    },
    "9": {
        "precision": 0.8333333333333334,
        "recall": 0.51440329218107,
        "f1-score": 0.6361323155216285,
        "support": 243.0
    },
    "accuracy": 0.5829903978052127,
    "macro avg": {
        "precision": 0.6519203332397733,
        "recall": 0.5829903978052127,
        "f1-score": 0.5627662578169927,
        "support": 2187.0
    },
    "weighted avg": {
        "precision": 0.6519203332397733,
        "recall": 0.5829903978052127,
        "f1-score": 0.5627662578169927,
        "support": 2187.0
    }
}