{
    "2": {
        "precision": 1.0,
        "recall": 1.0,
        "f1-score": 1.0,
        "support": 49.0
    },
    "3": {
        "precision": 1.0,
        "recall": 0.7551020408163265,
        "f1-score": 0.8604651162790697,
        "support": 49.0
    },
    "4": {
        "precision": 0.8032786885245902,
        "recall": 1.0,
        "f1-score": 0.8909090909090909,
        "support": 49.0
    },
    "5": {
        "precision": 1.0,
        "recall": 0.061224489795918366,
        "f1-score": 0.11538461538461539,
        "support": 49.0
    },
    "6": {
        "precision": 0.48514851485148514,
        "recall": 1.0,
        "f1-score": 0.6533333333333333,
        "support": 49.0
    },
    "7": {
        "precision": 0.6909090909090909,
        "recall": 0.7755102040816326,
        "f1-score": 0.7307692307692307,
        "support": 49.0
    },
    "8": {
        "precision": 0.5434782608695652,
        "recall": 0.5102040816326531,
        "f1-score": 0.5263157894736842,
        "support": 49.0
    },
    "9": {
        "precision": 0.825,
        "recall": 0.673469387755102,
        "f1-score": 0.7415730337078652,
        "support": 49.0
    },
    "accuracy": 0.7219387755102041,
    "macro avg": {
        "precision": 0.7934768193943413,
        "recall": 0.721938775510204,
        "f1-score": 0.6898437762321112,
        "support": 392.0
    },
    "weighted avg": {
        "precision": 0.7934768193943416,
        "recall": 0.7219387755102041,
        "f1-score": 0.6898437762321112,
        "support": 392.0
    }
}