{
    "2": {
        "precision": 1.0,
        "recall": 0.9259259259259259,
        "f1-score": 0.9615384615384616,
        "support": 54.0
    },
    "3": {
        "precision": 0.9166666666666666,
        "recall": 0.9649122807017544,
        "f1-score": 0.9401709401709402,
        "support": 57.0
    },
    "4": {
        "precision": 0.8852459016393442,
        "recall": 0.9818181818181818,
        "f1-score": 0.9310344827586207,
        "support": 55.0
    },
    "5": {
        "precision": 0.8918918918918919,
        "recall": 0.75,
        "f1-score": 0.8148148148148148,
        "support": 44.0
    },
    "6": {
        "precision": 0.8103448275862069,
        "recall": 0.8103448275862069,
        "f1-score": 0.8103448275862069,
        "support": 58.0
    },
    "7": {
        "precision": 0.875,
        "recall": 0.6730769230769231,
        "f1-score": 0.7608695652173914,
        "support": 52.0
    },
    "8": {
        "precision": 0.7377049180327869,
        "recall": 0.7894736842105263,
        "f1-score": 0.7627118644067796,
        "support": 57.0
    },
    "9": {
        "precision": 0.7761194029850746,
        "recall": 0.8666666666666667,
        "f1-score": 0.8188976377952756,
        "support": 60.0
    },
    "10": {
        "precision": 0.8148148148148148,
        "recall": 0.4074074074074074,
        "f1-score": 0.5432098765432098,
        "support": 54.0
    },
    "micro avg": {
        "precision": 0.8524945770065075,
        "recall": 0.8004073319755601,
        "f1-score": 0.8256302521008403,
        "support": 491.0
    },
    "macro avg": {
        "precision": 0.8564209359574206,
        "recall": 0.7966250997103992,
        "f1-score": 0.8159547189813,
        "support": 491.0
    },
    "weighted avg": {
        "precision": 0.8539676422411008,
        "recall": 0.8004073319755601,
        "f1-score": 0.8168605991444748,
        "support": 491.0
    },
    "accuracy": 0.8004073319755601
}