{
    "2": {
        "precision": 1.0,
        "recall": 1.0,
        "f1-score": 1.0,
        "support": 49.0
    },
    "3": {
        "precision": 1.0,
        "recall": 1.0,
        "f1-score": 1.0,
        "support": 49.0
    },
    "4": {
        "precision": 0.7903225806451613,
        "recall": 1.0,
        "f1-score": 0.8828828828828829,
        "support": 49.0
    },
    "5": {
        "precision": 1.0,
        "recall": 0.7142857142857143,
        "f1-score": 0.8333333333333334,
        "support": 49.0
    },
    "6": {
        "precision": 0.5632183908045977,
        "recall": 1.0,
        "f1-score": 0.7205882352941176,
        "support": 49.0
    },
    "7": {
        "precision": 0.33962264150943394,
        "recall": 0.3673469387755102,
        "f1-score": 0.35294117647058826,
        "support": 49.0
    },
    "8": {
        "precision": 1.0,
        "recall": 0.04081632653061224,
        "f1-score": 0.0784313725490196,
        "support": 49.0
    },
    "9": {
        "precision": 0.8909090909090909,
        "recall": 1.0,
        "f1-score": 0.9423076923076923,
        "support": 49.0
    },
    "accuracy": 0.7653061224489796,
    "macro avg": {
        "precision": 0.8230090879835354,
        "recall": 0.7653061224489797,
        "f1-score": 0.7263105866047042,
        "support": 392.0
    },
    "weighted avg": {
        "precision": 0.8230090879835354,
        "recall": 0.7653061224489796,
        "f1-score": 0.7263105866047043,
        "support": 392.0
    }
}