{
    "2": {
        "precision": 1.0,
        "recall": 0.22448979591836735,
        "f1-score": 0.36666666666666664,
        "support": 49.0
    },
    "3": {
        "precision": 0.4166666666666667,
        "recall": 0.40816326530612246,
        "f1-score": 0.41237113402061853,
        "support": 49.0
    },
    "4": {
        "precision": 0.3783783783783784,
        "recall": 0.2857142857142857,
        "f1-score": 0.32558139534883723,
        "support": 49.0
    },
    "5": {
        "precision": 0.6296296296296297,
        "recall": 0.3469387755102041,
        "f1-score": 0.4473684210526316,
        "support": 49.0
    },
    "6": {
        "precision": 0.273972602739726,
        "recall": 0.40816326530612246,
        "f1-score": 0.32786885245901637,
        "support": 49.0
    },
    "7": {
        "precision": 0.3626373626373626,
        "recall": 0.673469387755102,
        "f1-score": 0.4714285714285714,
        "support": 49.0
    },
    "8": {
        "precision": 0.2988505747126437,
        "recall": 0.5306122448979592,
        "f1-score": 0.38235294117647056,
        "support": 49.0
    },
    "9": {
        "precision": 0.3333333333333333,
        "recall": 0.12244897959183673,
        "f1-score": 0.1791044776119403,
        "support": 49.0
    },
    "accuracy": 0.375,
    "macro avg": {
        "precision": 0.4616835685122176,
        "recall": 0.375,
        "f1-score": 0.3640928074705941,
        "support": 392.0
    },
    "weighted avg": {
        "precision": 0.46168356851221753,
        "recall": 0.375,
        "f1-score": 0.36409280747059414,
        "support": 392.0
    }
}