{
    "2": {
        "precision": 1.0,
        "recall": 0.9795918367346939,
        "f1-score": 0.9896907216494846,
        "support": 49.0
    },
    "3": {
        "precision": 0.8596491228070176,
        "recall": 1.0,
        "f1-score": 0.9245283018867925,
        "support": 49.0
    },
    "4": {
        "precision": 1.0,
        "recall": 0.7346938775510204,
        "f1-score": 0.8470588235294118,
        "support": 49.0
    },
    "5": {
        "precision": 0.5769230769230769,
        "recall": 0.9183673469387755,
        "f1-score": 0.7086614173228346,
        "support": 49.0
    },
    "6": {
        "precision": 0.0,
        "recall": 0.0,
        "f1-score": 0.0,
        "support": 49.0
    },
    "7": {
        "precision": 0.3798449612403101,
        "recall": 1.0,
        "f1-score": 0.550561797752809,
        "support": 49.0
    },
    "8": {
        "precision": 0.0,
        "recall": 0.0,
        "f1-score": 0.0,
        "support": 49.0
    },
    "9": {
        "precision": 0.9302325581395349,
        "recall": 0.8163265306122449,
        "f1-score": 0.8695652173913043,
        "support": 49.0
    },
    "accuracy": 0.6811224489795918,
    "macro avg": {
        "precision": 0.5933312148887424,
        "recall": 0.6811224489795918,
        "f1-score": 0.6112582849415796,
        "support": 392.0
    },
    "weighted avg": {
        "precision": 0.5933312148887424,
        "recall": 0.6811224489795918,
        "f1-score": 0.6112582849415795,
        "support": 392.0
    }
}