{
    "1": {
        "precision": 1.0,
        "recall": 0.7037037037037037,
        "f1-score": 0.8260869565217391,
        "support": 81.0
    },
    "2": {
        "precision": 0.7362637362637363,
        "recall": 0.8271604938271605,
        "f1-score": 0.7790697674418605,
        "support": 81.0
    },
    "3": {
        "precision": 0.8505747126436781,
        "recall": 0.9135802469135802,
        "f1-score": 0.8809523809523809,
        "support": 81.0
    },
    "4": {
        "precision": 0.8735632183908046,
        "recall": 0.9382716049382716,
        "f1-score": 0.9047619047619048,
        "support": 81.0
    },
    "5": {
        "precision": 0.8571428571428571,
        "recall": 0.8148148148148148,
        "f1-score": 0.8354430379746836,
        "support": 81.0
    },
    "6": {
        "precision": 0.7009345794392523,
        "recall": 0.9259259259259259,
        "f1-score": 0.7978723404255319,
        "support": 81.0
    },
    "7": {
        "precision": 0.6145833333333334,
        "recall": 0.7283950617283951,
        "f1-score": 0.6666666666666666,
        "support": 81.0
    },
    "8": {
        "precision": 0.5053763440860215,
        "recall": 0.5802469135802469,
        "f1-score": 0.5402298850574713,
        "support": 81.0
    },
    "9": {
        "precision": 1.0,
        "recall": 0.41975308641975306,
        "f1-score": 0.591304347826087,
        "support": 81.0
    },
    "accuracy": 0.7613168724279835,
    "macro avg": {
        "precision": 0.7931598645888537,
        "recall": 0.7613168724279835,
        "f1-score": 0.7580430319587028,
        "support": 729.0
    },
    "weighted avg": {
        "precision": 0.7931598645888537,
        "recall": 0.7613168724279835,
        "f1-score": 0.7580430319587029,
        "support": 729.0
    }
}