{
    "2": {
        "precision": 1.0,
        "recall": 1.0,
        "f1-score": 1.0,
        "support": 49.0
    },
    "3": {
        "precision": 1.0,
        "recall": 1.0,
        "f1-score": 1.0,
        "support": 49.0
    },
    "4": {
        "precision": 0.8448275862068966,
        "recall": 1.0,
        "f1-score": 0.9158878504672897,
        "support": 49.0
    },
    "5": {
        "precision": 1.0,
        "recall": 0.7551020408163265,
        "f1-score": 0.8604651162790697,
        "support": 49.0
    },
    "6": {
        "precision": 0.6049382716049383,
        "recall": 1.0,
        "f1-score": 0.7538461538461538,
        "support": 49.0
    },
    "7": {
        "precision": 0.6829268292682927,
        "recall": 0.5714285714285714,
        "f1-score": 0.6222222222222222,
        "support": 49.0
    },
    "8": {
        "precision": 1.0,
        "recall": 0.10204081632653061,
        "f1-score": 0.18518518518518517,
        "support": 49.0
    },
    "9": {
        "precision": 0.6805555555555556,
        "recall": 1.0,
        "f1-score": 0.8099173553719008,
        "support": 49.0
    },
    "accuracy": 0.8035714285714286,
    "macro avg": {
        "precision": 0.8516560303294605,
        "recall": 0.8035714285714285,
        "f1-score": 0.7684404854214777,
        "support": 392.0
    },
    "weighted avg": {
        "precision": 0.8516560303294605,
        "recall": 0.8035714285714286,
        "f1-score": 0.7684404854214777,
        "support": 392.0
    }
}