{
    "1": {
        "precision": 0.9518072289156626,
        "recall": 0.9753086419753086,
        "f1-score": 0.9634146341463414,
        "support": 81.0
    },
    "2": {
        "precision": 1.0,
        "recall": 0.9382716049382716,
        "f1-score": 0.9681528662420382,
        "support": 81.0
    },
    "3": {
        "precision": 0.8539325842696629,
        "recall": 0.9382716049382716,
        "f1-score": 0.8941176470588236,
        "support": 81.0
    },
    "4": {
        "precision": 0.9466666666666667,
        "recall": 0.8765432098765432,
        "f1-score": 0.9102564102564102,
        "support": 81.0
    },
    "5": {
        "precision": 0.8554216867469879,
        "recall": 0.8765432098765432,
        "f1-score": 0.8658536585365854,
        "support": 81.0
    },
    "6": {
        "precision": 0.7407407407407407,
        "recall": 0.7407407407407407,
        "f1-score": 0.7407407407407407,
        "support": 81.0
    },
    "7": {
        "precision": 0.49242424242424243,
        "recall": 0.8024691358024691,
        "f1-score": 0.6103286384976526,
        "support": 81.0
    },
    "8": {
        "precision": 0.36065573770491804,
        "recall": 0.2716049382716049,
        "f1-score": 0.30985915492957744,
        "support": 81.0
    },
    "9": {
        "precision": 0.6938775510204082,
        "recall": 0.41975308641975306,
        "f1-score": 0.5230769230769231,
        "support": 81.0
    },
    "accuracy": 0.7599451303155007,
    "macro avg": {
        "precision": 0.7661696042765878,
        "recall": 0.7599451303155007,
        "f1-score": 0.7539778526094547,
        "support": 729.0
    },
    "weighted avg": {
        "precision": 0.7661696042765878,
        "recall": 0.7599451303155007,
        "f1-score": 0.7539778526094547,
        "support": 729.0
    }
}