{
    "2": {
        "precision": 1.0,
        "recall": 0.9795918367346939,
        "f1-score": 0.9896907216494846,
        "support": 49.0
    },
    "3": {
        "precision": 0.98,
        "recall": 1.0,
        "f1-score": 0.98989898989899,
        "support": 49.0
    },
    "4": {
        "precision": 1.0,
        "recall": 1.0,
        "f1-score": 1.0,
        "support": 49.0
    },
    "5": {
        "precision": 1.0,
        "recall": 0.3877551020408163,
        "f1-score": 0.5588235294117647,
        "support": 49.0
    },
    "6": {
        "precision": 0.5394736842105263,
        "recall": 0.8367346938775511,
        "f1-score": 0.656,
        "support": 49.0
    },
    "7": {
        "precision": 1.0,
        "recall": 0.02040816326530612,
        "f1-score": 0.04,
        "support": 49.0
    },
    "8": {
        "precision": 0.32727272727272727,
        "recall": 0.3673469387755102,
        "f1-score": 0.34615384615384615,
        "support": 49.0
    },
    "9": {
        "precision": 0.26595744680851063,
        "recall": 0.5102040816326531,
        "f1-score": 0.34965034965034963,
        "support": 49.0
    },
    "accuracy": 0.6377551020408163,
    "macro avg": {
        "precision": 0.7640879822864706,
        "recall": 0.6377551020408163,
        "f1-score": 0.6162771795955544,
        "support": 392.0
    },
    "weighted avg": {
        "precision": 0.7640879822864705,
        "recall": 0.6377551020408163,
        "f1-score": 0.6162771795955544,
        "support": 392.0
    }
}