{
    "1": {
        "precision": 0.7833333333333333,
        "recall": 0.9670781893004116,
        "f1-score": 0.8655616942909761,
        "support": 243.0
    },
    "2": {
        "precision": 0.5422077922077922,
        "recall": 0.6872427983539094,
        "f1-score": 0.6061705989110708,
        "support": 243.0
    },
    "3": {
        "precision": 0.3755868544600939,
        "recall": 0.3292181069958848,
        "f1-score": 0.3508771929824561,
        "support": 243.0
    },
    "4": {
        "precision": 0.2037037037037037,
        "recall": 0.22633744855967078,
        "f1-score": 0.21442495126705652,
        "support": 243.0
    },
    "5": {
        "precision": 0.21212121212121213,
        "recall": 0.05761316872427984,
        "f1-score": 0.09061488673139159,
        "support": 243.0
    },
    "6": {
        "precision": 0.1643835616438356,
        "recall": 0.19753086419753085,
        "f1-score": 0.17943925233644858,
        "support": 243.0
    },
    "7": {
        "precision": 0.20930232558139536,
        "recall": 0.037037037037037035,
        "f1-score": 0.06293706293706294,
        "support": 243.0
    },
    "8": {
        "precision": 0.21715328467153286,
        "recall": 0.4897119341563786,
        "f1-score": 0.3008849557522124,
        "support": 243.0
    },
    "9": {
        "precision": 0.2857142857142857,
        "recall": 0.1728395061728395,
        "f1-score": 0.2153846153846154,
        "support": 243.0
    },
    "accuracy": 0.35162322816643804,
    "macro avg": {
        "precision": 0.33261181704857606,
        "recall": 0.35162322816643804,
        "f1-score": 0.32069946784369896,
        "support": 2187.0
    },
    "weighted avg": {
        "precision": 0.33261181704857606,
        "recall": 0.35162322816643804,
        "f1-score": 0.32069946784369896,
        "support": 2187.0
    }
}