{
    "1": {
        "precision": 0.9958677685950413,
        "recall": 0.9917695473251029,
        "f1-score": 0.9938144329896907,
        "support": 243.0
    },
    "2": {
        "precision": 0.6788732394366197,
        "recall": 0.9917695473251029,
        "f1-score": 0.8060200668896321,
        "support": 243.0
    },
    "3": {
        "precision": 0.9788732394366197,
        "recall": 0.5720164609053497,
        "f1-score": 0.7220779220779221,
        "support": 243.0
    },
    "4": {
        "precision": 0.8214285714285714,
        "recall": 0.09465020576131687,
        "f1-score": 0.16974169741697417,
        "support": 243.0
    },
    "5": {
        "precision": 0.32413793103448274,
        "recall": 0.1934156378600823,
        "f1-score": 0.2422680412371134,
        "support": 243.0
    },
    "6": {
        "precision": 0.2537634408602151,
        "recall": 0.9711934156378601,
        "f1-score": 0.40238704177323104,
        "support": 243.0
    },
    "7": {
        "precision": 0.34782608695652173,
        "recall": 0.09876543209876543,
        "f1-score": 0.15384615384615385,
        "support": 243.0
    },
    "8": {
        "precision": 0.4,
        "recall": 0.01646090534979424,
        "f1-score": 0.03162055335968379,
        "support": 243.0
    },
    "9": {
        "precision": 0.706766917293233,
        "recall": 0.7736625514403292,
        "f1-score": 0.7387033398821218,
        "support": 243.0
    },
    "accuracy": 0.522633744855967,
    "macro avg": {
        "precision": 0.6119485772268116,
        "recall": 0.5226337448559671,
        "f1-score": 0.47338658327472477,
        "support": 2187.0
    },
    "weighted avg": {
        "precision": 0.6119485772268116,
        "recall": 0.522633744855967,
        "f1-score": 0.47338658327472477,
        "support": 2187.0
    }
}