{
    "1": {
        "precision": 1.0,
        "recall": 1.0,
        "f1-score": 1.0,
        "support": 81.0
    },
    "2": {
        "precision": 1.0,
        "recall": 0.9135802469135802,
        "f1-score": 0.9548387096774194,
        "support": 81.0
    },
    "3": {
        "precision": 0.8831168831168831,
        "recall": 0.8395061728395061,
        "f1-score": 0.8607594936708861,
        "support": 81.0
    },
    "4": {
        "precision": 0.8,
        "recall": 0.8888888888888888,
        "f1-score": 0.8421052631578947,
        "support": 81.0
    },
    "5": {
        "precision": 0.7555555555555555,
        "recall": 0.8395061728395061,
        "f1-score": 0.7953216374269005,
        "support": 81.0
    },
    "6": {
        "precision": 0.7083333333333334,
        "recall": 0.41975308641975306,
        "f1-score": 0.5271317829457365,
        "support": 81.0
    },
    "7": {
        "precision": 0.45714285714285713,
        "recall": 0.7901234567901234,
        "f1-score": 0.579185520361991,
        "support": 81.0
    },
    "8": {
        "precision": 0.43902439024390244,
        "recall": 0.4444444444444444,
        "f1-score": 0.44171779141104295,
        "support": 81.0
    },
    "9": {
        "precision": 0.7446808510638298,
        "recall": 0.43209876543209874,
        "f1-score": 0.546875,
        "support": 81.0
    },
    "accuracy": 0.7297668038408779,
    "macro avg": {
        "precision": 0.7542059856062624,
        "recall": 0.7297668038408779,
        "f1-score": 0.7275483554057636,
        "support": 729.0
    },
    "weighted avg": {
        "precision": 0.7542059856062624,
        "recall": 0.7297668038408779,
        "f1-score": 0.7275483554057635,
        "support": 729.0
    }
}